Files: cape_CSAM-3_ERA5_evaluation_r1i1p1f1_ICTP_RegCM5-0_v1-r1_1hr_200001010100-200001020000.nc
cape_CSAM-3_ERA5_evaluation_r1i1p1f1_ICTP_RegCM5-0_v1-r1_1hr_200001020100-200001030000.nc
cape_CSAM-3_ERA5_evaluation_r1i1p1f1_ICTP_RegCM5-0_v1-r1_1hr_200001030100-200001040000.nc
cape_CSAM-3_ERA5_evaluation_r1i1p1f1_ICTP_RegCM5-0_v1-r1_1hr_200001040100-200001050000.nc
cape_CSAM-3_ERA5_evaluation_r1i1p1f1_ICTP_RegCM5-0_v1-r1_1hr_200001050100-200001060000.nc
cape_CSAM-3_ERA5_evaluation_r1i1p1f1_ICTP_RegCM5-0_v1-r1_1hr_200001060100-200001070000.nc
cape_CSAM-3_ERA5_evaluation_r1i1p1f1_ICTP_RegCM5-0_v1-r1_1hr_200001070100-200001080000.nc
cape_CSAM-3_ERA5_evaluation_r1i1p1f1_ICTP_RegCM5-0_v1-r1_1hr_200001080100-200001090000.nc
cape_CSAM-3_ERA5_evaluation_r1i1p1f1_ICTP_RegCM5-0_v1-r1_1hr_200001090100-200001100000.nc
cape_CSAM-3_ERA5_evaluation_r1i1p1f1_ICTP_RegCM5-0_v1-r1_1hr_200001100100-200001110000.nc
cape_CSAM-3_ERA5_evaluation_r1i1p1f1_ICTP_RegCM5-0_v1-r1_1hr_200001110100-200001120000.nc
cape_CSAM-3_ERA5_evaluation_r1i1p1f1_ICTP_RegCM5-0_v1-r1_1hr_200001120100-200001130000.nc
cape_CSAM-3_ERA5_evaluation_r1i1p1f1_ICTP_RegCM5-0_v1-r1_1hr_200001130100-200001140000.nc
cape_CSAM-3_ERA5_evaluation_r1i1p1f1_ICTP_RegCM5-0_v1-r1_1hr_200001140100-200001150000.nc
cape_CSAM-3_ERA5_evaluation_r1i1p1f1_ICTP_RegCM5-0_v1-r1_1hr_200001150100-200001160000.nc
cape_CSAM-3_ERA5_evaluation_r1i1p1f1_ICTP_RegCM5-0_v1-r1_1hr_200001160100-200001170000.nc
cape_CSAM-3_ERA5_evaluation_r1i1p1f1_ICTP_RegCM5-0_v1-r1_1hr_200001170100-200001180000.nc
cape_CSAM-3_ERA5_evaluation_r1i1p1f1_ICTP_RegCM5-0_v1-r1_1hr_200001180100-200001190000.nc
cape_CSAM-3_ERA5_evaluation_r1i1p1f1_ICTP_RegCM5-0_v1-r1_1hr_200001190100-200001200000.nc
cape_CSAM-3_ERA5_evaluation_r1i1p1f1_ICTP_RegCM5-0_v1-r1_1hr_200001200100-200001210000.nc
cape_CSAM-3_ERA5_evaluation_r1i1p1f1_ICTP_RegCM5-0_v1-r1_1hr_200001210100-200001220000.nc
cape_CSAM-3_ERA5_evaluation_r1i1p1f1_ICTP_RegCM5-0_v1-r1_1hr_200001220100-200001230000.nc
cape_CSAM-3_ERA5_evaluation_r1i1p1f1_ICTP_RegCM5-0_v1-r1_1hr_200001230100-200001240000.nc
cape_CSAM-3_ERA5_evaluation_r1i1p1f1_ICTP_RegCM5-0_v1-r1_1hr_200001240100-200001250000.nc
cape_CSAM-3_ERA5_evaluation_r1i1p1f1_ICTP_RegCM5-0_v1-r1_1hr_200001250100-200001260000.nc
cape_CSAM-3_ERA5_evaluation_r1i1p1f1_ICTP_RegCM5-0_v1-r1_1hr_200001260100-200001270000.nc
cape_CSAM-3_ERA5_evaluation_r1i1p1f1_ICTP_RegCM5-0_v1-r1_1hr_200001270100-200001280000.nc
cape_CSAM-3_ERA5_evaluation_r1i1p1f1_ICTP_RegCM5-0_v1-r1_1hr_200001280100-200001290000.nc
cape_CSAM-3_ERA5_evaluation_r1i1p1f1_ICTP_RegCM5-0_v1-r1_1hr_200001290100-200001300000.nc
cape_CSAM-3_ERA5_evaluation_r1i1p1f1_ICTP_RegCM5-0_v1-r1_1hr_200001300100-200001310000.nc
cape_CSAM-3_ERA5_evaluation_r1i1p1f1_ICTP_RegCM5-0_v1-r1_1hr_200001310100-200002010000.nc
cape_CSAM-3_ERA5_evaluation_r1i1p1f1_ICTP_RegCM5-0_v1-r1_1hr_200002010100-200002020000.nc
cape_CSAM-3_ERA5_evaluation_r1i1p1f1_ICTP_RegCM5-0_v1-r1_1hr_200002020100-200002030000.nc
cape_CSAM-3_ERA5_evaluation_r1i1p1f1_ICTP_RegCM5-0_v1-r1_1hr_200002030100-200002040000.nc
cape_CSAM-3_ERA5_evaluation_r1i1p1f1_ICTP_RegCM5-0_v1-r1_1hr_200002040100-200002050000.nc
cape_CSAM-3_ERA5_evaluation_r1i1p1f1_ICTP_RegCM5-0_v1-r1_1hr_200002050100-200002060000.nc
cape_CSAM-3_ERA5_evaluation_r1i1p1f1_ICTP_RegCM5-0_v1-r1_1hr_200002060100-200002070000.nc
cape_CSAM-3_ERA5_evaluation_r1i1p1f1_ICTP_RegCM5-0_v1-r1_1hr_200002070100-200002080000.nc
cape_CSAM-3_ERA5_evaluation_r1i1p1f1_ICTP_RegCM5-0_v1-r1_1hr_200002080100-200002090000.nc
cape_CSAM-3_ERA5_evaluation_r1i1p1f1_ICTP_RegCM5-0_v1-r1_1hr_200002090100-200002100000.nc
cape_CSAM-3_ERA5_evaluation_r1i1p1f1_ICTP_RegCM5-0_v1-r1_1hr_200002100100-200002110000.nc
cape_CSAM-3_ERA5_evaluation_r1i1p1f1_ICTP_RegCM5-0_v1-r1_1hr_200002110100-200002120000.nc
cape_CSAM-3_ERA5_evaluation_r1i1p1f1_ICTP_RegCM5-0_v1-r1_1hr_200002120100-200002130000.nc
cape_CSAM-3_ERA5_evaluation_r1i1p1f1_ICTP_RegCM5-0_v1-r1_1hr_200002130100-200002140000.nc
cape_CSAM-3_ERA5_evaluation_r1i1p1f1_ICTP_RegCM5-0_v1-r1_1hr_200002140100-200002150000.nc
cape_CSAM-3_ERA5_evaluation_r1i1p1f1_ICTP_RegCM5-0_v1-r1_1hr_200002150100-200002160000.nc
cape_CSAM-3_ERA5_evaluation_r1i1p1f1_ICTP_RegCM5-0_v1-r1_1hr_200002160100-200002170000.nc
cape_CSAM-3_ERA5_evaluation_r1i1p1f1_ICTP_RegCM5-0_v1-r1_1hr_200002170100-200002180000.nc
cape_CSAM-3_ERA5_evaluation_r1i1p1f1_ICTP_RegCM5-0_v1-r1_1hr_200002180100-200002190000.nc
cape_CSAM-3_ERA5_evaluation_r1i1p1f1_ICTP_RegCM5-0_v1-r1_1hr_200002190100-200002200000.nc
cape_CSAM-3_ERA5_evaluation_r1i1p1f1_ICTP_RegCM5-0_v1-r1_1hr_200002200100-200002210000.nc
cape_CSAM-3_ERA5_evaluation_r1i1p1f1_ICTP_RegCM5-0_v1-r1_1hr_200002210100-200002220000.nc
cape_CSAM-3_ERA5_evaluation_r1i1p1f1_ICTP_RegCM5-0_v1-r1_1hr_200002220100-200002230000.nc
cape_CSAM-3_ERA5_evaluation_r1i1p1f1_ICTP_RegCM5-0_v1-r1_1hr_200002230100-200002240000.nc
cape_CSAM-3_ERA5_evaluation_r1i1p1f1_ICTP_RegCM5-0_v1-r1_1hr_200002240100-200002250000.nc
cape_CSAM-3_ERA5_evaluation_r1i1p1f1_ICTP_RegCM5-0_v1-r1_1hr_200002250100-200002260000.nc
cape_CSAM-3_ERA5_evaluation_r1i1p1f1_ICTP_RegCM5-0_v1-r1_1hr_200002260100-200002270000.nc
cape_CSAM-3_ERA5_evaluation_r1i1p1f1_ICTP_RegCM5-0_v1-r1_1hr_200002270100-200002280000.nc
cape_CSAM-3_ERA5_evaluation_r1i1p1f1_ICTP_RegCM5-0_v1-r1_1hr_200002280100-200002290000.nc
cape_CSAM-3_ERA5_evaluation_r1i1p1f1_ICTP_RegCM5-0_v1-r1_1hr_200002290100-200003010000.nc
cape_CSAM-3_ERA5_evaluation_r1i1p1f1_ICTP_RegCM5-0_v1-r1_1hr_200003010100-200003020000.nc
cape_CSAM-3_ERA5_evaluation_r1i1p1f1_ICTP_RegCM5-0_v1-r1_1hr_200003020100-200003030000.nc
cape_CSAM-3_ERA5_evaluation_r1i1p1f1_ICTP_RegCM5-0_v1-r1_1hr_200003030100-200003040000.nc
cape_CSAM-3_ERA5_evaluation_r1i1p1f1_ICTP_RegCM5-0_v1-r1_1hr_200003040100-200003050000.nc
cape_CSAM-3_ERA5_evaluation_r1i1p1f1_ICTP_RegCM5-0_v1-r1_1hr_200003050100-200003060000.nc
cape_CSAM-3_ERA5_evaluation_r1i1p1f1_ICTP_RegCM5-0_v1-r1_1hr_200003060100-200003070000.nc
cape_CSAM-3_ERA5_evaluation_r1i1p1f1_ICTP_RegCM5-0_v1-r1_1hr_200003070100-200003080000.nc
cape_CSAM-3_ERA5_evaluation_r1i1p1f1_ICTP_RegCM5-0_v1-r1_1hr_200003080100-200003090000.nc
cape_CSAM-3_ERA5_evaluation_r1i1p1f1_ICTP_RegCM5-0_v1-r1_1hr_200003090100-200003100000.nc
cape_CSAM-3_ERA5_evaluation_r1i1p1f1_ICTP_RegCM5-0_v1-r1_1hr_200003100100-200003110000.nc
cape_CSAM-3_ERA5_evaluation_r1i1p1f1_ICTP_RegCM5-0_v1-r1_1hr_200003110100-200003120000.nc
cape_CSAM-3_ERA5_evaluation_r1i1p1f1_ICTP_RegCM5-0_v1-r1_1hr_200003120100-200003130000.nc
cape_CSAM-3_ERA5_evaluation_r1i1p1f1_ICTP_RegCM5-0_v1-r1_1hr_200003130100-200003140000.nc
cape_CSAM-3_ERA5_evaluation_r1i1p1f1_ICTP_RegCM5-0_v1-r1_1hr_200003140100-200003150000.nc
cape_CSAM-3_ERA5_evaluation_r1i1p1f1_ICTP_RegCM5-0_v1-r1_1hr_200003150100-200003160000.nc
cape_CSAM-3_ERA5_evaluation_r1i1p1f1_ICTP_RegCM5-0_v1-r1_1hr_200003160100-200003170000.nc
cape_CSAM-3_ERA5_evaluation_r1i1p1f1_ICTP_RegCM5-0_v1-r1_1hr_200003170100-200003180000.nc
cape_CSAM-3_ERA5_evaluation_r1i1p1f1_ICTP_RegCM5-0_v1-r1_1hr_200003180100-200003190000.nc
cape_CSAM-3_ERA5_evaluation_r1i1p1f1_ICTP_RegCM5-0_v1-r1_1hr_200003190100-200003200000.nc
cape_CSAM-3_ERA5_evaluation_r1i1p1f1_ICTP_RegCM5-0_v1-r1_1hr_200003200100-200003210000.nc
cape_CSAM-3_ERA5_evaluation_r1i1p1f1_ICTP_RegCM5-0_v1-r1_1hr_200003210100-200003220000.nc
cape_CSAM-3_ERA5_evaluation_r1i1p1f1_ICTP_RegCM5-0_v1-r1_1hr_200003220100-200003230000.nc
cape_CSAM-3_ERA5_evaluation_r1i1p1f1_ICTP_RegCM5-0_v1-r1_1hr_200003230100-200003240000.nc
cape_CSAM-3_ERA5_evaluation_r1i1p1f1_ICTP_RegCM5-0_v1-r1_1hr_200003240100-200003250000.nc
cape_CSAM-3_ERA5_evaluation_r1i1p1f1_ICTP_RegCM5-0_v1-r1_1hr_200003250100-200003260000.nc
cape_CSAM-3_ERA5_evaluation_r1i1p1f1_ICTP_RegCM5-0_v1-r1_1hr_200003260100-200003270000.nc
cape_CSAM-3_ERA5_evaluation_r1i1p1f1_ICTP_RegCM5-0_v1-r1_1hr_200003270100-200003280000.nc
cape_CSAM-3_ERA5_evaluation_r1i1p1f1_ICTP_RegCM5-0_v1-r1_1hr_200003280100-200003290000.nc
cape_CSAM-3_ERA5_evaluation_r1i1p1f1_ICTP_RegCM5-0_v1-r1_1hr_200003290100-200003300000.nc
cape_CSAM-3_ERA5_evaluation_r1i1p1f1_ICTP_RegCM5-0_v1-r1_1hr_200003300100-200003310000.nc
cape_CSAM-3_ERA5_evaluation_r1i1p1f1_ICTP_RegCM5-0_v1-r1_1hr_200003310100-200004010000.nc
cape_CSAM-3_ERA5_evaluation_r1i1p1f1_ICTP_RegCM5-0_v1-r1_1hr_200004010100-200004020000.nc
cape_CSAM-3_ERA5_evaluation_r1i1p1f1_ICTP_RegCM5-0_v1-r1_1hr_200004020100-200004030000.nc
cape_CSAM-3_ERA5_evaluation_r1i1p1f1_ICTP_RegCM5-0_v1-r1_1hr_200004030100-200004040000.nc
cape_CSAM-3_ERA5_evaluation_r1i1p1f1_ICTP_RegCM5-0_v1-r1_1hr_200004040100-200004050000.nc
cape_CSAM-3_ERA5_evaluation_r1i1p1f1_ICTP_RegCM5-0_v1-r1_1hr_200004050100-200004060000.nc
cape_CSAM-3_ERA5_evaluation_r1i1p1f1_ICTP_RegCM5-0_v1-r1_1hr_200004060100-200004070000.nc
cape_CSAM-3_ERA5_evaluation_r1i1p1f1_ICTP_RegCM5-0_v1-r1_1hr_200004070100-200004080000.nc
cape_CSAM-3_ERA5_evaluation_r1i1p1f1_ICTP_RegCM5-0_v1-r1_1hr_200004080100-200004090000.nc
cape_CSAM-3_ERA5_evaluation_r1i1p1f1_ICTP_RegCM5-0_v1-r1_1hr_200004090100-200004100000.nc
cape_CSAM-3_ERA5_evaluation_r1i1p1f1_ICTP_RegCM5-0_v1-r1_1hr_200004100100-200004110000.nc
cape_CSAM-3_ERA5_evaluation_r1i1p1f1_ICTP_RegCM5-0_v1-r1_1hr_200004110100-200004120000.nc
cape_CSAM-3_ERA5_evaluation_r1i1p1f1_ICTP_RegCM5-0_v1-r1_1hr_200004120100-200004130000.nc
cape_CSAM-3_ERA5_evaluation_r1i1p1f1_ICTP_RegCM5-0_v1-r1_1hr_200004130100-200004140000.nc
cape_CSAM-3_ERA5_evaluation_r1i1p1f1_ICTP_RegCM5-0_v1-r1_1hr_200004140100-200004150000.nc
cape_CSAM-3_ERA5_evaluation_r1i1p1f1_ICTP_RegCM5-0_v1-r1_1hr_200004150100-200004160000.nc
cape_CSAM-3_ERA5_evaluation_r1i1p1f1_ICTP_RegCM5-0_v1-r1_1hr_200004160100-200004170000.nc
cape_CSAM-3_ERA5_evaluation_r1i1p1f1_ICTP_RegCM5-0_v1-r1_1hr_200004170100-200004180000.nc
cape_CSAM-3_ERA5_evaluation_r1i1p1f1_ICTP_RegCM5-0_v1-r1_1hr_200004180100-200004190000.nc
cape_CSAM-3_ERA5_evaluation_r1i1p1f1_ICTP_RegCM5-0_v1-r1_1hr_200004190100-200004200000.nc
cape_CSAM-3_ERA5_evaluation_r1i1p1f1_ICTP_RegCM5-0_v1-r1_1hr_200004200100-200004210000.nc
cape_CSAM-3_ERA5_evaluation_r1i1p1f1_ICTP_RegCM5-0_v1-r1_1hr_200004210100-200004220000.nc
cape_CSAM-3_ERA5_evaluation_r1i1p1f1_ICTP_RegCM5-0_v1-r1_1hr_200004220100-200004230000.nc
cape_CSAM-3_ERA5_evaluation_r1i1p1f1_ICTP_RegCM5-0_v1-r1_1hr_200004230100-200004240000.nc
cape_CSAM-3_ERA5_evaluation_r1i1p1f1_ICTP_RegCM5-0_v1-r1_1hr_200004240100-200004250000.nc
cape_CSAM-3_ERA5_evaluation_r1i1p1f1_ICTP_RegCM5-0_v1-r1_1hr_200004250100-200004260000.nc
cape_CSAM-3_ERA5_evaluation_r1i1p1f1_ICTP_RegCM5-0_v1-r1_1hr_200004260100-200004270000.nc
cape_CSAM-3_ERA5_evaluation_r1i1p1f1_ICTP_RegCM5-0_v1-r1_1hr_200004270100-200004280000.nc
cape_CSAM-3_ERA5_evaluation_r1i1p1f1_ICTP_RegCM5-0_v1-r1_1hr_200004280100-200004290000.nc
cape_CSAM-3_ERA5_evaluation_r1i1p1f1_ICTP_RegCM5-0_v1-r1_1hr_200004290100-200004300000.nc
cape_CSAM-3_ERA5_evaluation_r1i1p1f1_ICTP_RegCM5-0_v1-r1_1hr_200004300100-200005010000.nc
cape_CSAM-3_ERA5_evaluation_r1i1p1f1_ICTP_RegCM5-0_v1-r1_1hr_200005010100-200005020000.nc
cape_CSAM-3_ERA5_evaluation_r1i1p1f1_ICTP_RegCM5-0_v1-r1_1hr_200005020100-200005030000.nc
cape_CSAM-3_ERA5_evaluation_r1i1p1f1_ICTP_RegCM5-0_v1-r1_1hr_200005030100-200005040000.nc
cape_CSAM-3_ERA5_evaluation_r1i1p1f1_ICTP_RegCM5-0_v1-r1_1hr_200005040100-200005050000.nc
cape_CSAM-3_ERA5_evaluation_r1i1p1f1_ICTP_RegCM5-0_v1-r1_1hr_200005050100-200005060000.nc
cape_CSAM-3_ERA5_evaluation_r1i1p1f1_ICTP_RegCM5-0_v1-r1_1hr_200005060100-200005070000.nc
cape_CSAM-3_ERA5_evaluation_r1i1p1f1_ICTP_RegCM5-0_v1-r1_1hr_200005070100-200005080000.nc
cape_CSAM-3_ERA5_evaluation_r1i1p1f1_ICTP_RegCM5-0_v1-r1_1hr_200005080100-200005090000.nc
cape_CSAM-3_ERA5_evaluation_r1i1p1f1_ICTP_RegCM5-0_v1-r1_1hr_200005090100-200005100000.nc
cape_CSAM-3_ERA5_evaluation_r1i1p1f1_ICTP_RegCM5-0_v1-r1_1hr_200005100100-200005110000.nc
cape_CSAM-3_ERA5_evaluation_r1i1p1f1_ICTP_RegCM5-0_v1-r1_1hr_200005110100-200005120000.nc
cape_CSAM-3_ERA5_evaluation_r1i1p1f1_ICTP_RegCM5-0_v1-r1_1hr_200005120100-200005130000.nc
cape_CSAM-3_ERA5_evaluation_r1i1p1f1_ICTP_RegCM5-0_v1-r1_1hr_200005130100-200005140000.nc
cape_CSAM-3_ERA5_evaluation_r1i1p1f1_ICTP_RegCM5-0_v1-r1_1hr_200005140100-200005150000.nc
cape_CSAM-3_ERA5_evaluation_r1i1p1f1_ICTP_RegCM5-0_v1-r1_1hr_200005150100-200005160000.nc
cape_CSAM-3_ERA5_evaluation_r1i1p1f1_ICTP_RegCM5-0_v1-r1_1hr_200005160100-200005170000.nc
cape_CSAM-3_ERA5_evaluation_r1i1p1f1_ICTP_RegCM5-0_v1-r1_1hr_200005170100-200005180000.nc
cape_CSAM-3_ERA5_evaluation_r1i1p1f1_ICTP_RegCM5-0_v1-r1_1hr_200005180100-200005190000.nc
cape_CSAM-3_ERA5_evaluation_r1i1p1f1_ICTP_RegCM5-0_v1-r1_1hr_200005190100-200005200000.nc
cape_CSAM-3_ERA5_evaluation_r1i1p1f1_ICTP_RegCM5-0_v1-r1_1hr_200005200100-200005210000.nc
cape_CSAM-3_ERA5_evaluation_r1i1p1f1_ICTP_RegCM5-0_v1-r1_1hr_200005210100-200005220000.nc
cape_CSAM-3_ERA5_evaluation_r1i1p1f1_ICTP_RegCM5-0_v1-r1_1hr_200005220100-200005230000.nc
cape_CSAM-3_ERA5_evaluation_r1i1p1f1_ICTP_RegCM5-0_v1-r1_1hr_200005230100-200005240000.nc
cape_CSAM-3_ERA5_evaluation_r1i1p1f1_ICTP_RegCM5-0_v1-r1_1hr_200005240100-200005250000.nc
cape_CSAM-3_ERA5_evaluation_r1i1p1f1_ICTP_RegCM5-0_v1-r1_1hr_200005250100-200005260000.nc
cape_CSAM-3_ERA5_evaluation_r1i1p1f1_ICTP_RegCM5-0_v1-r1_1hr_200005260100-200005270000.nc
cape_CSAM-3_ERA5_evaluation_r1i1p1f1_ICTP_RegCM5-0_v1-r1_1hr_200005270100-200005280000.nc
cape_CSAM-3_ERA5_evaluation_r1i1p1f1_ICTP_RegCM5-0_v1-r1_1hr_200005280100-200005290000.nc
cape_CSAM-3_ERA5_evaluation_r1i1p1f1_ICTP_RegCM5-0_v1-r1_1hr_200005290100-200005300000.nc
cape_CSAM-3_ERA5_evaluation_r1i1p1f1_ICTP_RegCM5-0_v1-r1_1hr_200005300100-200005310000.nc
cape_CSAM-3_ERA5_evaluation_r1i1p1f1_ICTP_RegCM5-0_v1-r1_1hr_200005310100-200006010000.nc
cape_CSAM-3_ERA5_evaluation_r1i1p1f1_ICTP_RegCM5-0_v1-r1_1hr_200006010100-200006020000.nc
cape_CSAM-3_ERA5_evaluation_r1i1p1f1_ICTP_RegCM5-0_v1-r1_1hr_200006020100-200006030000.nc
cape_CSAM-3_ERA5_evaluation_r1i1p1f1_ICTP_RegCM5-0_v1-r1_1hr_200006030100-200006040000.nc
cape_CSAM-3_ERA5_evaluation_r1i1p1f1_ICTP_RegCM5-0_v1-r1_1hr_200006040100-200006050000.nc
cape_CSAM-3_ERA5_evaluation_r1i1p1f1_ICTP_RegCM5-0_v1-r1_1hr_200006050100-200006060000.nc
cape_CSAM-3_ERA5_evaluation_r1i1p1f1_ICTP_RegCM5-0_v1-r1_1hr_200006060100-200006070000.nc
cape_CSAM-3_ERA5_evaluation_r1i1p1f1_ICTP_RegCM5-0_v1-r1_1hr_200006070100-200006080000.nc
cape_CSAM-3_ERA5_evaluation_r1i1p1f1_ICTP_RegCM5-0_v1-r1_1hr_200006080100-200006090000.nc
cape_CSAM-3_ERA5_evaluation_r1i1p1f1_ICTP_RegCM5-0_v1-r1_1hr_200006090100-200006100000.nc
cape_CSAM-3_ERA5_evaluation_r1i1p1f1_ICTP_RegCM5-0_v1-r1_1hr_200006100100-200006110000.nc
cape_CSAM-3_ERA5_evaluation_r1i1p1f1_ICTP_RegCM5-0_v1-r1_1hr_200006110100-200006120000.nc
cape_CSAM-3_ERA5_evaluation_r1i1p1f1_ICTP_RegCM5-0_v1-r1_1hr_200006120100-200006130000.nc
cape_CSAM-3_ERA5_evaluation_r1i1p1f1_ICTP_RegCM5-0_v1-r1_1hr_200006130100-200006140000.nc
cape_CSAM-3_ERA5_evaluation_r1i1p1f1_ICTP_RegCM5-0_v1-r1_1hr_200006140100-200006150000.nc
cape_CSAM-3_ERA5_evaluation_r1i1p1f1_ICTP_RegCM5-0_v1-r1_1hr_200006150100-200006160000.nc
cape_CSAM-3_ERA5_evaluation_r1i1p1f1_ICTP_RegCM5-0_v1-r1_1hr_200006160100-200006170000.nc
cape_CSAM-3_ERA5_evaluation_r1i1p1f1_ICTP_RegCM5-0_v1-r1_1hr_200006170100-200006180000.nc
cape_CSAM-3_ERA5_evaluation_r1i1p1f1_ICTP_RegCM5-0_v1-r1_1hr_200006180100-200006190000.nc
cape_CSAM-3_ERA5_evaluation_r1i1p1f1_ICTP_RegCM5-0_v1-r1_1hr_200006190100-200006200000.nc
cape_CSAM-3_ERA5_evaluation_r1i1p1f1_ICTP_RegCM5-0_v1-r1_1hr_200006200100-200006210000.nc
cape_CSAM-3_ERA5_evaluation_r1i1p1f1_ICTP_RegCM5-0_v1-r1_1hr_200006210100-200006220000.nc
cape_CSAM-3_ERA5_evaluation_r1i1p1f1_ICTP_RegCM5-0_v1-r1_1hr_200006220100-200006230000.nc
cape_CSAM-3_ERA5_evaluation_r1i1p1f1_ICTP_RegCM5-0_v1-r1_1hr_200006230100-200006240000.nc
cape_CSAM-3_ERA5_evaluation_r1i1p1f1_ICTP_RegCM5-0_v1-r1_1hr_200006240100-200006250000.nc
cape_CSAM-3_ERA5_evaluation_r1i1p1f1_ICTP_RegCM5-0_v1-r1_1hr_200006250100-200006260000.nc
cape_CSAM-3_ERA5_evaluation_r1i1p1f1_ICTP_RegCM5-0_v1-r1_1hr_200006260100-200006270000.nc
cape_CSAM-3_ERA5_evaluation_r1i1p1f1_ICTP_RegCM5-0_v1-r1_1hr_200006270100-200006280000.nc
cape_CSAM-3_ERA5_evaluation_r1i1p1f1_ICTP_RegCM5-0_v1-r1_1hr_200006280100-200006290000.nc
cape_CSAM-3_ERA5_evaluation_r1i1p1f1_ICTP_RegCM5-0_v1-r1_1hr_200006290100-200006300000.nc
cape_CSAM-3_ERA5_evaluation_r1i1p1f1_ICTP_RegCM5-0_v1-r1_1hr_200006300100-200007010000.nc
cape_CSAM-3_ERA5_evaluation_r1i1p1f1_ICTP_RegCM5-0_v1-r1_1hr_200007010100-200007020000.nc
cape_CSAM-3_ERA5_evaluation_r1i1p1f1_ICTP_RegCM5-0_v1-r1_1hr_200007020100-200007030000.nc
cape_CSAM-3_ERA5_evaluation_r1i1p1f1_ICTP_RegCM5-0_v1-r1_1hr_200007030100-200007040000.nc
cape_CSAM-3_ERA5_evaluation_r1i1p1f1_ICTP_RegCM5-0_v1-r1_1hr_200007040100-200007050000.nc
cape_CSAM-3_ERA5_evaluation_r1i1p1f1_ICTP_RegCM5-0_v1-r1_1hr_200007050100-200007060000.nc
cape_CSAM-3_ERA5_evaluation_r1i1p1f1_ICTP_RegCM5-0_v1-r1_1hr_200007060100-200007070000.nc
cape_CSAM-3_ERA5_evaluation_r1i1p1f1_ICTP_RegCM5-0_v1-r1_1hr_200007070100-200007080000.nc
cape_CSAM-3_ERA5_evaluation_r1i1p1f1_ICTP_RegCM5-0_v1-r1_1hr_200007080100-200007090000.nc
cape_CSAM-3_ERA5_evaluation_r1i1p1f1_ICTP_RegCM5-0_v1-r1_1hr_200007090100-200007100000.nc
cape_CSAM-3_ERA5_evaluation_r1i1p1f1_ICTP_RegCM5-0_v1-r1_1hr_200007100100-200007110000.nc
cape_CSAM-3_ERA5_evaluation_r1i1p1f1_ICTP_RegCM5-0_v1-r1_1hr_200007110100-200007120000.nc
cape_CSAM-3_ERA5_evaluation_r1i1p1f1_ICTP_RegCM5-0_v1-r1_1hr_200007120100-200007130000.nc
cape_CSAM-3_ERA5_evaluation_r1i1p1f1_ICTP_RegCM5-0_v1-r1_1hr_200007130100-200007140000.nc
cape_CSAM-3_ERA5_evaluation_r1i1p1f1_ICTP_RegCM5-0_v1-r1_1hr_200007140100-200007150000.nc
cape_CSAM-3_ERA5_evaluation_r1i1p1f1_ICTP_RegCM5-0_v1-r1_1hr_200007150100-200007160000.nc
cape_CSAM-3_ERA5_evaluation_r1i1p1f1_ICTP_RegCM5-0_v1-r1_1hr_200007160100-200007170000.nc
cape_CSAM-3_ERA5_evaluation_r1i1p1f1_ICTP_RegCM5-0_v1-r1_1hr_200007170100-200007180000.nc
cape_CSAM-3_ERA5_evaluation_r1i1p1f1_ICTP_RegCM5-0_v1-r1_1hr_200007180100-200007190000.nc
cape_CSAM-3_ERA5_evaluation_r1i1p1f1_ICTP_RegCM5-0_v1-r1_1hr_200007190100-200007200000.nc
cape_CSAM-3_ERA5_evaluation_r1i1p1f1_ICTP_RegCM5-0_v1-r1_1hr_200007200100-200007210000.nc
cape_CSAM-3_ERA5_evaluation_r1i1p1f1_ICTP_RegCM5-0_v1-r1_1hr_200007210100-200007220000.nc
cape_CSAM-3_ERA5_evaluation_r1i1p1f1_ICTP_RegCM5-0_v1-r1_1hr_200007220100-200007230000.nc
cape_CSAM-3_ERA5_evaluation_r1i1p1f1_ICTP_RegCM5-0_v1-r1_1hr_200007230100-200007240000.nc
cape_CSAM-3_ERA5_evaluation_r1i1p1f1_ICTP_RegCM5-0_v1-r1_1hr_200007240100-200007250000.nc
cape_CSAM-3_ERA5_evaluation_r1i1p1f1_ICTP_RegCM5-0_v1-r1_1hr_200007250100-200007260000.nc
cape_CSAM-3_ERA5_evaluation_r1i1p1f1_ICTP_RegCM5-0_v1-r1_1hr_200007260100-200007270000.nc
cape_CSAM-3_ERA5_evaluation_r1i1p1f1_ICTP_RegCM5-0_v1-r1_1hr_200007270100-200007280000.nc
cape_CSAM-3_ERA5_evaluation_r1i1p1f1_ICTP_RegCM5-0_v1-r1_1hr_200007280100-200007290000.nc
cape_CSAM-3_ERA5_evaluation_r1i1p1f1_ICTP_RegCM5-0_v1-r1_1hr_200007290100-200007300000.nc
cape_CSAM-3_ERA5_evaluation_r1i1p1f1_ICTP_RegCM5-0_v1-r1_1hr_200007300100-200007310000.nc
cape_CSAM-3_ERA5_evaluation_r1i1p1f1_ICTP_RegCM5-0_v1-r1_1hr_200007310100-200008010000.nc
cape_CSAM-3_ERA5_evaluation_r1i1p1f1_ICTP_RegCM5-0_v1-r1_1hr_200008010100-200008020000.nc
cape_CSAM-3_ERA5_evaluation_r1i1p1f1_ICTP_RegCM5-0_v1-r1_1hr_200008020100-200008030000.nc
cape_CSAM-3_ERA5_evaluation_r1i1p1f1_ICTP_RegCM5-0_v1-r1_1hr_200008030100-200008040000.nc
cape_CSAM-3_ERA5_evaluation_r1i1p1f1_ICTP_RegCM5-0_v1-r1_1hr_200008040100-200008050000.nc
cape_CSAM-3_ERA5_evaluation_r1i1p1f1_ICTP_RegCM5-0_v1-r1_1hr_200008050100-200008060000.nc
cape_CSAM-3_ERA5_evaluation_r1i1p1f1_ICTP_RegCM5-0_v1-r1_1hr_200008060100-200008070000.nc
cape_CSAM-3_ERA5_evaluation_r1i1p1f1_ICTP_RegCM5-0_v1-r1_1hr_200008070100-200008080000.nc
cape_CSAM-3_ERA5_evaluation_r1i1p1f1_ICTP_RegCM5-0_v1-r1_1hr_200008080100-200008090000.nc
cape_CSAM-3_ERA5_evaluation_r1i1p1f1_ICTP_RegCM5-0_v1-r1_1hr_200008090100-200008100000.nc
cape_CSAM-3_ERA5_evaluation_r1i1p1f1_ICTP_RegCM5-0_v1-r1_1hr_200008100100-200008110000.nc
cape_CSAM-3_ERA5_evaluation_r1i1p1f1_ICTP_RegCM5-0_v1-r1_1hr_200008110100-200008120000.nc
cape_CSAM-3_ERA5_evaluation_r1i1p1f1_ICTP_RegCM5-0_v1-r1_1hr_200008120100-200008130000.nc
cape_CSAM-3_ERA5_evaluation_r1i1p1f1_ICTP_RegCM5-0_v1-r1_1hr_200008130100-200008140000.nc
cape_CSAM-3_ERA5_evaluation_r1i1p1f1_ICTP_RegCM5-0_v1-r1_1hr_200008140100-200008150000.nc
cape_CSAM-3_ERA5_evaluation_r1i1p1f1_ICTP_RegCM5-0_v1-r1_1hr_200008150100-200008160000.nc
cape_CSAM-3_ERA5_evaluation_r1i1p1f1_ICTP_RegCM5-0_v1-r1_1hr_200008160100-200008170000.nc
cape_CSAM-3_ERA5_evaluation_r1i1p1f1_ICTP_RegCM5-0_v1-r1_1hr_200008170100-200008180000.nc
cape_CSAM-3_ERA5_evaluation_r1i1p1f1_ICTP_RegCM5-0_v1-r1_1hr_200008180100-200008190000.nc
cape_CSAM-3_ERA5_evaluation_r1i1p1f1_ICTP_RegCM5-0_v1-r1_1hr_200008190100-200008200000.nc
cape_CSAM-3_ERA5_evaluation_r1i1p1f1_ICTP_RegCM5-0_v1-r1_1hr_200008200100-200008210000.nc
cape_CSAM-3_ERA5_evaluation_r1i1p1f1_ICTP_RegCM5-0_v1-r1_1hr_200008210100-200008220000.nc
cape_CSAM-3_ERA5_evaluation_r1i1p1f1_ICTP_RegCM5-0_v1-r1_1hr_200008220100-200008230000.nc
cape_CSAM-3_ERA5_evaluation_r1i1p1f1_ICTP_RegCM5-0_v1-r1_1hr_200008230100-200008240000.nc
cape_CSAM-3_ERA5_evaluation_r1i1p1f1_ICTP_RegCM5-0_v1-r1_1hr_200008240100-200008250000.nc
cape_CSAM-3_ERA5_evaluation_r1i1p1f1_ICTP_RegCM5-0_v1-r1_1hr_200008250100-200008260000.nc
cape_CSAM-3_ERA5_evaluation_r1i1p1f1_ICTP_RegCM5-0_v1-r1_1hr_200008260100-200008270000.nc
cape_CSAM-3_ERA5_evaluation_r1i1p1f1_ICTP_RegCM5-0_v1-r1_1hr_200008270100-200008280000.nc
cape_CSAM-3_ERA5_evaluation_r1i1p1f1_ICTP_RegCM5-0_v1-r1_1hr_200008280100-200008290000.nc
cape_CSAM-3_ERA5_evaluation_r1i1p1f1_ICTP_RegCM5-0_v1-r1_1hr_200008290100-200008300000.nc
cape_CSAM-3_ERA5_evaluation_r1i1p1f1_ICTP_RegCM5-0_v1-r1_1hr_200008300100-200008310000.nc
cape_CSAM-3_ERA5_evaluation_r1i1p1f1_ICTP_RegCM5-0_v1-r1_1hr_200008310100-200009010000.nc
cape_CSAM-3_ERA5_evaluation_r1i1p1f1_ICTP_RegCM5-0_v1-r1_1hr_200009010100-200009020000.nc
cape_CSAM-3_ERA5_evaluation_r1i1p1f1_ICTP_RegCM5-0_v1-r1_1hr_200009020100-200009030000.nc
cape_CSAM-3_ERA5_evaluation_r1i1p1f1_ICTP_RegCM5-0_v1-r1_1hr_200009030100-200009040000.nc
cape_CSAM-3_ERA5_evaluation_r1i1p1f1_ICTP_RegCM5-0_v1-r1_1hr_200009040100-200009050000.nc
cape_CSAM-3_ERA5_evaluation_r1i1p1f1_ICTP_RegCM5-0_v1-r1_1hr_200009050100-200009060000.nc
cape_CSAM-3_ERA5_evaluation_r1i1p1f1_ICTP_RegCM5-0_v1-r1_1hr_200009060100-200009070000.nc
cape_CSAM-3_ERA5_evaluation_r1i1p1f1_ICTP_RegCM5-0_v1-r1_1hr_200009070100-200009080000.nc
cape_CSAM-3_ERA5_evaluation_r1i1p1f1_ICTP_RegCM5-0_v1-r1_1hr_200009080100-200009090000.nc
cape_CSAM-3_ERA5_evaluation_r1i1p1f1_ICTP_RegCM5-0_v1-r1_1hr_200009090100-200009100000.nc
cape_CSAM-3_ERA5_evaluation_r1i1p1f1_ICTP_RegCM5-0_v1-r1_1hr_200009100100-200009110000.nc
cape_CSAM-3_ERA5_evaluation_r1i1p1f1_ICTP_RegCM5-0_v1-r1_1hr_200009110100-200009120000.nc
cape_CSAM-3_ERA5_evaluation_r1i1p1f1_ICTP_RegCM5-0_v1-r1_1hr_200009120100-200009130000.nc
cape_CSAM-3_ERA5_evaluation_r1i1p1f1_ICTP_RegCM5-0_v1-r1_1hr_200009130100-200009140000.nc
cape_CSAM-3_ERA5_evaluation_r1i1p1f1_ICTP_RegCM5-0_v1-r1_1hr_200009140100-200009150000.nc
cape_CSAM-3_ERA5_evaluation_r1i1p1f1_ICTP_RegCM5-0_v1-r1_1hr_200009150100-200009160000.nc
cape_CSAM-3_ERA5_evaluation_r1i1p1f1_ICTP_RegCM5-0_v1-r1_1hr_200009160100-200009170000.nc
cape_CSAM-3_ERA5_evaluation_r1i1p1f1_ICTP_RegCM5-0_v1-r1_1hr_200009170100-200009180000.nc
cape_CSAM-3_ERA5_evaluation_r1i1p1f1_ICTP_RegCM5-0_v1-r1_1hr_200009180100-200009190000.nc
cape_CSAM-3_ERA5_evaluation_r1i1p1f1_ICTP_RegCM5-0_v1-r1_1hr_200009190100-200009200000.nc
cape_CSAM-3_ERA5_evaluation_r1i1p1f1_ICTP_RegCM5-0_v1-r1_1hr_200009200100-200009210000.nc
cape_CSAM-3_ERA5_evaluation_r1i1p1f1_ICTP_RegCM5-0_v1-r1_1hr_200009210100-200009220000.nc
cape_CSAM-3_ERA5_evaluation_r1i1p1f1_ICTP_RegCM5-0_v1-r1_1hr_200009220100-200009230000.nc
cape_CSAM-3_ERA5_evaluation_r1i1p1f1_ICTP_RegCM5-0_v1-r1_1hr_200009230100-200009240000.nc
cape_CSAM-3_ERA5_evaluation_r1i1p1f1_ICTP_RegCM5-0_v1-r1_1hr_200009240100-200009250000.nc
cape_CSAM-3_ERA5_evaluation_r1i1p1f1_ICTP_RegCM5-0_v1-r1_1hr_200009250100-200009260000.nc
cape_CSAM-3_ERA5_evaluation_r1i1p1f1_ICTP_RegCM5-0_v1-r1_1hr_200009260100-200009270000.nc
cape_CSAM-3_ERA5_evaluation_r1i1p1f1_ICTP_RegCM5-0_v1-r1_1hr_200009270100-200009280000.nc
cape_CSAM-3_ERA5_evaluation_r1i1p1f1_ICTP_RegCM5-0_v1-r1_1hr_200009280100-200009290000.nc
cape_CSAM-3_ERA5_evaluation_r1i1p1f1_ICTP_RegCM5-0_v1-r1_1hr_200009290100-200009300000.nc
cape_CSAM-3_ERA5_evaluation_r1i1p1f1_ICTP_RegCM5-0_v1-r1_1hr_200009300100-200010010000.nc
cape_CSAM-3_ERA5_evaluation_r1i1p1f1_ICTP_RegCM5-0_v1-r1_1hr_200010010100-200010020000.nc
cape_CSAM-3_ERA5_evaluation_r1i1p1f1_ICTP_RegCM5-0_v1-r1_1hr_200010020100-200010030000.nc
cape_CSAM-3_ERA5_evaluation_r1i1p1f1_ICTP_RegCM5-0_v1-r1_1hr_200010030100-200010040000.nc
cape_CSAM-3_ERA5_evaluation_r1i1p1f1_ICTP_RegCM5-0_v1-r1_1hr_200010040100-200010050000.nc
cape_CSAM-3_ERA5_evaluation_r1i1p1f1_ICTP_RegCM5-0_v1-r1_1hr_200010050100-200010060000.nc
cape_CSAM-3_ERA5_evaluation_r1i1p1f1_ICTP_RegCM5-0_v1-r1_1hr_200010060100-200010070000.nc
cape_CSAM-3_ERA5_evaluation_r1i1p1f1_ICTP_RegCM5-0_v1-r1_1hr_200010070100-200010080000.nc
cape_CSAM-3_ERA5_evaluation_r1i1p1f1_ICTP_RegCM5-0_v1-r1_1hr_200010080100-200010090000.nc
cape_CSAM-3_ERA5_evaluation_r1i1p1f1_ICTP_RegCM5-0_v1-r1_1hr_200010090100-200010100000.nc
cape_CSAM-3_ERA5_evaluation_r1i1p1f1_ICTP_RegCM5-0_v1-r1_1hr_200010100100-200010110000.nc
cape_CSAM-3_ERA5_evaluation_r1i1p1f1_ICTP_RegCM5-0_v1-r1_1hr_200010110100-200010120000.nc
cape_CSAM-3_ERA5_evaluation_r1i1p1f1_ICTP_RegCM5-0_v1-r1_1hr_200010120100-200010130000.nc
cape_CSAM-3_ERA5_evaluation_r1i1p1f1_ICTP_RegCM5-0_v1-r1_1hr_200010130100-200010140000.nc
cape_CSAM-3_ERA5_evaluation_r1i1p1f1_ICTP_RegCM5-0_v1-r1_1hr_200010140100-200010150000.nc
cape_CSAM-3_ERA5_evaluation_r1i1p1f1_ICTP_RegCM5-0_v1-r1_1hr_200010150100-200010160000.nc
cape_CSAM-3_ERA5_evaluation_r1i1p1f1_ICTP_RegCM5-0_v1-r1_1hr_200010160100-200010170000.nc
cape_CSAM-3_ERA5_evaluation_r1i1p1f1_ICTP_RegCM5-0_v1-r1_1hr_200010170100-200010180000.nc
cape_CSAM-3_ERA5_evaluation_r1i1p1f1_ICTP_RegCM5-0_v1-r1_1hr_200010180100-200010190000.nc
cape_CSAM-3_ERA5_evaluation_r1i1p1f1_ICTP_RegCM5-0_v1-r1_1hr_200010190100-200010200000.nc
cape_CSAM-3_ERA5_evaluation_r1i1p1f1_ICTP_RegCM5-0_v1-r1_1hr_200010200100-200010210000.nc
cape_CSAM-3_ERA5_evaluation_r1i1p1f1_ICTP_RegCM5-0_v1-r1_1hr_200010210100-200010220000.nc
cape_CSAM-3_ERA5_evaluation_r1i1p1f1_ICTP_RegCM5-0_v1-r1_1hr_200010220100-200010230000.nc
cape_CSAM-3_ERA5_evaluation_r1i1p1f1_ICTP_RegCM5-0_v1-r1_1hr_200010230100-200010240000.nc
cape_CSAM-3_ERA5_evaluation_r1i1p1f1_ICTP_RegCM5-0_v1-r1_1hr_200010240100-200010250000.nc
cape_CSAM-3_ERA5_evaluation_r1i1p1f1_ICTP_RegCM5-0_v1-r1_1hr_200010250100-200010260000.nc
cape_CSAM-3_ERA5_evaluation_r1i1p1f1_ICTP_RegCM5-0_v1-r1_1hr_200010260100-200010270000.nc
cape_CSAM-3_ERA5_evaluation_r1i1p1f1_ICTP_RegCM5-0_v1-r1_1hr_200010270100-200010280000.nc
cape_CSAM-3_ERA5_evaluation_r1i1p1f1_ICTP_RegCM5-0_v1-r1_1hr_200010280100-200010290000.nc
cape_CSAM-3_ERA5_evaluation_r1i1p1f1_ICTP_RegCM5-0_v1-r1_1hr_200010290100-200010300000.nc
cape_CSAM-3_ERA5_evaluation_r1i1p1f1_ICTP_RegCM5-0_v1-r1_1hr_200010300100-200010310000.nc
cape_CSAM-3_ERA5_evaluation_r1i1p1f1_ICTP_RegCM5-0_v1-r1_1hr_200010310100-200011010000.nc
cape_CSAM-3_ERA5_evaluation_r1i1p1f1_ICTP_RegCM5-0_v1-r1_1hr_200011010100-200011020000.nc
cape_CSAM-3_ERA5_evaluation_r1i1p1f1_ICTP_RegCM5-0_v1-r1_1hr_200011020100-200011030000.nc
cape_CSAM-3_ERA5_evaluation_r1i1p1f1_ICTP_RegCM5-0_v1-r1_1hr_200011030100-200011040000.nc
cape_CSAM-3_ERA5_evaluation_r1i1p1f1_ICTP_RegCM5-0_v1-r1_1hr_200011040100-200011050000.nc
cape_CSAM-3_ERA5_evaluation_r1i1p1f1_ICTP_RegCM5-0_v1-r1_1hr_200011050100-200011060000.nc
cape_CSAM-3_ERA5_evaluation_r1i1p1f1_ICTP_RegCM5-0_v1-r1_1hr_200011060100-200011070000.nc
cape_CSAM-3_ERA5_evaluation_r1i1p1f1_ICTP_RegCM5-0_v1-r1_1hr_200011070100-200011080000.nc
cape_CSAM-3_ERA5_evaluation_r1i1p1f1_ICTP_RegCM5-0_v1-r1_1hr_200011080100-200011090000.nc
cape_CSAM-3_ERA5_evaluation_r1i1p1f1_ICTP_RegCM5-0_v1-r1_1hr_200011090100-200011100000.nc
cape_CSAM-3_ERA5_evaluation_r1i1p1f1_ICTP_RegCM5-0_v1-r1_1hr_200011100100-200011110000.nc
cape_CSAM-3_ERA5_evaluation_r1i1p1f1_ICTP_RegCM5-0_v1-r1_1hr_200011110100-200011120000.nc
cape_CSAM-3_ERA5_evaluation_r1i1p1f1_ICTP_RegCM5-0_v1-r1_1hr_200011120100-200011130000.nc
cape_CSAM-3_ERA5_evaluation_r1i1p1f1_ICTP_RegCM5-0_v1-r1_1hr_200011130100-200011140000.nc
cape_CSAM-3_ERA5_evaluation_r1i1p1f1_ICTP_RegCM5-0_v1-r1_1hr_200011140100-200011150000.nc
cape_CSAM-3_ERA5_evaluation_r1i1p1f1_ICTP_RegCM5-0_v1-r1_1hr_200011150100-200011160000.nc
cape_CSAM-3_ERA5_evaluation_r1i1p1f1_ICTP_RegCM5-0_v1-r1_1hr_200011160100-200011170000.nc
cape_CSAM-3_ERA5_evaluation_r1i1p1f1_ICTP_RegCM5-0_v1-r1_1hr_200011170100-200011180000.nc
cape_CSAM-3_ERA5_evaluation_r1i1p1f1_ICTP_RegCM5-0_v1-r1_1hr_200011180100-200011190000.nc
cape_CSAM-3_ERA5_evaluation_r1i1p1f1_ICTP_RegCM5-0_v1-r1_1hr_200011190100-200011200000.nc
cape_CSAM-3_ERA5_evaluation_r1i1p1f1_ICTP_RegCM5-0_v1-r1_1hr_200011200100-200011210000.nc
cape_CSAM-3_ERA5_evaluation_r1i1p1f1_ICTP_RegCM5-0_v1-r1_1hr_200011210100-200011220000.nc
cape_CSAM-3_ERA5_evaluation_r1i1p1f1_ICTP_RegCM5-0_v1-r1_1hr_200011220100-200011230000.nc
cape_CSAM-3_ERA5_evaluation_r1i1p1f1_ICTP_RegCM5-0_v1-r1_1hr_200011230100-200011240000.nc
cape_CSAM-3_ERA5_evaluation_r1i1p1f1_ICTP_RegCM5-0_v1-r1_1hr_200011240100-200011250000.nc
cape_CSAM-3_ERA5_evaluation_r1i1p1f1_ICTP_RegCM5-0_v1-r1_1hr_200011250100-200011260000.nc
cape_CSAM-3_ERA5_evaluation_r1i1p1f1_ICTP_RegCM5-0_v1-r1_1hr_200011260100-200011270000.nc
cape_CSAM-3_ERA5_evaluation_r1i1p1f1_ICTP_RegCM5-0_v1-r1_1hr_200011270100-200011280000.nc
cape_CSAM-3_ERA5_evaluation_r1i1p1f1_ICTP_RegCM5-0_v1-r1_1hr_200011280100-200011290000.nc
cape_CSAM-3_ERA5_evaluation_r1i1p1f1_ICTP_RegCM5-0_v1-r1_1hr_200011290100-200011300000.nc
cape_CSAM-3_ERA5_evaluation_r1i1p1f1_ICTP_RegCM5-0_v1-r1_1hr_200011300100-200012010000.nc
cape_CSAM-3_ERA5_evaluation_r1i1p1f1_ICTP_RegCM5-0_v1-r1_1hr_200012010100-200012020000.nc
cape_CSAM-3_ERA5_evaluation_r1i1p1f1_ICTP_RegCM5-0_v1-r1_1hr_200012020100-200012030000.nc
cape_CSAM-3_ERA5_evaluation_r1i1p1f1_ICTP_RegCM5-0_v1-r1_1hr_200012030100-200012040000.nc
cape_CSAM-3_ERA5_evaluation_r1i1p1f1_ICTP_RegCM5-0_v1-r1_1hr_200012040100-200012050000.nc
cape_CSAM-3_ERA5_evaluation_r1i1p1f1_ICTP_RegCM5-0_v1-r1_1hr_200012050100-200012060000.nc
cape_CSAM-3_ERA5_evaluation_r1i1p1f1_ICTP_RegCM5-0_v1-r1_1hr_200012060100-200012070000.nc
cape_CSAM-3_ERA5_evaluation_r1i1p1f1_ICTP_RegCM5-0_v1-r1_1hr_200012070100-200012080000.nc
cape_CSAM-3_ERA5_evaluation_r1i1p1f1_ICTP_RegCM5-0_v1-r1_1hr_200012080100-200012090000.nc
cape_CSAM-3_ERA5_evaluation_r1i1p1f1_ICTP_RegCM5-0_v1-r1_1hr_200012090100-200012100000.nc
cape_CSAM-3_ERA5_evaluation_r1i1p1f1_ICTP_RegCM5-0_v1-r1_1hr_200012100100-200012110000.nc
cape_CSAM-3_ERA5_evaluation_r1i1p1f1_ICTP_RegCM5-0_v1-r1_1hr_200012110100-200012120000.nc
cape_CSAM-3_ERA5_evaluation_r1i1p1f1_ICTP_RegCM5-0_v1-r1_1hr_200012120100-200012130000.nc
cape_CSAM-3_ERA5_evaluation_r1i1p1f1_ICTP_RegCM5-0_v1-r1_1hr_200012130100-200012140000.nc
cape_CSAM-3_ERA5_evaluation_r1i1p1f1_ICTP_RegCM5-0_v1-r1_1hr_200012140100-200012150000.nc
cape_CSAM-3_ERA5_evaluation_r1i1p1f1_ICTP_RegCM5-0_v1-r1_1hr_200012150100-200012160000.nc
cape_CSAM-3_ERA5_evaluation_r1i1p1f1_ICTP_RegCM5-0_v1-r1_1hr_200012160100-200012170000.nc
cape_CSAM-3_ERA5_evaluation_r1i1p1f1_ICTP_RegCM5-0_v1-r1_1hr_200012170100-200012180000.nc
cape_CSAM-3_ERA5_evaluation_r1i1p1f1_ICTP_RegCM5-0_v1-r1_1hr_200012180100-200012190000.nc
cape_CSAM-3_ERA5_evaluation_r1i1p1f1_ICTP_RegCM5-0_v1-r1_1hr_200012190100-200012200000.nc
cape_CSAM-3_ERA5_evaluation_r1i1p1f1_ICTP_RegCM5-0_v1-r1_1hr_200012200100-200012210000.nc
cape_CSAM-3_ERA5_evaluation_r1i1p1f1_ICTP_RegCM5-0_v1-r1_1hr_200012210100-200012220000.nc
cape_CSAM-3_ERA5_evaluation_r1i1p1f1_ICTP_RegCM5-0_v1-r1_1hr_200012220100-200012230000.nc
cape_CSAM-3_ERA5_evaluation_r1i1p1f1_ICTP_RegCM5-0_v1-r1_1hr_200012230100-200012240000.nc
cape_CSAM-3_ERA5_evaluation_r1i1p1f1_ICTP_RegCM5-0_v1-r1_1hr_200012240100-200012250000.nc
cape_CSAM-3_ERA5_evaluation_r1i1p1f1_ICTP_RegCM5-0_v1-r1_1hr_200012250100-200012260000.nc
cape_CSAM-3_ERA5_evaluation_r1i1p1f1_ICTP_RegCM5-0_v1-r1_1hr_200012260100-200012270000.nc
cape_CSAM-3_ERA5_evaluation_r1i1p1f1_ICTP_RegCM5-0_v1-r1_1hr_200012270100-200012280000.nc
cape_CSAM-3_ERA5_evaluation_r1i1p1f1_ICTP_RegCM5-0_v1-r1_1hr_200012280100-200012290000.nc
cape_CSAM-3_ERA5_evaluation_r1i1p1f1_ICTP_RegCM5-0_v1-r1_1hr_200012290100-200012300000.nc
cape_CSAM-3_ERA5_evaluation_r1i1p1f1_ICTP_RegCM5-0_v1-r1_1hr_200012300100-200012310000.nc
cape_CSAM-3_ERA5_evaluation_r1i1p1f1_ICTP_RegCM5-0_v1-r1_1hr_200012310100-200101010000.nc
Files: cin_CSAM-3_ERA5_evaluation_r1i1p1f1_ICTP_RegCM5-0_v1-r1_1hr_200001010100-200001020000.nc
cin_CSAM-3_ERA5_evaluation_r1i1p1f1_ICTP_RegCM5-0_v1-r1_1hr_200001020100-200001030000.nc
cin_CSAM-3_ERA5_evaluation_r1i1p1f1_ICTP_RegCM5-0_v1-r1_1hr_200001030100-200001040000.nc
cin_CSAM-3_ERA5_evaluation_r1i1p1f1_ICTP_RegCM5-0_v1-r1_1hr_200001040100-200001050000.nc
cin_CSAM-3_ERA5_evaluation_r1i1p1f1_ICTP_RegCM5-0_v1-r1_1hr_200001050100-200001060000.nc
cin_CSAM-3_ERA5_evaluation_r1i1p1f1_ICTP_RegCM5-0_v1-r1_1hr_200001060100-200001070000.nc
cin_CSAM-3_ERA5_evaluation_r1i1p1f1_ICTP_RegCM5-0_v1-r1_1hr_200001070100-200001080000.nc
cin_CSAM-3_ERA5_evaluation_r1i1p1f1_ICTP_RegCM5-0_v1-r1_1hr_200001080100-200001090000.nc
cin_CSAM-3_ERA5_evaluation_r1i1p1f1_ICTP_RegCM5-0_v1-r1_1hr_200001090100-200001100000.nc
cin_CSAM-3_ERA5_evaluation_r1i1p1f1_ICTP_RegCM5-0_v1-r1_1hr_200001100100-200001110000.nc
cin_CSAM-3_ERA5_evaluation_r1i1p1f1_ICTP_RegCM5-0_v1-r1_1hr_200001110100-200001120000.nc
cin_CSAM-3_ERA5_evaluation_r1i1p1f1_ICTP_RegCM5-0_v1-r1_1hr_200001120100-200001130000.nc
cin_CSAM-3_ERA5_evaluation_r1i1p1f1_ICTP_RegCM5-0_v1-r1_1hr_200001130100-200001140000.nc
cin_CSAM-3_ERA5_evaluation_r1i1p1f1_ICTP_RegCM5-0_v1-r1_1hr_200001140100-200001150000.nc
cin_CSAM-3_ERA5_evaluation_r1i1p1f1_ICTP_RegCM5-0_v1-r1_1hr_200001150100-200001160000.nc
cin_CSAM-3_ERA5_evaluation_r1i1p1f1_ICTP_RegCM5-0_v1-r1_1hr_200001160100-200001170000.nc
cin_CSAM-3_ERA5_evaluation_r1i1p1f1_ICTP_RegCM5-0_v1-r1_1hr_200001170100-200001180000.nc
cin_CSAM-3_ERA5_evaluation_r1i1p1f1_ICTP_RegCM5-0_v1-r1_1hr_200001180100-200001190000.nc
cin_CSAM-3_ERA5_evaluation_r1i1p1f1_ICTP_RegCM5-0_v1-r1_1hr_200001190100-200001200000.nc
cin_CSAM-3_ERA5_evaluation_r1i1p1f1_ICTP_RegCM5-0_v1-r1_1hr_200001200100-200001210000.nc
cin_CSAM-3_ERA5_evaluation_r1i1p1f1_ICTP_RegCM5-0_v1-r1_1hr_200001210100-200001220000.nc
cin_CSAM-3_ERA5_evaluation_r1i1p1f1_ICTP_RegCM5-0_v1-r1_1hr_200001220100-200001230000.nc
cin_CSAM-3_ERA5_evaluation_r1i1p1f1_ICTP_RegCM5-0_v1-r1_1hr_200001230100-200001240000.nc
cin_CSAM-3_ERA5_evaluation_r1i1p1f1_ICTP_RegCM5-0_v1-r1_1hr_200001240100-200001250000.nc
cin_CSAM-3_ERA5_evaluation_r1i1p1f1_ICTP_RegCM5-0_v1-r1_1hr_200001250100-200001260000.nc
cin_CSAM-3_ERA5_evaluation_r1i1p1f1_ICTP_RegCM5-0_v1-r1_1hr_200001260100-200001270000.nc
cin_CSAM-3_ERA5_evaluation_r1i1p1f1_ICTP_RegCM5-0_v1-r1_1hr_200001270100-200001280000.nc
cin_CSAM-3_ERA5_evaluation_r1i1p1f1_ICTP_RegCM5-0_v1-r1_1hr_200001280100-200001290000.nc
cin_CSAM-3_ERA5_evaluation_r1i1p1f1_ICTP_RegCM5-0_v1-r1_1hr_200001290100-200001300000.nc
cin_CSAM-3_ERA5_evaluation_r1i1p1f1_ICTP_RegCM5-0_v1-r1_1hr_200001300100-200001310000.nc
cin_CSAM-3_ERA5_evaluation_r1i1p1f1_ICTP_RegCM5-0_v1-r1_1hr_200001310100-200002010000.nc
cin_CSAM-3_ERA5_evaluation_r1i1p1f1_ICTP_RegCM5-0_v1-r1_1hr_200002010100-200002020000.nc
cin_CSAM-3_ERA5_evaluation_r1i1p1f1_ICTP_RegCM5-0_v1-r1_1hr_200002020100-200002030000.nc
cin_CSAM-3_ERA5_evaluation_r1i1p1f1_ICTP_RegCM5-0_v1-r1_1hr_200002030100-200002040000.nc
cin_CSAM-3_ERA5_evaluation_r1i1p1f1_ICTP_RegCM5-0_v1-r1_1hr_200002040100-200002050000.nc
cin_CSAM-3_ERA5_evaluation_r1i1p1f1_ICTP_RegCM5-0_v1-r1_1hr_200002050100-200002060000.nc
cin_CSAM-3_ERA5_evaluation_r1i1p1f1_ICTP_RegCM5-0_v1-r1_1hr_200002060100-200002070000.nc
cin_CSAM-3_ERA5_evaluation_r1i1p1f1_ICTP_RegCM5-0_v1-r1_1hr_200002070100-200002080000.nc
cin_CSAM-3_ERA5_evaluation_r1i1p1f1_ICTP_RegCM5-0_v1-r1_1hr_200002080100-200002090000.nc
cin_CSAM-3_ERA5_evaluation_r1i1p1f1_ICTP_RegCM5-0_v1-r1_1hr_200002090100-200002100000.nc
cin_CSAM-3_ERA5_evaluation_r1i1p1f1_ICTP_RegCM5-0_v1-r1_1hr_200002100100-200002110000.nc
cin_CSAM-3_ERA5_evaluation_r1i1p1f1_ICTP_RegCM5-0_v1-r1_1hr_200002110100-200002120000.nc
cin_CSAM-3_ERA5_evaluation_r1i1p1f1_ICTP_RegCM5-0_v1-r1_1hr_200002120100-200002130000.nc
cin_CSAM-3_ERA5_evaluation_r1i1p1f1_ICTP_RegCM5-0_v1-r1_1hr_200002130100-200002140000.nc
cin_CSAM-3_ERA5_evaluation_r1i1p1f1_ICTP_RegCM5-0_v1-r1_1hr_200002140100-200002150000.nc
cin_CSAM-3_ERA5_evaluation_r1i1p1f1_ICTP_RegCM5-0_v1-r1_1hr_200002150100-200002160000.nc
cin_CSAM-3_ERA5_evaluation_r1i1p1f1_ICTP_RegCM5-0_v1-r1_1hr_200002160100-200002170000.nc
cin_CSAM-3_ERA5_evaluation_r1i1p1f1_ICTP_RegCM5-0_v1-r1_1hr_200002170100-200002180000.nc
cin_CSAM-3_ERA5_evaluation_r1i1p1f1_ICTP_RegCM5-0_v1-r1_1hr_200002180100-200002190000.nc
cin_CSAM-3_ERA5_evaluation_r1i1p1f1_ICTP_RegCM5-0_v1-r1_1hr_200002190100-200002200000.nc
cin_CSAM-3_ERA5_evaluation_r1i1p1f1_ICTP_RegCM5-0_v1-r1_1hr_200002200100-200002210000.nc
cin_CSAM-3_ERA5_evaluation_r1i1p1f1_ICTP_RegCM5-0_v1-r1_1hr_200002210100-200002220000.nc
cin_CSAM-3_ERA5_evaluation_r1i1p1f1_ICTP_RegCM5-0_v1-r1_1hr_200002220100-200002230000.nc
cin_CSAM-3_ERA5_evaluation_r1i1p1f1_ICTP_RegCM5-0_v1-r1_1hr_200002230100-200002240000.nc
cin_CSAM-3_ERA5_evaluation_r1i1p1f1_ICTP_RegCM5-0_v1-r1_1hr_200002240100-200002250000.nc
cin_CSAM-3_ERA5_evaluation_r1i1p1f1_ICTP_RegCM5-0_v1-r1_1hr_200002250100-200002260000.nc
cin_CSAM-3_ERA5_evaluation_r1i1p1f1_ICTP_RegCM5-0_v1-r1_1hr_200002260100-200002270000.nc
cin_CSAM-3_ERA5_evaluation_r1i1p1f1_ICTP_RegCM5-0_v1-r1_1hr_200002270100-200002280000.nc
cin_CSAM-3_ERA5_evaluation_r1i1p1f1_ICTP_RegCM5-0_v1-r1_1hr_200002280100-200002290000.nc
cin_CSAM-3_ERA5_evaluation_r1i1p1f1_ICTP_RegCM5-0_v1-r1_1hr_200002290100-200003010000.nc
cin_CSAM-3_ERA5_evaluation_r1i1p1f1_ICTP_RegCM5-0_v1-r1_1hr_200003010100-200003020000.nc
cin_CSAM-3_ERA5_evaluation_r1i1p1f1_ICTP_RegCM5-0_v1-r1_1hr_200003020100-200003030000.nc
cin_CSAM-3_ERA5_evaluation_r1i1p1f1_ICTP_RegCM5-0_v1-r1_1hr_200003030100-200003040000.nc
cin_CSAM-3_ERA5_evaluation_r1i1p1f1_ICTP_RegCM5-0_v1-r1_1hr_200003040100-200003050000.nc
cin_CSAM-3_ERA5_evaluation_r1i1p1f1_ICTP_RegCM5-0_v1-r1_1hr_200003050100-200003060000.nc
cin_CSAM-3_ERA5_evaluation_r1i1p1f1_ICTP_RegCM5-0_v1-r1_1hr_200003060100-200003070000.nc
cin_CSAM-3_ERA5_evaluation_r1i1p1f1_ICTP_RegCM5-0_v1-r1_1hr_200003070100-200003080000.nc
cin_CSAM-3_ERA5_evaluation_r1i1p1f1_ICTP_RegCM5-0_v1-r1_1hr_200003080100-200003090000.nc
cin_CSAM-3_ERA5_evaluation_r1i1p1f1_ICTP_RegCM5-0_v1-r1_1hr_200003090100-200003100000.nc
cin_CSAM-3_ERA5_evaluation_r1i1p1f1_ICTP_RegCM5-0_v1-r1_1hr_200003100100-200003110000.nc
cin_CSAM-3_ERA5_evaluation_r1i1p1f1_ICTP_RegCM5-0_v1-r1_1hr_200003110100-200003120000.nc
cin_CSAM-3_ERA5_evaluation_r1i1p1f1_ICTP_RegCM5-0_v1-r1_1hr_200003120100-200003130000.nc
cin_CSAM-3_ERA5_evaluation_r1i1p1f1_ICTP_RegCM5-0_v1-r1_1hr_200003130100-200003140000.nc
cin_CSAM-3_ERA5_evaluation_r1i1p1f1_ICTP_RegCM5-0_v1-r1_1hr_200003140100-200003150000.nc
cin_CSAM-3_ERA5_evaluation_r1i1p1f1_ICTP_RegCM5-0_v1-r1_1hr_200003150100-200003160000.nc
cin_CSAM-3_ERA5_evaluation_r1i1p1f1_ICTP_RegCM5-0_v1-r1_1hr_200003160100-200003170000.nc
cin_CSAM-3_ERA5_evaluation_r1i1p1f1_ICTP_RegCM5-0_v1-r1_1hr_200003170100-200003180000.nc
cin_CSAM-3_ERA5_evaluation_r1i1p1f1_ICTP_RegCM5-0_v1-r1_1hr_200003180100-200003190000.nc
cin_CSAM-3_ERA5_evaluation_r1i1p1f1_ICTP_RegCM5-0_v1-r1_1hr_200003190100-200003200000.nc
cin_CSAM-3_ERA5_evaluation_r1i1p1f1_ICTP_RegCM5-0_v1-r1_1hr_200003200100-200003210000.nc
cin_CSAM-3_ERA5_evaluation_r1i1p1f1_ICTP_RegCM5-0_v1-r1_1hr_200003210100-200003220000.nc
cin_CSAM-3_ERA5_evaluation_r1i1p1f1_ICTP_RegCM5-0_v1-r1_1hr_200003220100-200003230000.nc
cin_CSAM-3_ERA5_evaluation_r1i1p1f1_ICTP_RegCM5-0_v1-r1_1hr_200003230100-200003240000.nc
cin_CSAM-3_ERA5_evaluation_r1i1p1f1_ICTP_RegCM5-0_v1-r1_1hr_200003240100-200003250000.nc
cin_CSAM-3_ERA5_evaluation_r1i1p1f1_ICTP_RegCM5-0_v1-r1_1hr_200003250100-200003260000.nc
cin_CSAM-3_ERA5_evaluation_r1i1p1f1_ICTP_RegCM5-0_v1-r1_1hr_200003260100-200003270000.nc
cin_CSAM-3_ERA5_evaluation_r1i1p1f1_ICTP_RegCM5-0_v1-r1_1hr_200003270100-200003280000.nc
cin_CSAM-3_ERA5_evaluation_r1i1p1f1_ICTP_RegCM5-0_v1-r1_1hr_200003280100-200003290000.nc
cin_CSAM-3_ERA5_evaluation_r1i1p1f1_ICTP_RegCM5-0_v1-r1_1hr_200003290100-200003300000.nc
cin_CSAM-3_ERA5_evaluation_r1i1p1f1_ICTP_RegCM5-0_v1-r1_1hr_200003300100-200003310000.nc
cin_CSAM-3_ERA5_evaluation_r1i1p1f1_ICTP_RegCM5-0_v1-r1_1hr_200003310100-200004010000.nc
cin_CSAM-3_ERA5_evaluation_r1i1p1f1_ICTP_RegCM5-0_v1-r1_1hr_200004010100-200004020000.nc
cin_CSAM-3_ERA5_evaluation_r1i1p1f1_ICTP_RegCM5-0_v1-r1_1hr_200004020100-200004030000.nc
cin_CSAM-3_ERA5_evaluation_r1i1p1f1_ICTP_RegCM5-0_v1-r1_1hr_200004030100-200004040000.nc
cin_CSAM-3_ERA5_evaluation_r1i1p1f1_ICTP_RegCM5-0_v1-r1_1hr_200004040100-200004050000.nc
cin_CSAM-3_ERA5_evaluation_r1i1p1f1_ICTP_RegCM5-0_v1-r1_1hr_200004050100-200004060000.nc
cin_CSAM-3_ERA5_evaluation_r1i1p1f1_ICTP_RegCM5-0_v1-r1_1hr_200004060100-200004070000.nc
cin_CSAM-3_ERA5_evaluation_r1i1p1f1_ICTP_RegCM5-0_v1-r1_1hr_200004070100-200004080000.nc
cin_CSAM-3_ERA5_evaluation_r1i1p1f1_ICTP_RegCM5-0_v1-r1_1hr_200004080100-200004090000.nc
cin_CSAM-3_ERA5_evaluation_r1i1p1f1_ICTP_RegCM5-0_v1-r1_1hr_200004090100-200004100000.nc
cin_CSAM-3_ERA5_evaluation_r1i1p1f1_ICTP_RegCM5-0_v1-r1_1hr_200004100100-200004110000.nc
cin_CSAM-3_ERA5_evaluation_r1i1p1f1_ICTP_RegCM5-0_v1-r1_1hr_200004110100-200004120000.nc
cin_CSAM-3_ERA5_evaluation_r1i1p1f1_ICTP_RegCM5-0_v1-r1_1hr_200004120100-200004130000.nc
cin_CSAM-3_ERA5_evaluation_r1i1p1f1_ICTP_RegCM5-0_v1-r1_1hr_200004130100-200004140000.nc
cin_CSAM-3_ERA5_evaluation_r1i1p1f1_ICTP_RegCM5-0_v1-r1_1hr_200004140100-200004150000.nc
cin_CSAM-3_ERA5_evaluation_r1i1p1f1_ICTP_RegCM5-0_v1-r1_1hr_200004150100-200004160000.nc
cin_CSAM-3_ERA5_evaluation_r1i1p1f1_ICTP_RegCM5-0_v1-r1_1hr_200004160100-200004170000.nc
cin_CSAM-3_ERA5_evaluation_r1i1p1f1_ICTP_RegCM5-0_v1-r1_1hr_200004170100-200004180000.nc
cin_CSAM-3_ERA5_evaluation_r1i1p1f1_ICTP_RegCM5-0_v1-r1_1hr_200004180100-200004190000.nc
cin_CSAM-3_ERA5_evaluation_r1i1p1f1_ICTP_RegCM5-0_v1-r1_1hr_200004190100-200004200000.nc
cin_CSAM-3_ERA5_evaluation_r1i1p1f1_ICTP_RegCM5-0_v1-r1_1hr_200004200100-200004210000.nc
cin_CSAM-3_ERA5_evaluation_r1i1p1f1_ICTP_RegCM5-0_v1-r1_1hr_200004210100-200004220000.nc
cin_CSAM-3_ERA5_evaluation_r1i1p1f1_ICTP_RegCM5-0_v1-r1_1hr_200004220100-200004230000.nc
cin_CSAM-3_ERA5_evaluation_r1i1p1f1_ICTP_RegCM5-0_v1-r1_1hr_200004230100-200004240000.nc
cin_CSAM-3_ERA5_evaluation_r1i1p1f1_ICTP_RegCM5-0_v1-r1_1hr_200004240100-200004250000.nc
cin_CSAM-3_ERA5_evaluation_r1i1p1f1_ICTP_RegCM5-0_v1-r1_1hr_200004250100-200004260000.nc
cin_CSAM-3_ERA5_evaluation_r1i1p1f1_ICTP_RegCM5-0_v1-r1_1hr_200004260100-200004270000.nc
cin_CSAM-3_ERA5_evaluation_r1i1p1f1_ICTP_RegCM5-0_v1-r1_1hr_200004270100-200004280000.nc
cin_CSAM-3_ERA5_evaluation_r1i1p1f1_ICTP_RegCM5-0_v1-r1_1hr_200004280100-200004290000.nc
cin_CSAM-3_ERA5_evaluation_r1i1p1f1_ICTP_RegCM5-0_v1-r1_1hr_200004290100-200004300000.nc
cin_CSAM-3_ERA5_evaluation_r1i1p1f1_ICTP_RegCM5-0_v1-r1_1hr_200004300100-200005010000.nc
cin_CSAM-3_ERA5_evaluation_r1i1p1f1_ICTP_RegCM5-0_v1-r1_1hr_200005010100-200005020000.nc
cin_CSAM-3_ERA5_evaluation_r1i1p1f1_ICTP_RegCM5-0_v1-r1_1hr_200005020100-200005030000.nc
cin_CSAM-3_ERA5_evaluation_r1i1p1f1_ICTP_RegCM5-0_v1-r1_1hr_200005030100-200005040000.nc
cin_CSAM-3_ERA5_evaluation_r1i1p1f1_ICTP_RegCM5-0_v1-r1_1hr_200005040100-200005050000.nc
cin_CSAM-3_ERA5_evaluation_r1i1p1f1_ICTP_RegCM5-0_v1-r1_1hr_200005050100-200005060000.nc
cin_CSAM-3_ERA5_evaluation_r1i1p1f1_ICTP_RegCM5-0_v1-r1_1hr_200005060100-200005070000.nc
cin_CSAM-3_ERA5_evaluation_r1i1p1f1_ICTP_RegCM5-0_v1-r1_1hr_200005070100-200005080000.nc
cin_CSAM-3_ERA5_evaluation_r1i1p1f1_ICTP_RegCM5-0_v1-r1_1hr_200005080100-200005090000.nc
cin_CSAM-3_ERA5_evaluation_r1i1p1f1_ICTP_RegCM5-0_v1-r1_1hr_200005090100-200005100000.nc
cin_CSAM-3_ERA5_evaluation_r1i1p1f1_ICTP_RegCM5-0_v1-r1_1hr_200005100100-200005110000.nc
cin_CSAM-3_ERA5_evaluation_r1i1p1f1_ICTP_RegCM5-0_v1-r1_1hr_200005110100-200005120000.nc
cin_CSAM-3_ERA5_evaluation_r1i1p1f1_ICTP_RegCM5-0_v1-r1_1hr_200005120100-200005130000.nc
cin_CSAM-3_ERA5_evaluation_r1i1p1f1_ICTP_RegCM5-0_v1-r1_1hr_200005130100-200005140000.nc
cin_CSAM-3_ERA5_evaluation_r1i1p1f1_ICTP_RegCM5-0_v1-r1_1hr_200005140100-200005150000.nc
cin_CSAM-3_ERA5_evaluation_r1i1p1f1_ICTP_RegCM5-0_v1-r1_1hr_200005150100-200005160000.nc
cin_CSAM-3_ERA5_evaluation_r1i1p1f1_ICTP_RegCM5-0_v1-r1_1hr_200005160100-200005170000.nc
cin_CSAM-3_ERA5_evaluation_r1i1p1f1_ICTP_RegCM5-0_v1-r1_1hr_200005170100-200005180000.nc
cin_CSAM-3_ERA5_evaluation_r1i1p1f1_ICTP_RegCM5-0_v1-r1_1hr_200005180100-200005190000.nc
cin_CSAM-3_ERA5_evaluation_r1i1p1f1_ICTP_RegCM5-0_v1-r1_1hr_200005190100-200005200000.nc
cin_CSAM-3_ERA5_evaluation_r1i1p1f1_ICTP_RegCM5-0_v1-r1_1hr_200005200100-200005210000.nc
cin_CSAM-3_ERA5_evaluation_r1i1p1f1_ICTP_RegCM5-0_v1-r1_1hr_200005210100-200005220000.nc
cin_CSAM-3_ERA5_evaluation_r1i1p1f1_ICTP_RegCM5-0_v1-r1_1hr_200005220100-200005230000.nc
cin_CSAM-3_ERA5_evaluation_r1i1p1f1_ICTP_RegCM5-0_v1-r1_1hr_200005230100-200005240000.nc
cin_CSAM-3_ERA5_evaluation_r1i1p1f1_ICTP_RegCM5-0_v1-r1_1hr_200005240100-200005250000.nc
cin_CSAM-3_ERA5_evaluation_r1i1p1f1_ICTP_RegCM5-0_v1-r1_1hr_200005250100-200005260000.nc
cin_CSAM-3_ERA5_evaluation_r1i1p1f1_ICTP_RegCM5-0_v1-r1_1hr_200005260100-200005270000.nc
cin_CSAM-3_ERA5_evaluation_r1i1p1f1_ICTP_RegCM5-0_v1-r1_1hr_200005270100-200005280000.nc
cin_CSAM-3_ERA5_evaluation_r1i1p1f1_ICTP_RegCM5-0_v1-r1_1hr_200005280100-200005290000.nc
cin_CSAM-3_ERA5_evaluation_r1i1p1f1_ICTP_RegCM5-0_v1-r1_1hr_200005290100-200005300000.nc
cin_CSAM-3_ERA5_evaluation_r1i1p1f1_ICTP_RegCM5-0_v1-r1_1hr_200005300100-200005310000.nc
cin_CSAM-3_ERA5_evaluation_r1i1p1f1_ICTP_RegCM5-0_v1-r1_1hr_200005310100-200006010000.nc
cin_CSAM-3_ERA5_evaluation_r1i1p1f1_ICTP_RegCM5-0_v1-r1_1hr_200006010100-200006020000.nc
cin_CSAM-3_ERA5_evaluation_r1i1p1f1_ICTP_RegCM5-0_v1-r1_1hr_200006020100-200006030000.nc
cin_CSAM-3_ERA5_evaluation_r1i1p1f1_ICTP_RegCM5-0_v1-r1_1hr_200006030100-200006040000.nc
cin_CSAM-3_ERA5_evaluation_r1i1p1f1_ICTP_RegCM5-0_v1-r1_1hr_200006040100-200006050000.nc
cin_CSAM-3_ERA5_evaluation_r1i1p1f1_ICTP_RegCM5-0_v1-r1_1hr_200006050100-200006060000.nc
cin_CSAM-3_ERA5_evaluation_r1i1p1f1_ICTP_RegCM5-0_v1-r1_1hr_200006060100-200006070000.nc
cin_CSAM-3_ERA5_evaluation_r1i1p1f1_ICTP_RegCM5-0_v1-r1_1hr_200006070100-200006080000.nc
cin_CSAM-3_ERA5_evaluation_r1i1p1f1_ICTP_RegCM5-0_v1-r1_1hr_200006080100-200006090000.nc
cin_CSAM-3_ERA5_evaluation_r1i1p1f1_ICTP_RegCM5-0_v1-r1_1hr_200006090100-200006100000.nc
cin_CSAM-3_ERA5_evaluation_r1i1p1f1_ICTP_RegCM5-0_v1-r1_1hr_200006100100-200006110000.nc
cin_CSAM-3_ERA5_evaluation_r1i1p1f1_ICTP_RegCM5-0_v1-r1_1hr_200006110100-200006120000.nc
cin_CSAM-3_ERA5_evaluation_r1i1p1f1_ICTP_RegCM5-0_v1-r1_1hr_200006120100-200006130000.nc
cin_CSAM-3_ERA5_evaluation_r1i1p1f1_ICTP_RegCM5-0_v1-r1_1hr_200006130100-200006140000.nc
cin_CSAM-3_ERA5_evaluation_r1i1p1f1_ICTP_RegCM5-0_v1-r1_1hr_200006140100-200006150000.nc
cin_CSAM-3_ERA5_evaluation_r1i1p1f1_ICTP_RegCM5-0_v1-r1_1hr_200006150100-200006160000.nc
cin_CSAM-3_ERA5_evaluation_r1i1p1f1_ICTP_RegCM5-0_v1-r1_1hr_200006160100-200006170000.nc
cin_CSAM-3_ERA5_evaluation_r1i1p1f1_ICTP_RegCM5-0_v1-r1_1hr_200006170100-200006180000.nc
cin_CSAM-3_ERA5_evaluation_r1i1p1f1_ICTP_RegCM5-0_v1-r1_1hr_200006180100-200006190000.nc
cin_CSAM-3_ERA5_evaluation_r1i1p1f1_ICTP_RegCM5-0_v1-r1_1hr_200006190100-200006200000.nc
cin_CSAM-3_ERA5_evaluation_r1i1p1f1_ICTP_RegCM5-0_v1-r1_1hr_200006200100-200006210000.nc
cin_CSAM-3_ERA5_evaluation_r1i1p1f1_ICTP_RegCM5-0_v1-r1_1hr_200006210100-200006220000.nc
cin_CSAM-3_ERA5_evaluation_r1i1p1f1_ICTP_RegCM5-0_v1-r1_1hr_200006220100-200006230000.nc
cin_CSAM-3_ERA5_evaluation_r1i1p1f1_ICTP_RegCM5-0_v1-r1_1hr_200006230100-200006240000.nc
cin_CSAM-3_ERA5_evaluation_r1i1p1f1_ICTP_RegCM5-0_v1-r1_1hr_200006240100-200006250000.nc
cin_CSAM-3_ERA5_evaluation_r1i1p1f1_ICTP_RegCM5-0_v1-r1_1hr_200006250100-200006260000.nc
cin_CSAM-3_ERA5_evaluation_r1i1p1f1_ICTP_RegCM5-0_v1-r1_1hr_200006260100-200006270000.nc
cin_CSAM-3_ERA5_evaluation_r1i1p1f1_ICTP_RegCM5-0_v1-r1_1hr_200006270100-200006280000.nc
cin_CSAM-3_ERA5_evaluation_r1i1p1f1_ICTP_RegCM5-0_v1-r1_1hr_200006280100-200006290000.nc
cin_CSAM-3_ERA5_evaluation_r1i1p1f1_ICTP_RegCM5-0_v1-r1_1hr_200006290100-200006300000.nc
cin_CSAM-3_ERA5_evaluation_r1i1p1f1_ICTP_RegCM5-0_v1-r1_1hr_200006300100-200007010000.nc
cin_CSAM-3_ERA5_evaluation_r1i1p1f1_ICTP_RegCM5-0_v1-r1_1hr_200007010100-200007020000.nc
cin_CSAM-3_ERA5_evaluation_r1i1p1f1_ICTP_RegCM5-0_v1-r1_1hr_200007020100-200007030000.nc
cin_CSAM-3_ERA5_evaluation_r1i1p1f1_ICTP_RegCM5-0_v1-r1_1hr_200007030100-200007040000.nc
cin_CSAM-3_ERA5_evaluation_r1i1p1f1_ICTP_RegCM5-0_v1-r1_1hr_200007040100-200007050000.nc
cin_CSAM-3_ERA5_evaluation_r1i1p1f1_ICTP_RegCM5-0_v1-r1_1hr_200007050100-200007060000.nc
cin_CSAM-3_ERA5_evaluation_r1i1p1f1_ICTP_RegCM5-0_v1-r1_1hr_200007060100-200007070000.nc
cin_CSAM-3_ERA5_evaluation_r1i1p1f1_ICTP_RegCM5-0_v1-r1_1hr_200007070100-200007080000.nc
cin_CSAM-3_ERA5_evaluation_r1i1p1f1_ICTP_RegCM5-0_v1-r1_1hr_200007080100-200007090000.nc
cin_CSAM-3_ERA5_evaluation_r1i1p1f1_ICTP_RegCM5-0_v1-r1_1hr_200007090100-200007100000.nc
cin_CSAM-3_ERA5_evaluation_r1i1p1f1_ICTP_RegCM5-0_v1-r1_1hr_200007100100-200007110000.nc
cin_CSAM-3_ERA5_evaluation_r1i1p1f1_ICTP_RegCM5-0_v1-r1_1hr_200007110100-200007120000.nc
cin_CSAM-3_ERA5_evaluation_r1i1p1f1_ICTP_RegCM5-0_v1-r1_1hr_200007120100-200007130000.nc
cin_CSAM-3_ERA5_evaluation_r1i1p1f1_ICTP_RegCM5-0_v1-r1_1hr_200007130100-200007140000.nc
cin_CSAM-3_ERA5_evaluation_r1i1p1f1_ICTP_RegCM5-0_v1-r1_1hr_200007140100-200007150000.nc
cin_CSAM-3_ERA5_evaluation_r1i1p1f1_ICTP_RegCM5-0_v1-r1_1hr_200007150100-200007160000.nc
cin_CSAM-3_ERA5_evaluation_r1i1p1f1_ICTP_RegCM5-0_v1-r1_1hr_200007160100-200007170000.nc
cin_CSAM-3_ERA5_evaluation_r1i1p1f1_ICTP_RegCM5-0_v1-r1_1hr_200007170100-200007180000.nc
cin_CSAM-3_ERA5_evaluation_r1i1p1f1_ICTP_RegCM5-0_v1-r1_1hr_200007180100-200007190000.nc
cin_CSAM-3_ERA5_evaluation_r1i1p1f1_ICTP_RegCM5-0_v1-r1_1hr_200007190100-200007200000.nc
cin_CSAM-3_ERA5_evaluation_r1i1p1f1_ICTP_RegCM5-0_v1-r1_1hr_200007200100-200007210000.nc
cin_CSAM-3_ERA5_evaluation_r1i1p1f1_ICTP_RegCM5-0_v1-r1_1hr_200007210100-200007220000.nc
cin_CSAM-3_ERA5_evaluation_r1i1p1f1_ICTP_RegCM5-0_v1-r1_1hr_200007220100-200007230000.nc
cin_CSAM-3_ERA5_evaluation_r1i1p1f1_ICTP_RegCM5-0_v1-r1_1hr_200007230100-200007240000.nc
cin_CSAM-3_ERA5_evaluation_r1i1p1f1_ICTP_RegCM5-0_v1-r1_1hr_200007240100-200007250000.nc
cin_CSAM-3_ERA5_evaluation_r1i1p1f1_ICTP_RegCM5-0_v1-r1_1hr_200007250100-200007260000.nc
cin_CSAM-3_ERA5_evaluation_r1i1p1f1_ICTP_RegCM5-0_v1-r1_1hr_200007260100-200007270000.nc
cin_CSAM-3_ERA5_evaluation_r1i1p1f1_ICTP_RegCM5-0_v1-r1_1hr_200007270100-200007280000.nc
cin_CSAM-3_ERA5_evaluation_r1i1p1f1_ICTP_RegCM5-0_v1-r1_1hr_200007280100-200007290000.nc
cin_CSAM-3_ERA5_evaluation_r1i1p1f1_ICTP_RegCM5-0_v1-r1_1hr_200007290100-200007300000.nc
cin_CSAM-3_ERA5_evaluation_r1i1p1f1_ICTP_RegCM5-0_v1-r1_1hr_200007300100-200007310000.nc
cin_CSAM-3_ERA5_evaluation_r1i1p1f1_ICTP_RegCM5-0_v1-r1_1hr_200007310100-200008010000.nc
cin_CSAM-3_ERA5_evaluation_r1i1p1f1_ICTP_RegCM5-0_v1-r1_1hr_200008010100-200008020000.nc
cin_CSAM-3_ERA5_evaluation_r1i1p1f1_ICTP_RegCM5-0_v1-r1_1hr_200008020100-200008030000.nc
cin_CSAM-3_ERA5_evaluation_r1i1p1f1_ICTP_RegCM5-0_v1-r1_1hr_200008030100-200008040000.nc
cin_CSAM-3_ERA5_evaluation_r1i1p1f1_ICTP_RegCM5-0_v1-r1_1hr_200008040100-200008050000.nc
cin_CSAM-3_ERA5_evaluation_r1i1p1f1_ICTP_RegCM5-0_v1-r1_1hr_200008050100-200008060000.nc
cin_CSAM-3_ERA5_evaluation_r1i1p1f1_ICTP_RegCM5-0_v1-r1_1hr_200008060100-200008070000.nc
cin_CSAM-3_ERA5_evaluation_r1i1p1f1_ICTP_RegCM5-0_v1-r1_1hr_200008070100-200008080000.nc
cin_CSAM-3_ERA5_evaluation_r1i1p1f1_ICTP_RegCM5-0_v1-r1_1hr_200008080100-200008090000.nc
cin_CSAM-3_ERA5_evaluation_r1i1p1f1_ICTP_RegCM5-0_v1-r1_1hr_200008090100-200008100000.nc
cin_CSAM-3_ERA5_evaluation_r1i1p1f1_ICTP_RegCM5-0_v1-r1_1hr_200008100100-200008110000.nc
cin_CSAM-3_ERA5_evaluation_r1i1p1f1_ICTP_RegCM5-0_v1-r1_1hr_200008110100-200008120000.nc
cin_CSAM-3_ERA5_evaluation_r1i1p1f1_ICTP_RegCM5-0_v1-r1_1hr_200008120100-200008130000.nc
cin_CSAM-3_ERA5_evaluation_r1i1p1f1_ICTP_RegCM5-0_v1-r1_1hr_200008130100-200008140000.nc
cin_CSAM-3_ERA5_evaluation_r1i1p1f1_ICTP_RegCM5-0_v1-r1_1hr_200008140100-200008150000.nc
cin_CSAM-3_ERA5_evaluation_r1i1p1f1_ICTP_RegCM5-0_v1-r1_1hr_200008150100-200008160000.nc
cin_CSAM-3_ERA5_evaluation_r1i1p1f1_ICTP_RegCM5-0_v1-r1_1hr_200008160100-200008170000.nc
cin_CSAM-3_ERA5_evaluation_r1i1p1f1_ICTP_RegCM5-0_v1-r1_1hr_200008170100-200008180000.nc
cin_CSAM-3_ERA5_evaluation_r1i1p1f1_ICTP_RegCM5-0_v1-r1_1hr_200008180100-200008190000.nc
cin_CSAM-3_ERA5_evaluation_r1i1p1f1_ICTP_RegCM5-0_v1-r1_1hr_200008190100-200008200000.nc
cin_CSAM-3_ERA5_evaluation_r1i1p1f1_ICTP_RegCM5-0_v1-r1_1hr_200008200100-200008210000.nc
cin_CSAM-3_ERA5_evaluation_r1i1p1f1_ICTP_RegCM5-0_v1-r1_1hr_200008210100-200008220000.nc
cin_CSAM-3_ERA5_evaluation_r1i1p1f1_ICTP_RegCM5-0_v1-r1_1hr_200008220100-200008230000.nc
cin_CSAM-3_ERA5_evaluation_r1i1p1f1_ICTP_RegCM5-0_v1-r1_1hr_200008230100-200008240000.nc
cin_CSAM-3_ERA5_evaluation_r1i1p1f1_ICTP_RegCM5-0_v1-r1_1hr_200008240100-200008250000.nc
cin_CSAM-3_ERA5_evaluation_r1i1p1f1_ICTP_RegCM5-0_v1-r1_1hr_200008250100-200008260000.nc
cin_CSAM-3_ERA5_evaluation_r1i1p1f1_ICTP_RegCM5-0_v1-r1_1hr_200008260100-200008270000.nc
cin_CSAM-3_ERA5_evaluation_r1i1p1f1_ICTP_RegCM5-0_v1-r1_1hr_200008270100-200008280000.nc
cin_CSAM-3_ERA5_evaluation_r1i1p1f1_ICTP_RegCM5-0_v1-r1_1hr_200008280100-200008290000.nc
cin_CSAM-3_ERA5_evaluation_r1i1p1f1_ICTP_RegCM5-0_v1-r1_1hr_200008290100-200008300000.nc
cin_CSAM-3_ERA5_evaluation_r1i1p1f1_ICTP_RegCM5-0_v1-r1_1hr_200008300100-200008310000.nc
cin_CSAM-3_ERA5_evaluation_r1i1p1f1_ICTP_RegCM5-0_v1-r1_1hr_200008310100-200009010000.nc
cin_CSAM-3_ERA5_evaluation_r1i1p1f1_ICTP_RegCM5-0_v1-r1_1hr_200009010100-200009020000.nc
cin_CSAM-3_ERA5_evaluation_r1i1p1f1_ICTP_RegCM5-0_v1-r1_1hr_200009020100-200009030000.nc
cin_CSAM-3_ERA5_evaluation_r1i1p1f1_ICTP_RegCM5-0_v1-r1_1hr_200009030100-200009040000.nc
cin_CSAM-3_ERA5_evaluation_r1i1p1f1_ICTP_RegCM5-0_v1-r1_1hr_200009040100-200009050000.nc
cin_CSAM-3_ERA5_evaluation_r1i1p1f1_ICTP_RegCM5-0_v1-r1_1hr_200009050100-200009060000.nc
cin_CSAM-3_ERA5_evaluation_r1i1p1f1_ICTP_RegCM5-0_v1-r1_1hr_200009060100-200009070000.nc
cin_CSAM-3_ERA5_evaluation_r1i1p1f1_ICTP_RegCM5-0_v1-r1_1hr_200009070100-200009080000.nc
cin_CSAM-3_ERA5_evaluation_r1i1p1f1_ICTP_RegCM5-0_v1-r1_1hr_200009080100-200009090000.nc
cin_CSAM-3_ERA5_evaluation_r1i1p1f1_ICTP_RegCM5-0_v1-r1_1hr_200009090100-200009100000.nc
cin_CSAM-3_ERA5_evaluation_r1i1p1f1_ICTP_RegCM5-0_v1-r1_1hr_200009100100-200009110000.nc
cin_CSAM-3_ERA5_evaluation_r1i1p1f1_ICTP_RegCM5-0_v1-r1_1hr_200009110100-200009120000.nc
cin_CSAM-3_ERA5_evaluation_r1i1p1f1_ICTP_RegCM5-0_v1-r1_1hr_200009120100-200009130000.nc
cin_CSAM-3_ERA5_evaluation_r1i1p1f1_ICTP_RegCM5-0_v1-r1_1hr_200009130100-200009140000.nc
cin_CSAM-3_ERA5_evaluation_r1i1p1f1_ICTP_RegCM5-0_v1-r1_1hr_200009140100-200009150000.nc
cin_CSAM-3_ERA5_evaluation_r1i1p1f1_ICTP_RegCM5-0_v1-r1_1hr_200009150100-200009160000.nc
cin_CSAM-3_ERA5_evaluation_r1i1p1f1_ICTP_RegCM5-0_v1-r1_1hr_200009160100-200009170000.nc
cin_CSAM-3_ERA5_evaluation_r1i1p1f1_ICTP_RegCM5-0_v1-r1_1hr_200009170100-200009180000.nc
cin_CSAM-3_ERA5_evaluation_r1i1p1f1_ICTP_RegCM5-0_v1-r1_1hr_200009180100-200009190000.nc
cin_CSAM-3_ERA5_evaluation_r1i1p1f1_ICTP_RegCM5-0_v1-r1_1hr_200009190100-200009200000.nc
cin_CSAM-3_ERA5_evaluation_r1i1p1f1_ICTP_RegCM5-0_v1-r1_1hr_200009200100-200009210000.nc
cin_CSAM-3_ERA5_evaluation_r1i1p1f1_ICTP_RegCM5-0_v1-r1_1hr_200009210100-200009220000.nc
cin_CSAM-3_ERA5_evaluation_r1i1p1f1_ICTP_RegCM5-0_v1-r1_1hr_200009220100-200009230000.nc
cin_CSAM-3_ERA5_evaluation_r1i1p1f1_ICTP_RegCM5-0_v1-r1_1hr_200009230100-200009240000.nc
cin_CSAM-3_ERA5_evaluation_r1i1p1f1_ICTP_RegCM5-0_v1-r1_1hr_200009240100-200009250000.nc
cin_CSAM-3_ERA5_evaluation_r1i1p1f1_ICTP_RegCM5-0_v1-r1_1hr_200009250100-200009260000.nc
cin_CSAM-3_ERA5_evaluation_r1i1p1f1_ICTP_RegCM5-0_v1-r1_1hr_200009260100-200009270000.nc
cin_CSAM-3_ERA5_evaluation_r1i1p1f1_ICTP_RegCM5-0_v1-r1_1hr_200009270100-200009280000.nc
cin_CSAM-3_ERA5_evaluation_r1i1p1f1_ICTP_RegCM5-0_v1-r1_1hr_200009280100-200009290000.nc
cin_CSAM-3_ERA5_evaluation_r1i1p1f1_ICTP_RegCM5-0_v1-r1_1hr_200009290100-200009300000.nc
cin_CSAM-3_ERA5_evaluation_r1i1p1f1_ICTP_RegCM5-0_v1-r1_1hr_200009300100-200010010000.nc
cin_CSAM-3_ERA5_evaluation_r1i1p1f1_ICTP_RegCM5-0_v1-r1_1hr_200010010100-200010020000.nc
cin_CSAM-3_ERA5_evaluation_r1i1p1f1_ICTP_RegCM5-0_v1-r1_1hr_200010020100-200010030000.nc
cin_CSAM-3_ERA5_evaluation_r1i1p1f1_ICTP_RegCM5-0_v1-r1_1hr_200010030100-200010040000.nc
cin_CSAM-3_ERA5_evaluation_r1i1p1f1_ICTP_RegCM5-0_v1-r1_1hr_200010040100-200010050000.nc
cin_CSAM-3_ERA5_evaluation_r1i1p1f1_ICTP_RegCM5-0_v1-r1_1hr_200010050100-200010060000.nc
cin_CSAM-3_ERA5_evaluation_r1i1p1f1_ICTP_RegCM5-0_v1-r1_1hr_200010060100-200010070000.nc
cin_CSAM-3_ERA5_evaluation_r1i1p1f1_ICTP_RegCM5-0_v1-r1_1hr_200010070100-200010080000.nc
cin_CSAM-3_ERA5_evaluation_r1i1p1f1_ICTP_RegCM5-0_v1-r1_1hr_200010080100-200010090000.nc
cin_CSAM-3_ERA5_evaluation_r1i1p1f1_ICTP_RegCM5-0_v1-r1_1hr_200010090100-200010100000.nc
cin_CSAM-3_ERA5_evaluation_r1i1p1f1_ICTP_RegCM5-0_v1-r1_1hr_200010100100-200010110000.nc
cin_CSAM-3_ERA5_evaluation_r1i1p1f1_ICTP_RegCM5-0_v1-r1_1hr_200010110100-200010120000.nc
cin_CSAM-3_ERA5_evaluation_r1i1p1f1_ICTP_RegCM5-0_v1-r1_1hr_200010120100-200010130000.nc
cin_CSAM-3_ERA5_evaluation_r1i1p1f1_ICTP_RegCM5-0_v1-r1_1hr_200010130100-200010140000.nc
cin_CSAM-3_ERA5_evaluation_r1i1p1f1_ICTP_RegCM5-0_v1-r1_1hr_200010140100-200010150000.nc
cin_CSAM-3_ERA5_evaluation_r1i1p1f1_ICTP_RegCM5-0_v1-r1_1hr_200010150100-200010160000.nc
cin_CSAM-3_ERA5_evaluation_r1i1p1f1_ICTP_RegCM5-0_v1-r1_1hr_200010160100-200010170000.nc
cin_CSAM-3_ERA5_evaluation_r1i1p1f1_ICTP_RegCM5-0_v1-r1_1hr_200010170100-200010180000.nc
cin_CSAM-3_ERA5_evaluation_r1i1p1f1_ICTP_RegCM5-0_v1-r1_1hr_200010180100-200010190000.nc
cin_CSAM-3_ERA5_evaluation_r1i1p1f1_ICTP_RegCM5-0_v1-r1_1hr_200010190100-200010200000.nc
cin_CSAM-3_ERA5_evaluation_r1i1p1f1_ICTP_RegCM5-0_v1-r1_1hr_200010200100-200010210000.nc
cin_CSAM-3_ERA5_evaluation_r1i1p1f1_ICTP_RegCM5-0_v1-r1_1hr_200010210100-200010220000.nc
cin_CSAM-3_ERA5_evaluation_r1i1p1f1_ICTP_RegCM5-0_v1-r1_1hr_200010220100-200010230000.nc
cin_CSAM-3_ERA5_evaluation_r1i1p1f1_ICTP_RegCM5-0_v1-r1_1hr_200010230100-200010240000.nc
cin_CSAM-3_ERA5_evaluation_r1i1p1f1_ICTP_RegCM5-0_v1-r1_1hr_200010240100-200010250000.nc
cin_CSAM-3_ERA5_evaluation_r1i1p1f1_ICTP_RegCM5-0_v1-r1_1hr_200010250100-200010260000.nc
cin_CSAM-3_ERA5_evaluation_r1i1p1f1_ICTP_RegCM5-0_v1-r1_1hr_200010260100-200010270000.nc
cin_CSAM-3_ERA5_evaluation_r1i1p1f1_ICTP_RegCM5-0_v1-r1_1hr_200010270100-200010280000.nc
cin_CSAM-3_ERA5_evaluation_r1i1p1f1_ICTP_RegCM5-0_v1-r1_1hr_200010280100-200010290000.nc
cin_CSAM-3_ERA5_evaluation_r1i1p1f1_ICTP_RegCM5-0_v1-r1_1hr_200010290100-200010300000.nc
cin_CSAM-3_ERA5_evaluation_r1i1p1f1_ICTP_RegCM5-0_v1-r1_1hr_200010300100-200010310000.nc
cin_CSAM-3_ERA5_evaluation_r1i1p1f1_ICTP_RegCM5-0_v1-r1_1hr_200010310100-200011010000.nc
cin_CSAM-3_ERA5_evaluation_r1i1p1f1_ICTP_RegCM5-0_v1-r1_1hr_200011010100-200011020000.nc
cin_CSAM-3_ERA5_evaluation_r1i1p1f1_ICTP_RegCM5-0_v1-r1_1hr_200011020100-200011030000.nc
cin_CSAM-3_ERA5_evaluation_r1i1p1f1_ICTP_RegCM5-0_v1-r1_1hr_200011030100-200011040000.nc
cin_CSAM-3_ERA5_evaluation_r1i1p1f1_ICTP_RegCM5-0_v1-r1_1hr_200011040100-200011050000.nc
cin_CSAM-3_ERA5_evaluation_r1i1p1f1_ICTP_RegCM5-0_v1-r1_1hr_200011050100-200011060000.nc
cin_CSAM-3_ERA5_evaluation_r1i1p1f1_ICTP_RegCM5-0_v1-r1_1hr_200011060100-200011070000.nc
cin_CSAM-3_ERA5_evaluation_r1i1p1f1_ICTP_RegCM5-0_v1-r1_1hr_200011070100-200011080000.nc
cin_CSAM-3_ERA5_evaluation_r1i1p1f1_ICTP_RegCM5-0_v1-r1_1hr_200011080100-200011090000.nc
cin_CSAM-3_ERA5_evaluation_r1i1p1f1_ICTP_RegCM5-0_v1-r1_1hr_200011090100-200011100000.nc
cin_CSAM-3_ERA5_evaluation_r1i1p1f1_ICTP_RegCM5-0_v1-r1_1hr_200011100100-200011110000.nc
cin_CSAM-3_ERA5_evaluation_r1i1p1f1_ICTP_RegCM5-0_v1-r1_1hr_200011110100-200011120000.nc
cin_CSAM-3_ERA5_evaluation_r1i1p1f1_ICTP_RegCM5-0_v1-r1_1hr_200011120100-200011130000.nc
cin_CSAM-3_ERA5_evaluation_r1i1p1f1_ICTP_RegCM5-0_v1-r1_1hr_200011130100-200011140000.nc
cin_CSAM-3_ERA5_evaluation_r1i1p1f1_ICTP_RegCM5-0_v1-r1_1hr_200011140100-200011150000.nc
cin_CSAM-3_ERA5_evaluation_r1i1p1f1_ICTP_RegCM5-0_v1-r1_1hr_200011150100-200011160000.nc
cin_CSAM-3_ERA5_evaluation_r1i1p1f1_ICTP_RegCM5-0_v1-r1_1hr_200011160100-200011170000.nc
cin_CSAM-3_ERA5_evaluation_r1i1p1f1_ICTP_RegCM5-0_v1-r1_1hr_200011170100-200011180000.nc
cin_CSAM-3_ERA5_evaluation_r1i1p1f1_ICTP_RegCM5-0_v1-r1_1hr_200011180100-200011190000.nc
cin_CSAM-3_ERA5_evaluation_r1i1p1f1_ICTP_RegCM5-0_v1-r1_1hr_200011190100-200011200000.nc
cin_CSAM-3_ERA5_evaluation_r1i1p1f1_ICTP_RegCM5-0_v1-r1_1hr_200011200100-200011210000.nc
cin_CSAM-3_ERA5_evaluation_r1i1p1f1_ICTP_RegCM5-0_v1-r1_1hr_200011210100-200011220000.nc
cin_CSAM-3_ERA5_evaluation_r1i1p1f1_ICTP_RegCM5-0_v1-r1_1hr_200011220100-200011230000.nc
cin_CSAM-3_ERA5_evaluation_r1i1p1f1_ICTP_RegCM5-0_v1-r1_1hr_200011230100-200011240000.nc
cin_CSAM-3_ERA5_evaluation_r1i1p1f1_ICTP_RegCM5-0_v1-r1_1hr_200011240100-200011250000.nc
cin_CSAM-3_ERA5_evaluation_r1i1p1f1_ICTP_RegCM5-0_v1-r1_1hr_200011250100-200011260000.nc
cin_CSAM-3_ERA5_evaluation_r1i1p1f1_ICTP_RegCM5-0_v1-r1_1hr_200011260100-200011270000.nc
cin_CSAM-3_ERA5_evaluation_r1i1p1f1_ICTP_RegCM5-0_v1-r1_1hr_200011270100-200011280000.nc
cin_CSAM-3_ERA5_evaluation_r1i1p1f1_ICTP_RegCM5-0_v1-r1_1hr_200011280100-200011290000.nc
cin_CSAM-3_ERA5_evaluation_r1i1p1f1_ICTP_RegCM5-0_v1-r1_1hr_200011290100-200011300000.nc
cin_CSAM-3_ERA5_evaluation_r1i1p1f1_ICTP_RegCM5-0_v1-r1_1hr_200011300100-200012010000.nc
cin_CSAM-3_ERA5_evaluation_r1i1p1f1_ICTP_RegCM5-0_v1-r1_1hr_200012010100-200012020000.nc
cin_CSAM-3_ERA5_evaluation_r1i1p1f1_ICTP_RegCM5-0_v1-r1_1hr_200012020100-200012030000.nc
cin_CSAM-3_ERA5_evaluation_r1i1p1f1_ICTP_RegCM5-0_v1-r1_1hr_200012030100-200012040000.nc
cin_CSAM-3_ERA5_evaluation_r1i1p1f1_ICTP_RegCM5-0_v1-r1_1hr_200012040100-200012050000.nc
cin_CSAM-3_ERA5_evaluation_r1i1p1f1_ICTP_RegCM5-0_v1-r1_1hr_200012050100-200012060000.nc
cin_CSAM-3_ERA5_evaluation_r1i1p1f1_ICTP_RegCM5-0_v1-r1_1hr_200012060100-200012070000.nc
cin_CSAM-3_ERA5_evaluation_r1i1p1f1_ICTP_RegCM5-0_v1-r1_1hr_200012070100-200012080000.nc
cin_CSAM-3_ERA5_evaluation_r1i1p1f1_ICTP_RegCM5-0_v1-r1_1hr_200012080100-200012090000.nc
cin_CSAM-3_ERA5_evaluation_r1i1p1f1_ICTP_RegCM5-0_v1-r1_1hr_200012090100-200012100000.nc
cin_CSAM-3_ERA5_evaluation_r1i1p1f1_ICTP_RegCM5-0_v1-r1_1hr_200012100100-200012110000.nc
cin_CSAM-3_ERA5_evaluation_r1i1p1f1_ICTP_RegCM5-0_v1-r1_1hr_200012110100-200012120000.nc
cin_CSAM-3_ERA5_evaluation_r1i1p1f1_ICTP_RegCM5-0_v1-r1_1hr_200012120100-200012130000.nc
cin_CSAM-3_ERA5_evaluation_r1i1p1f1_ICTP_RegCM5-0_v1-r1_1hr_200012130100-200012140000.nc
cin_CSAM-3_ERA5_evaluation_r1i1p1f1_ICTP_RegCM5-0_v1-r1_1hr_200012140100-200012150000.nc
cin_CSAM-3_ERA5_evaluation_r1i1p1f1_ICTP_RegCM5-0_v1-r1_1hr_200012150100-200012160000.nc
cin_CSAM-3_ERA5_evaluation_r1i1p1f1_ICTP_RegCM5-0_v1-r1_1hr_200012160100-200012170000.nc
cin_CSAM-3_ERA5_evaluation_r1i1p1f1_ICTP_RegCM5-0_v1-r1_1hr_200012170100-200012180000.nc
cin_CSAM-3_ERA5_evaluation_r1i1p1f1_ICTP_RegCM5-0_v1-r1_1hr_200012180100-200012190000.nc
cin_CSAM-3_ERA5_evaluation_r1i1p1f1_ICTP_RegCM5-0_v1-r1_1hr_200012190100-200012200000.nc
cin_CSAM-3_ERA5_evaluation_r1i1p1f1_ICTP_RegCM5-0_v1-r1_1hr_200012200100-200012210000.nc
cin_CSAM-3_ERA5_evaluation_r1i1p1f1_ICTP_RegCM5-0_v1-r1_1hr_200012210100-200012220000.nc
cin_CSAM-3_ERA5_evaluation_r1i1p1f1_ICTP_RegCM5-0_v1-r1_1hr_200012220100-200012230000.nc
cin_CSAM-3_ERA5_evaluation_r1i1p1f1_ICTP_RegCM5-0_v1-r1_1hr_200012230100-200012240000.nc
cin_CSAM-3_ERA5_evaluation_r1i1p1f1_ICTP_RegCM5-0_v1-r1_1hr_200012240100-200012250000.nc
cin_CSAM-3_ERA5_evaluation_r1i1p1f1_ICTP_RegCM5-0_v1-r1_1hr_200012250100-200012260000.nc
cin_CSAM-3_ERA5_evaluation_r1i1p1f1_ICTP_RegCM5-0_v1-r1_1hr_200012260100-200012270000.nc
cin_CSAM-3_ERA5_evaluation_r1i1p1f1_ICTP_RegCM5-0_v1-r1_1hr_200012270100-200012280000.nc
cin_CSAM-3_ERA5_evaluation_r1i1p1f1_ICTP_RegCM5-0_v1-r1_1hr_200012280100-200012290000.nc
cin_CSAM-3_ERA5_evaluation_r1i1p1f1_ICTP_RegCM5-0_v1-r1_1hr_200012290100-200012300000.nc
cin_CSAM-3_ERA5_evaluation_r1i1p1f1_ICTP_RegCM5-0_v1-r1_1hr_200012300100-200012310000.nc
cin_CSAM-3_ERA5_evaluation_r1i1p1f1_ICTP_RegCM5-0_v1-r1_1hr_200012310100-200101010000.nc
Files: clh_CSAM-3_ERA5_evaluation_r1i1p1f1_ICTP_RegCM5-0_v1-r1_1hr_200001010100-200001020000.nc
clh_CSAM-3_ERA5_evaluation_r1i1p1f1_ICTP_RegCM5-0_v1-r1_1hr_200001020100-200001030000.nc
clh_CSAM-3_ERA5_evaluation_r1i1p1f1_ICTP_RegCM5-0_v1-r1_1hr_200001030100-200001040000.nc
clh_CSAM-3_ERA5_evaluation_r1i1p1f1_ICTP_RegCM5-0_v1-r1_1hr_200001040100-200001050000.nc
clh_CSAM-3_ERA5_evaluation_r1i1p1f1_ICTP_RegCM5-0_v1-r1_1hr_200001050100-200001060000.nc
clh_CSAM-3_ERA5_evaluation_r1i1p1f1_ICTP_RegCM5-0_v1-r1_1hr_200001060100-200001070000.nc
clh_CSAM-3_ERA5_evaluation_r1i1p1f1_ICTP_RegCM5-0_v1-r1_1hr_200001070100-200001080000.nc
clh_CSAM-3_ERA5_evaluation_r1i1p1f1_ICTP_RegCM5-0_v1-r1_1hr_200001080100-200001090000.nc
clh_CSAM-3_ERA5_evaluation_r1i1p1f1_ICTP_RegCM5-0_v1-r1_1hr_200001090100-200001100000.nc
clh_CSAM-3_ERA5_evaluation_r1i1p1f1_ICTP_RegCM5-0_v1-r1_1hr_200001100100-200001110000.nc
clh_CSAM-3_ERA5_evaluation_r1i1p1f1_ICTP_RegCM5-0_v1-r1_1hr_200001110100-200001120000.nc
clh_CSAM-3_ERA5_evaluation_r1i1p1f1_ICTP_RegCM5-0_v1-r1_1hr_200001120100-200001130000.nc
clh_CSAM-3_ERA5_evaluation_r1i1p1f1_ICTP_RegCM5-0_v1-r1_1hr_200001130100-200001140000.nc
clh_CSAM-3_ERA5_evaluation_r1i1p1f1_ICTP_RegCM5-0_v1-r1_1hr_200001140100-200001150000.nc
clh_CSAM-3_ERA5_evaluation_r1i1p1f1_ICTP_RegCM5-0_v1-r1_1hr_200001150100-200001160000.nc
clh_CSAM-3_ERA5_evaluation_r1i1p1f1_ICTP_RegCM5-0_v1-r1_1hr_200001160100-200001170000.nc
clh_CSAM-3_ERA5_evaluation_r1i1p1f1_ICTP_RegCM5-0_v1-r1_1hr_200001170100-200001180000.nc
clh_CSAM-3_ERA5_evaluation_r1i1p1f1_ICTP_RegCM5-0_v1-r1_1hr_200001180100-200001190000.nc
clh_CSAM-3_ERA5_evaluation_r1i1p1f1_ICTP_RegCM5-0_v1-r1_1hr_200001190100-200001200000.nc
clh_CSAM-3_ERA5_evaluation_r1i1p1f1_ICTP_RegCM5-0_v1-r1_1hr_200001200100-200001210000.nc
clh_CSAM-3_ERA5_evaluation_r1i1p1f1_ICTP_RegCM5-0_v1-r1_1hr_200001210100-200001220000.nc
clh_CSAM-3_ERA5_evaluation_r1i1p1f1_ICTP_RegCM5-0_v1-r1_1hr_200001220100-200001230000.nc
clh_CSAM-3_ERA5_evaluation_r1i1p1f1_ICTP_RegCM5-0_v1-r1_1hr_200001230100-200001240000.nc
clh_CSAM-3_ERA5_evaluation_r1i1p1f1_ICTP_RegCM5-0_v1-r1_1hr_200001240100-200001250000.nc
clh_CSAM-3_ERA5_evaluation_r1i1p1f1_ICTP_RegCM5-0_v1-r1_1hr_200001250100-200001260000.nc
clh_CSAM-3_ERA5_evaluation_r1i1p1f1_ICTP_RegCM5-0_v1-r1_1hr_200001260100-200001270000.nc
clh_CSAM-3_ERA5_evaluation_r1i1p1f1_ICTP_RegCM5-0_v1-r1_1hr_200001270100-200001280000.nc
clh_CSAM-3_ERA5_evaluation_r1i1p1f1_ICTP_RegCM5-0_v1-r1_1hr_200001280100-200001290000.nc
clh_CSAM-3_ERA5_evaluation_r1i1p1f1_ICTP_RegCM5-0_v1-r1_1hr_200001290100-200001300000.nc
clh_CSAM-3_ERA5_evaluation_r1i1p1f1_ICTP_RegCM5-0_v1-r1_1hr_200001300100-200001310000.nc
clh_CSAM-3_ERA5_evaluation_r1i1p1f1_ICTP_RegCM5-0_v1-r1_1hr_200001310100-200002010000.nc
clh_CSAM-3_ERA5_evaluation_r1i1p1f1_ICTP_RegCM5-0_v1-r1_1hr_200002010100-200002020000.nc
clh_CSAM-3_ERA5_evaluation_r1i1p1f1_ICTP_RegCM5-0_v1-r1_1hr_200002020100-200002030000.nc
clh_CSAM-3_ERA5_evaluation_r1i1p1f1_ICTP_RegCM5-0_v1-r1_1hr_200002030100-200002040000.nc
clh_CSAM-3_ERA5_evaluation_r1i1p1f1_ICTP_RegCM5-0_v1-r1_1hr_200002040100-200002050000.nc
clh_CSAM-3_ERA5_evaluation_r1i1p1f1_ICTP_RegCM5-0_v1-r1_1hr_200002050100-200002060000.nc
clh_CSAM-3_ERA5_evaluation_r1i1p1f1_ICTP_RegCM5-0_v1-r1_1hr_200002060100-200002070000.nc
clh_CSAM-3_ERA5_evaluation_r1i1p1f1_ICTP_RegCM5-0_v1-r1_1hr_200002070100-200002080000.nc
clh_CSAM-3_ERA5_evaluation_r1i1p1f1_ICTP_RegCM5-0_v1-r1_1hr_200002080100-200002090000.nc
clh_CSAM-3_ERA5_evaluation_r1i1p1f1_ICTP_RegCM5-0_v1-r1_1hr_200002090100-200002100000.nc
clh_CSAM-3_ERA5_evaluation_r1i1p1f1_ICTP_RegCM5-0_v1-r1_1hr_200002100100-200002110000.nc
clh_CSAM-3_ERA5_evaluation_r1i1p1f1_ICTP_RegCM5-0_v1-r1_1hr_200002110100-200002120000.nc
clh_CSAM-3_ERA5_evaluation_r1i1p1f1_ICTP_RegCM5-0_v1-r1_1hr_200002120100-200002130000.nc
clh_CSAM-3_ERA5_evaluation_r1i1p1f1_ICTP_RegCM5-0_v1-r1_1hr_200002130100-200002140000.nc
clh_CSAM-3_ERA5_evaluation_r1i1p1f1_ICTP_RegCM5-0_v1-r1_1hr_200002140100-200002150000.nc
clh_CSAM-3_ERA5_evaluation_r1i1p1f1_ICTP_RegCM5-0_v1-r1_1hr_200002150100-200002160000.nc
clh_CSAM-3_ERA5_evaluation_r1i1p1f1_ICTP_RegCM5-0_v1-r1_1hr_200002160100-200002170000.nc
clh_CSAM-3_ERA5_evaluation_r1i1p1f1_ICTP_RegCM5-0_v1-r1_1hr_200002170100-200002180000.nc
clh_CSAM-3_ERA5_evaluation_r1i1p1f1_ICTP_RegCM5-0_v1-r1_1hr_200002180100-200002190000.nc
clh_CSAM-3_ERA5_evaluation_r1i1p1f1_ICTP_RegCM5-0_v1-r1_1hr_200002190100-200002200000.nc
clh_CSAM-3_ERA5_evaluation_r1i1p1f1_ICTP_RegCM5-0_v1-r1_1hr_200002200100-200002210000.nc
clh_CSAM-3_ERA5_evaluation_r1i1p1f1_ICTP_RegCM5-0_v1-r1_1hr_200002210100-200002220000.nc
clh_CSAM-3_ERA5_evaluation_r1i1p1f1_ICTP_RegCM5-0_v1-r1_1hr_200002220100-200002230000.nc
clh_CSAM-3_ERA5_evaluation_r1i1p1f1_ICTP_RegCM5-0_v1-r1_1hr_200002230100-200002240000.nc
clh_CSAM-3_ERA5_evaluation_r1i1p1f1_ICTP_RegCM5-0_v1-r1_1hr_200002240100-200002250000.nc
clh_CSAM-3_ERA5_evaluation_r1i1p1f1_ICTP_RegCM5-0_v1-r1_1hr_200002250100-200002260000.nc
clh_CSAM-3_ERA5_evaluation_r1i1p1f1_ICTP_RegCM5-0_v1-r1_1hr_200002260100-200002270000.nc
clh_CSAM-3_ERA5_evaluation_r1i1p1f1_ICTP_RegCM5-0_v1-r1_1hr_200002270100-200002280000.nc
clh_CSAM-3_ERA5_evaluation_r1i1p1f1_ICTP_RegCM5-0_v1-r1_1hr_200002280100-200002290000.nc
clh_CSAM-3_ERA5_evaluation_r1i1p1f1_ICTP_RegCM5-0_v1-r1_1hr_200002290100-200003010000.nc
clh_CSAM-3_ERA5_evaluation_r1i1p1f1_ICTP_RegCM5-0_v1-r1_1hr_200003010100-200003020000.nc
clh_CSAM-3_ERA5_evaluation_r1i1p1f1_ICTP_RegCM5-0_v1-r1_1hr_200003020100-200003030000.nc
clh_CSAM-3_ERA5_evaluation_r1i1p1f1_ICTP_RegCM5-0_v1-r1_1hr_200003030100-200003040000.nc
clh_CSAM-3_ERA5_evaluation_r1i1p1f1_ICTP_RegCM5-0_v1-r1_1hr_200003040100-200003050000.nc
clh_CSAM-3_ERA5_evaluation_r1i1p1f1_ICTP_RegCM5-0_v1-r1_1hr_200003050100-200003060000.nc
clh_CSAM-3_ERA5_evaluation_r1i1p1f1_ICTP_RegCM5-0_v1-r1_1hr_200003060100-200003070000.nc
clh_CSAM-3_ERA5_evaluation_r1i1p1f1_ICTP_RegCM5-0_v1-r1_1hr_200003070100-200003080000.nc
clh_CSAM-3_ERA5_evaluation_r1i1p1f1_ICTP_RegCM5-0_v1-r1_1hr_200003080100-200003090000.nc
clh_CSAM-3_ERA5_evaluation_r1i1p1f1_ICTP_RegCM5-0_v1-r1_1hr_200003090100-200003100000.nc
clh_CSAM-3_ERA5_evaluation_r1i1p1f1_ICTP_RegCM5-0_v1-r1_1hr_200003100100-200003110000.nc
clh_CSAM-3_ERA5_evaluation_r1i1p1f1_ICTP_RegCM5-0_v1-r1_1hr_200003110100-200003120000.nc
clh_CSAM-3_ERA5_evaluation_r1i1p1f1_ICTP_RegCM5-0_v1-r1_1hr_200003120100-200003130000.nc
clh_CSAM-3_ERA5_evaluation_r1i1p1f1_ICTP_RegCM5-0_v1-r1_1hr_200003130100-200003140000.nc
clh_CSAM-3_ERA5_evaluation_r1i1p1f1_ICTP_RegCM5-0_v1-r1_1hr_200003140100-200003150000.nc
clh_CSAM-3_ERA5_evaluation_r1i1p1f1_ICTP_RegCM5-0_v1-r1_1hr_200003150100-200003160000.nc
clh_CSAM-3_ERA5_evaluation_r1i1p1f1_ICTP_RegCM5-0_v1-r1_1hr_200003160100-200003170000.nc
clh_CSAM-3_ERA5_evaluation_r1i1p1f1_ICTP_RegCM5-0_v1-r1_1hr_200003170100-200003180000.nc
clh_CSAM-3_ERA5_evaluation_r1i1p1f1_ICTP_RegCM5-0_v1-r1_1hr_200003180100-200003190000.nc
clh_CSAM-3_ERA5_evaluation_r1i1p1f1_ICTP_RegCM5-0_v1-r1_1hr_200003190100-200003200000.nc
clh_CSAM-3_ERA5_evaluation_r1i1p1f1_ICTP_RegCM5-0_v1-r1_1hr_200003200100-200003210000.nc
clh_CSAM-3_ERA5_evaluation_r1i1p1f1_ICTP_RegCM5-0_v1-r1_1hr_200003210100-200003220000.nc
clh_CSAM-3_ERA5_evaluation_r1i1p1f1_ICTP_RegCM5-0_v1-r1_1hr_200003220100-200003230000.nc
clh_CSAM-3_ERA5_evaluation_r1i1p1f1_ICTP_RegCM5-0_v1-r1_1hr_200003230100-200003240000.nc
clh_CSAM-3_ERA5_evaluation_r1i1p1f1_ICTP_RegCM5-0_v1-r1_1hr_200003240100-200003250000.nc
clh_CSAM-3_ERA5_evaluation_r1i1p1f1_ICTP_RegCM5-0_v1-r1_1hr_200003250100-200003260000.nc
clh_CSAM-3_ERA5_evaluation_r1i1p1f1_ICTP_RegCM5-0_v1-r1_1hr_200003260100-200003270000.nc
clh_CSAM-3_ERA5_evaluation_r1i1p1f1_ICTP_RegCM5-0_v1-r1_1hr_200003270100-200003280000.nc
clh_CSAM-3_ERA5_evaluation_r1i1p1f1_ICTP_RegCM5-0_v1-r1_1hr_200003280100-200003290000.nc
clh_CSAM-3_ERA5_evaluation_r1i1p1f1_ICTP_RegCM5-0_v1-r1_1hr_200003290100-200003300000.nc
clh_CSAM-3_ERA5_evaluation_r1i1p1f1_ICTP_RegCM5-0_v1-r1_1hr_200003300100-200003310000.nc
clh_CSAM-3_ERA5_evaluation_r1i1p1f1_ICTP_RegCM5-0_v1-r1_1hr_200003310100-200004010000.nc
clh_CSAM-3_ERA5_evaluation_r1i1p1f1_ICTP_RegCM5-0_v1-r1_1hr_200004010100-200004020000.nc
clh_CSAM-3_ERA5_evaluation_r1i1p1f1_ICTP_RegCM5-0_v1-r1_1hr_200004020100-200004030000.nc
clh_CSAM-3_ERA5_evaluation_r1i1p1f1_ICTP_RegCM5-0_v1-r1_1hr_200004030100-200004040000.nc
clh_CSAM-3_ERA5_evaluation_r1i1p1f1_ICTP_RegCM5-0_v1-r1_1hr_200004040100-200004050000.nc
clh_CSAM-3_ERA5_evaluation_r1i1p1f1_ICTP_RegCM5-0_v1-r1_1hr_200004050100-200004060000.nc
clh_CSAM-3_ERA5_evaluation_r1i1p1f1_ICTP_RegCM5-0_v1-r1_1hr_200004060100-200004070000.nc
clh_CSAM-3_ERA5_evaluation_r1i1p1f1_ICTP_RegCM5-0_v1-r1_1hr_200004070100-200004080000.nc
clh_CSAM-3_ERA5_evaluation_r1i1p1f1_ICTP_RegCM5-0_v1-r1_1hr_200004080100-200004090000.nc
clh_CSAM-3_ERA5_evaluation_r1i1p1f1_ICTP_RegCM5-0_v1-r1_1hr_200004090100-200004100000.nc
clh_CSAM-3_ERA5_evaluation_r1i1p1f1_ICTP_RegCM5-0_v1-r1_1hr_200004100100-200004110000.nc
clh_CSAM-3_ERA5_evaluation_r1i1p1f1_ICTP_RegCM5-0_v1-r1_1hr_200004110100-200004120000.nc
clh_CSAM-3_ERA5_evaluation_r1i1p1f1_ICTP_RegCM5-0_v1-r1_1hr_200004120100-200004130000.nc
clh_CSAM-3_ERA5_evaluation_r1i1p1f1_ICTP_RegCM5-0_v1-r1_1hr_200004130100-200004140000.nc
clh_CSAM-3_ERA5_evaluation_r1i1p1f1_ICTP_RegCM5-0_v1-r1_1hr_200004140100-200004150000.nc
clh_CSAM-3_ERA5_evaluation_r1i1p1f1_ICTP_RegCM5-0_v1-r1_1hr_200004150100-200004160000.nc
clh_CSAM-3_ERA5_evaluation_r1i1p1f1_ICTP_RegCM5-0_v1-r1_1hr_200004160100-200004170000.nc
clh_CSAM-3_ERA5_evaluation_r1i1p1f1_ICTP_RegCM5-0_v1-r1_1hr_200004170100-200004180000.nc
clh_CSAM-3_ERA5_evaluation_r1i1p1f1_ICTP_RegCM5-0_v1-r1_1hr_200004180100-200004190000.nc
clh_CSAM-3_ERA5_evaluation_r1i1p1f1_ICTP_RegCM5-0_v1-r1_1hr_200004190100-200004200000.nc
clh_CSAM-3_ERA5_evaluation_r1i1p1f1_ICTP_RegCM5-0_v1-r1_1hr_200004200100-200004210000.nc
clh_CSAM-3_ERA5_evaluation_r1i1p1f1_ICTP_RegCM5-0_v1-r1_1hr_200004210100-200004220000.nc
clh_CSAM-3_ERA5_evaluation_r1i1p1f1_ICTP_RegCM5-0_v1-r1_1hr_200004220100-200004230000.nc
clh_CSAM-3_ERA5_evaluation_r1i1p1f1_ICTP_RegCM5-0_v1-r1_1hr_200004230100-200004240000.nc
clh_CSAM-3_ERA5_evaluation_r1i1p1f1_ICTP_RegCM5-0_v1-r1_1hr_200004240100-200004250000.nc
clh_CSAM-3_ERA5_evaluation_r1i1p1f1_ICTP_RegCM5-0_v1-r1_1hr_200004250100-200004260000.nc
clh_CSAM-3_ERA5_evaluation_r1i1p1f1_ICTP_RegCM5-0_v1-r1_1hr_200004260100-200004270000.nc
clh_CSAM-3_ERA5_evaluation_r1i1p1f1_ICTP_RegCM5-0_v1-r1_1hr_200004270100-200004280000.nc
clh_CSAM-3_ERA5_evaluation_r1i1p1f1_ICTP_RegCM5-0_v1-r1_1hr_200004280100-200004290000.nc
clh_CSAM-3_ERA5_evaluation_r1i1p1f1_ICTP_RegCM5-0_v1-r1_1hr_200004290100-200004300000.nc
clh_CSAM-3_ERA5_evaluation_r1i1p1f1_ICTP_RegCM5-0_v1-r1_1hr_200004300100-200005010000.nc
clh_CSAM-3_ERA5_evaluation_r1i1p1f1_ICTP_RegCM5-0_v1-r1_1hr_200005010100-200005020000.nc
clh_CSAM-3_ERA5_evaluation_r1i1p1f1_ICTP_RegCM5-0_v1-r1_1hr_200005020100-200005030000.nc
clh_CSAM-3_ERA5_evaluation_r1i1p1f1_ICTP_RegCM5-0_v1-r1_1hr_200005030100-200005040000.nc
clh_CSAM-3_ERA5_evaluation_r1i1p1f1_ICTP_RegCM5-0_v1-r1_1hr_200005040100-200005050000.nc
clh_CSAM-3_ERA5_evaluation_r1i1p1f1_ICTP_RegCM5-0_v1-r1_1hr_200005050100-200005060000.nc
clh_CSAM-3_ERA5_evaluation_r1i1p1f1_ICTP_RegCM5-0_v1-r1_1hr_200005060100-200005070000.nc
clh_CSAM-3_ERA5_evaluation_r1i1p1f1_ICTP_RegCM5-0_v1-r1_1hr_200005070100-200005080000.nc
clh_CSAM-3_ERA5_evaluation_r1i1p1f1_ICTP_RegCM5-0_v1-r1_1hr_200005080100-200005090000.nc
clh_CSAM-3_ERA5_evaluation_r1i1p1f1_ICTP_RegCM5-0_v1-r1_1hr_200005090100-200005100000.nc
clh_CSAM-3_ERA5_evaluation_r1i1p1f1_ICTP_RegCM5-0_v1-r1_1hr_200005100100-200005110000.nc
clh_CSAM-3_ERA5_evaluation_r1i1p1f1_ICTP_RegCM5-0_v1-r1_1hr_200005110100-200005120000.nc
clh_CSAM-3_ERA5_evaluation_r1i1p1f1_ICTP_RegCM5-0_v1-r1_1hr_200005120100-200005130000.nc
clh_CSAM-3_ERA5_evaluation_r1i1p1f1_ICTP_RegCM5-0_v1-r1_1hr_200005130100-200005140000.nc
clh_CSAM-3_ERA5_evaluation_r1i1p1f1_ICTP_RegCM5-0_v1-r1_1hr_200005140100-200005150000.nc
clh_CSAM-3_ERA5_evaluation_r1i1p1f1_ICTP_RegCM5-0_v1-r1_1hr_200005150100-200005160000.nc
clh_CSAM-3_ERA5_evaluation_r1i1p1f1_ICTP_RegCM5-0_v1-r1_1hr_200005160100-200005170000.nc
clh_CSAM-3_ERA5_evaluation_r1i1p1f1_ICTP_RegCM5-0_v1-r1_1hr_200005170100-200005180000.nc
clh_CSAM-3_ERA5_evaluation_r1i1p1f1_ICTP_RegCM5-0_v1-r1_1hr_200005180100-200005190000.nc
clh_CSAM-3_ERA5_evaluation_r1i1p1f1_ICTP_RegCM5-0_v1-r1_1hr_200005190100-200005200000.nc
clh_CSAM-3_ERA5_evaluation_r1i1p1f1_ICTP_RegCM5-0_v1-r1_1hr_200005200100-200005210000.nc
clh_CSAM-3_ERA5_evaluation_r1i1p1f1_ICTP_RegCM5-0_v1-r1_1hr_200005210100-200005220000.nc
clh_CSAM-3_ERA5_evaluation_r1i1p1f1_ICTP_RegCM5-0_v1-r1_1hr_200005220100-200005230000.nc
clh_CSAM-3_ERA5_evaluation_r1i1p1f1_ICTP_RegCM5-0_v1-r1_1hr_200005230100-200005240000.nc
clh_CSAM-3_ERA5_evaluation_r1i1p1f1_ICTP_RegCM5-0_v1-r1_1hr_200005240100-200005250000.nc
clh_CSAM-3_ERA5_evaluation_r1i1p1f1_ICTP_RegCM5-0_v1-r1_1hr_200005250100-200005260000.nc
clh_CSAM-3_ERA5_evaluation_r1i1p1f1_ICTP_RegCM5-0_v1-r1_1hr_200005260100-200005270000.nc
clh_CSAM-3_ERA5_evaluation_r1i1p1f1_ICTP_RegCM5-0_v1-r1_1hr_200005270100-200005280000.nc
clh_CSAM-3_ERA5_evaluation_r1i1p1f1_ICTP_RegCM5-0_v1-r1_1hr_200005280100-200005290000.nc
clh_CSAM-3_ERA5_evaluation_r1i1p1f1_ICTP_RegCM5-0_v1-r1_1hr_200005290100-200005300000.nc
clh_CSAM-3_ERA5_evaluation_r1i1p1f1_ICTP_RegCM5-0_v1-r1_1hr_200005300100-200005310000.nc
clh_CSAM-3_ERA5_evaluation_r1i1p1f1_ICTP_RegCM5-0_v1-r1_1hr_200005310100-200006010000.nc
clh_CSAM-3_ERA5_evaluation_r1i1p1f1_ICTP_RegCM5-0_v1-r1_1hr_200006010100-200006020000.nc
clh_CSAM-3_ERA5_evaluation_r1i1p1f1_ICTP_RegCM5-0_v1-r1_1hr_200006020100-200006030000.nc
clh_CSAM-3_ERA5_evaluation_r1i1p1f1_ICTP_RegCM5-0_v1-r1_1hr_200006030100-200006040000.nc
clh_CSAM-3_ERA5_evaluation_r1i1p1f1_ICTP_RegCM5-0_v1-r1_1hr_200006040100-200006050000.nc
clh_CSAM-3_ERA5_evaluation_r1i1p1f1_ICTP_RegCM5-0_v1-r1_1hr_200006050100-200006060000.nc
clh_CSAM-3_ERA5_evaluation_r1i1p1f1_ICTP_RegCM5-0_v1-r1_1hr_200006060100-200006070000.nc
clh_CSAM-3_ERA5_evaluation_r1i1p1f1_ICTP_RegCM5-0_v1-r1_1hr_200006070100-200006080000.nc
clh_CSAM-3_ERA5_evaluation_r1i1p1f1_ICTP_RegCM5-0_v1-r1_1hr_200006080100-200006090000.nc
clh_CSAM-3_ERA5_evaluation_r1i1p1f1_ICTP_RegCM5-0_v1-r1_1hr_200006090100-200006100000.nc
clh_CSAM-3_ERA5_evaluation_r1i1p1f1_ICTP_RegCM5-0_v1-r1_1hr_200006100100-200006110000.nc
clh_CSAM-3_ERA5_evaluation_r1i1p1f1_ICTP_RegCM5-0_v1-r1_1hr_200006110100-200006120000.nc
clh_CSAM-3_ERA5_evaluation_r1i1p1f1_ICTP_RegCM5-0_v1-r1_1hr_200006120100-200006130000.nc
clh_CSAM-3_ERA5_evaluation_r1i1p1f1_ICTP_RegCM5-0_v1-r1_1hr_200006130100-200006140000.nc
clh_CSAM-3_ERA5_evaluation_r1i1p1f1_ICTP_RegCM5-0_v1-r1_1hr_200006140100-200006150000.nc
clh_CSAM-3_ERA5_evaluation_r1i1p1f1_ICTP_RegCM5-0_v1-r1_1hr_200006150100-200006160000.nc
clh_CSAM-3_ERA5_evaluation_r1i1p1f1_ICTP_RegCM5-0_v1-r1_1hr_200006160100-200006170000.nc
clh_CSAM-3_ERA5_evaluation_r1i1p1f1_ICTP_RegCM5-0_v1-r1_1hr_200006170100-200006180000.nc
clh_CSAM-3_ERA5_evaluation_r1i1p1f1_ICTP_RegCM5-0_v1-r1_1hr_200006180100-200006190000.nc
clh_CSAM-3_ERA5_evaluation_r1i1p1f1_ICTP_RegCM5-0_v1-r1_1hr_200006190100-200006200000.nc
clh_CSAM-3_ERA5_evaluation_r1i1p1f1_ICTP_RegCM5-0_v1-r1_1hr_200006200100-200006210000.nc
clh_CSAM-3_ERA5_evaluation_r1i1p1f1_ICTP_RegCM5-0_v1-r1_1hr_200006210100-200006220000.nc
clh_CSAM-3_ERA5_evaluation_r1i1p1f1_ICTP_RegCM5-0_v1-r1_1hr_200006220100-200006230000.nc
clh_CSAM-3_ERA5_evaluation_r1i1p1f1_ICTP_RegCM5-0_v1-r1_1hr_200006230100-200006240000.nc
clh_CSAM-3_ERA5_evaluation_r1i1p1f1_ICTP_RegCM5-0_v1-r1_1hr_200006240100-200006250000.nc
clh_CSAM-3_ERA5_evaluation_r1i1p1f1_ICTP_RegCM5-0_v1-r1_1hr_200006250100-200006260000.nc
clh_CSAM-3_ERA5_evaluation_r1i1p1f1_ICTP_RegCM5-0_v1-r1_1hr_200006260100-200006270000.nc
clh_CSAM-3_ERA5_evaluation_r1i1p1f1_ICTP_RegCM5-0_v1-r1_1hr_200006270100-200006280000.nc
clh_CSAM-3_ERA5_evaluation_r1i1p1f1_ICTP_RegCM5-0_v1-r1_1hr_200006280100-200006290000.nc
clh_CSAM-3_ERA5_evaluation_r1i1p1f1_ICTP_RegCM5-0_v1-r1_1hr_200006290100-200006300000.nc
clh_CSAM-3_ERA5_evaluation_r1i1p1f1_ICTP_RegCM5-0_v1-r1_1hr_200006300100-200007010000.nc
clh_CSAM-3_ERA5_evaluation_r1i1p1f1_ICTP_RegCM5-0_v1-r1_1hr_200007010100-200007020000.nc
clh_CSAM-3_ERA5_evaluation_r1i1p1f1_ICTP_RegCM5-0_v1-r1_1hr_200007020100-200007030000.nc
clh_CSAM-3_ERA5_evaluation_r1i1p1f1_ICTP_RegCM5-0_v1-r1_1hr_200007030100-200007040000.nc
clh_CSAM-3_ERA5_evaluation_r1i1p1f1_ICTP_RegCM5-0_v1-r1_1hr_200007040100-200007050000.nc
clh_CSAM-3_ERA5_evaluation_r1i1p1f1_ICTP_RegCM5-0_v1-r1_1hr_200007050100-200007060000.nc
clh_CSAM-3_ERA5_evaluation_r1i1p1f1_ICTP_RegCM5-0_v1-r1_1hr_200007060100-200007070000.nc
clh_CSAM-3_ERA5_evaluation_r1i1p1f1_ICTP_RegCM5-0_v1-r1_1hr_200007070100-200007080000.nc
clh_CSAM-3_ERA5_evaluation_r1i1p1f1_ICTP_RegCM5-0_v1-r1_1hr_200007080100-200007090000.nc
clh_CSAM-3_ERA5_evaluation_r1i1p1f1_ICTP_RegCM5-0_v1-r1_1hr_200007090100-200007100000.nc
clh_CSAM-3_ERA5_evaluation_r1i1p1f1_ICTP_RegCM5-0_v1-r1_1hr_200007100100-200007110000.nc
clh_CSAM-3_ERA5_evaluation_r1i1p1f1_ICTP_RegCM5-0_v1-r1_1hr_200007110100-200007120000.nc
clh_CSAM-3_ERA5_evaluation_r1i1p1f1_ICTP_RegCM5-0_v1-r1_1hr_200007120100-200007130000.nc
clh_CSAM-3_ERA5_evaluation_r1i1p1f1_ICTP_RegCM5-0_v1-r1_1hr_200007130100-200007140000.nc
clh_CSAM-3_ERA5_evaluation_r1i1p1f1_ICTP_RegCM5-0_v1-r1_1hr_200007140100-200007150000.nc
clh_CSAM-3_ERA5_evaluation_r1i1p1f1_ICTP_RegCM5-0_v1-r1_1hr_200007150100-200007160000.nc
clh_CSAM-3_ERA5_evaluation_r1i1p1f1_ICTP_RegCM5-0_v1-r1_1hr_200007160100-200007170000.nc
clh_CSAM-3_ERA5_evaluation_r1i1p1f1_ICTP_RegCM5-0_v1-r1_1hr_200007170100-200007180000.nc
clh_CSAM-3_ERA5_evaluation_r1i1p1f1_ICTP_RegCM5-0_v1-r1_1hr_200007180100-200007190000.nc
clh_CSAM-3_ERA5_evaluation_r1i1p1f1_ICTP_RegCM5-0_v1-r1_1hr_200007190100-200007200000.nc
clh_CSAM-3_ERA5_evaluation_r1i1p1f1_ICTP_RegCM5-0_v1-r1_1hr_200007200100-200007210000.nc
clh_CSAM-3_ERA5_evaluation_r1i1p1f1_ICTP_RegCM5-0_v1-r1_1hr_200007210100-200007220000.nc
clh_CSAM-3_ERA5_evaluation_r1i1p1f1_ICTP_RegCM5-0_v1-r1_1hr_200007220100-200007230000.nc
clh_CSAM-3_ERA5_evaluation_r1i1p1f1_ICTP_RegCM5-0_v1-r1_1hr_200007230100-200007240000.nc
clh_CSAM-3_ERA5_evaluation_r1i1p1f1_ICTP_RegCM5-0_v1-r1_1hr_200007240100-200007250000.nc
clh_CSAM-3_ERA5_evaluation_r1i1p1f1_ICTP_RegCM5-0_v1-r1_1hr_200007250100-200007260000.nc
clh_CSAM-3_ERA5_evaluation_r1i1p1f1_ICTP_RegCM5-0_v1-r1_1hr_200007260100-200007270000.nc
clh_CSAM-3_ERA5_evaluation_r1i1p1f1_ICTP_RegCM5-0_v1-r1_1hr_200007270100-200007280000.nc
clh_CSAM-3_ERA5_evaluation_r1i1p1f1_ICTP_RegCM5-0_v1-r1_1hr_200007280100-200007290000.nc
clh_CSAM-3_ERA5_evaluation_r1i1p1f1_ICTP_RegCM5-0_v1-r1_1hr_200007290100-200007300000.nc
clh_CSAM-3_ERA5_evaluation_r1i1p1f1_ICTP_RegCM5-0_v1-r1_1hr_200007300100-200007310000.nc
clh_CSAM-3_ERA5_evaluation_r1i1p1f1_ICTP_RegCM5-0_v1-r1_1hr_200007310100-200008010000.nc
clh_CSAM-3_ERA5_evaluation_r1i1p1f1_ICTP_RegCM5-0_v1-r1_1hr_200008010100-200008020000.nc
clh_CSAM-3_ERA5_evaluation_r1i1p1f1_ICTP_RegCM5-0_v1-r1_1hr_200008020100-200008030000.nc
clh_CSAM-3_ERA5_evaluation_r1i1p1f1_ICTP_RegCM5-0_v1-r1_1hr_200008030100-200008040000.nc
clh_CSAM-3_ERA5_evaluation_r1i1p1f1_ICTP_RegCM5-0_v1-r1_1hr_200008040100-200008050000.nc
clh_CSAM-3_ERA5_evaluation_r1i1p1f1_ICTP_RegCM5-0_v1-r1_1hr_200008050100-200008060000.nc
clh_CSAM-3_ERA5_evaluation_r1i1p1f1_ICTP_RegCM5-0_v1-r1_1hr_200008060100-200008070000.nc
clh_CSAM-3_ERA5_evaluation_r1i1p1f1_ICTP_RegCM5-0_v1-r1_1hr_200008070100-200008080000.nc
clh_CSAM-3_ERA5_evaluation_r1i1p1f1_ICTP_RegCM5-0_v1-r1_1hr_200008080100-200008090000.nc
clh_CSAM-3_ERA5_evaluation_r1i1p1f1_ICTP_RegCM5-0_v1-r1_1hr_200008090100-200008100000.nc
clh_CSAM-3_ERA5_evaluation_r1i1p1f1_ICTP_RegCM5-0_v1-r1_1hr_200008100100-200008110000.nc
clh_CSAM-3_ERA5_evaluation_r1i1p1f1_ICTP_RegCM5-0_v1-r1_1hr_200008110100-200008120000.nc
clh_CSAM-3_ERA5_evaluation_r1i1p1f1_ICTP_RegCM5-0_v1-r1_1hr_200008120100-200008130000.nc
clh_CSAM-3_ERA5_evaluation_r1i1p1f1_ICTP_RegCM5-0_v1-r1_1hr_200008130100-200008140000.nc
clh_CSAM-3_ERA5_evaluation_r1i1p1f1_ICTP_RegCM5-0_v1-r1_1hr_200008140100-200008150000.nc
clh_CSAM-3_ERA5_evaluation_r1i1p1f1_ICTP_RegCM5-0_v1-r1_1hr_200008150100-200008160000.nc
clh_CSAM-3_ERA5_evaluation_r1i1p1f1_ICTP_RegCM5-0_v1-r1_1hr_200008160100-200008170000.nc
clh_CSAM-3_ERA5_evaluation_r1i1p1f1_ICTP_RegCM5-0_v1-r1_1hr_200008170100-200008180000.nc
clh_CSAM-3_ERA5_evaluation_r1i1p1f1_ICTP_RegCM5-0_v1-r1_1hr_200008180100-200008190000.nc
clh_CSAM-3_ERA5_evaluation_r1i1p1f1_ICTP_RegCM5-0_v1-r1_1hr_200008190100-200008200000.nc
clh_CSAM-3_ERA5_evaluation_r1i1p1f1_ICTP_RegCM5-0_v1-r1_1hr_200008200100-200008210000.nc
clh_CSAM-3_ERA5_evaluation_r1i1p1f1_ICTP_RegCM5-0_v1-r1_1hr_200008210100-200008220000.nc
clh_CSAM-3_ERA5_evaluation_r1i1p1f1_ICTP_RegCM5-0_v1-r1_1hr_200008220100-200008230000.nc
clh_CSAM-3_ERA5_evaluation_r1i1p1f1_ICTP_RegCM5-0_v1-r1_1hr_200008230100-200008240000.nc
clh_CSAM-3_ERA5_evaluation_r1i1p1f1_ICTP_RegCM5-0_v1-r1_1hr_200008240100-200008250000.nc
clh_CSAM-3_ERA5_evaluation_r1i1p1f1_ICTP_RegCM5-0_v1-r1_1hr_200008250100-200008260000.nc
clh_CSAM-3_ERA5_evaluation_r1i1p1f1_ICTP_RegCM5-0_v1-r1_1hr_200008260100-200008270000.nc
clh_CSAM-3_ERA5_evaluation_r1i1p1f1_ICTP_RegCM5-0_v1-r1_1hr_200008270100-200008280000.nc
clh_CSAM-3_ERA5_evaluation_r1i1p1f1_ICTP_RegCM5-0_v1-r1_1hr_200008280100-200008290000.nc
clh_CSAM-3_ERA5_evaluation_r1i1p1f1_ICTP_RegCM5-0_v1-r1_1hr_200008290100-200008300000.nc
clh_CSAM-3_ERA5_evaluation_r1i1p1f1_ICTP_RegCM5-0_v1-r1_1hr_200008300100-200008310000.nc
clh_CSAM-3_ERA5_evaluation_r1i1p1f1_ICTP_RegCM5-0_v1-r1_1hr_200008310100-200009010000.nc
clh_CSAM-3_ERA5_evaluation_r1i1p1f1_ICTP_RegCM5-0_v1-r1_1hr_200009010100-200009020000.nc
clh_CSAM-3_ERA5_evaluation_r1i1p1f1_ICTP_RegCM5-0_v1-r1_1hr_200009020100-200009030000.nc
clh_CSAM-3_ERA5_evaluation_r1i1p1f1_ICTP_RegCM5-0_v1-r1_1hr_200009030100-200009040000.nc
clh_CSAM-3_ERA5_evaluation_r1i1p1f1_ICTP_RegCM5-0_v1-r1_1hr_200009040100-200009050000.nc
clh_CSAM-3_ERA5_evaluation_r1i1p1f1_ICTP_RegCM5-0_v1-r1_1hr_200009050100-200009060000.nc
clh_CSAM-3_ERA5_evaluation_r1i1p1f1_ICTP_RegCM5-0_v1-r1_1hr_200009060100-200009070000.nc
clh_CSAM-3_ERA5_evaluation_r1i1p1f1_ICTP_RegCM5-0_v1-r1_1hr_200009070100-200009080000.nc
clh_CSAM-3_ERA5_evaluation_r1i1p1f1_ICTP_RegCM5-0_v1-r1_1hr_200009080100-200009090000.nc
clh_CSAM-3_ERA5_evaluation_r1i1p1f1_ICTP_RegCM5-0_v1-r1_1hr_200009090100-200009100000.nc
clh_CSAM-3_ERA5_evaluation_r1i1p1f1_ICTP_RegCM5-0_v1-r1_1hr_200009100100-200009110000.nc
clh_CSAM-3_ERA5_evaluation_r1i1p1f1_ICTP_RegCM5-0_v1-r1_1hr_200009110100-200009120000.nc
clh_CSAM-3_ERA5_evaluation_r1i1p1f1_ICTP_RegCM5-0_v1-r1_1hr_200009120100-200009130000.nc
clh_CSAM-3_ERA5_evaluation_r1i1p1f1_ICTP_RegCM5-0_v1-r1_1hr_200009130100-200009140000.nc
clh_CSAM-3_ERA5_evaluation_r1i1p1f1_ICTP_RegCM5-0_v1-r1_1hr_200009140100-200009150000.nc
clh_CSAM-3_ERA5_evaluation_r1i1p1f1_ICTP_RegCM5-0_v1-r1_1hr_200009150100-200009160000.nc
clh_CSAM-3_ERA5_evaluation_r1i1p1f1_ICTP_RegCM5-0_v1-r1_1hr_200009160100-200009170000.nc
clh_CSAM-3_ERA5_evaluation_r1i1p1f1_ICTP_RegCM5-0_v1-r1_1hr_200009170100-200009180000.nc
clh_CSAM-3_ERA5_evaluation_r1i1p1f1_ICTP_RegCM5-0_v1-r1_1hr_200009180100-200009190000.nc
clh_CSAM-3_ERA5_evaluation_r1i1p1f1_ICTP_RegCM5-0_v1-r1_1hr_200009190100-200009200000.nc
clh_CSAM-3_ERA5_evaluation_r1i1p1f1_ICTP_RegCM5-0_v1-r1_1hr_200009200100-200009210000.nc
clh_CSAM-3_ERA5_evaluation_r1i1p1f1_ICTP_RegCM5-0_v1-r1_1hr_200009210100-200009220000.nc
clh_CSAM-3_ERA5_evaluation_r1i1p1f1_ICTP_RegCM5-0_v1-r1_1hr_200009220100-200009230000.nc
clh_CSAM-3_ERA5_evaluation_r1i1p1f1_ICTP_RegCM5-0_v1-r1_1hr_200009230100-200009240000.nc
clh_CSAM-3_ERA5_evaluation_r1i1p1f1_ICTP_RegCM5-0_v1-r1_1hr_200009240100-200009250000.nc
clh_CSAM-3_ERA5_evaluation_r1i1p1f1_ICTP_RegCM5-0_v1-r1_1hr_200009250100-200009260000.nc
clh_CSAM-3_ERA5_evaluation_r1i1p1f1_ICTP_RegCM5-0_v1-r1_1hr_200009260100-200009270000.nc
clh_CSAM-3_ERA5_evaluation_r1i1p1f1_ICTP_RegCM5-0_v1-r1_1hr_200009270100-200009280000.nc
clh_CSAM-3_ERA5_evaluation_r1i1p1f1_ICTP_RegCM5-0_v1-r1_1hr_200009280100-200009290000.nc
clh_CSAM-3_ERA5_evaluation_r1i1p1f1_ICTP_RegCM5-0_v1-r1_1hr_200009290100-200009300000.nc
clh_CSAM-3_ERA5_evaluation_r1i1p1f1_ICTP_RegCM5-0_v1-r1_1hr_200009300100-200010010000.nc
clh_CSAM-3_ERA5_evaluation_r1i1p1f1_ICTP_RegCM5-0_v1-r1_1hr_200010010100-200010020000.nc
clh_CSAM-3_ERA5_evaluation_r1i1p1f1_ICTP_RegCM5-0_v1-r1_1hr_200010020100-200010030000.nc
clh_CSAM-3_ERA5_evaluation_r1i1p1f1_ICTP_RegCM5-0_v1-r1_1hr_200010030100-200010040000.nc
clh_CSAM-3_ERA5_evaluation_r1i1p1f1_ICTP_RegCM5-0_v1-r1_1hr_200010040100-200010050000.nc
clh_CSAM-3_ERA5_evaluation_r1i1p1f1_ICTP_RegCM5-0_v1-r1_1hr_200010050100-200010060000.nc
clh_CSAM-3_ERA5_evaluation_r1i1p1f1_ICTP_RegCM5-0_v1-r1_1hr_200010060100-200010070000.nc
clh_CSAM-3_ERA5_evaluation_r1i1p1f1_ICTP_RegCM5-0_v1-r1_1hr_200010070100-200010080000.nc
clh_CSAM-3_ERA5_evaluation_r1i1p1f1_ICTP_RegCM5-0_v1-r1_1hr_200010080100-200010090000.nc
clh_CSAM-3_ERA5_evaluation_r1i1p1f1_ICTP_RegCM5-0_v1-r1_1hr_200010090100-200010100000.nc
clh_CSAM-3_ERA5_evaluation_r1i1p1f1_ICTP_RegCM5-0_v1-r1_1hr_200010100100-200010110000.nc
clh_CSAM-3_ERA5_evaluation_r1i1p1f1_ICTP_RegCM5-0_v1-r1_1hr_200010110100-200010120000.nc
clh_CSAM-3_ERA5_evaluation_r1i1p1f1_ICTP_RegCM5-0_v1-r1_1hr_200010120100-200010130000.nc
clh_CSAM-3_ERA5_evaluation_r1i1p1f1_ICTP_RegCM5-0_v1-r1_1hr_200010130100-200010140000.nc
clh_CSAM-3_ERA5_evaluation_r1i1p1f1_ICTP_RegCM5-0_v1-r1_1hr_200010140100-200010150000.nc
clh_CSAM-3_ERA5_evaluation_r1i1p1f1_ICTP_RegCM5-0_v1-r1_1hr_200010150100-200010160000.nc
clh_CSAM-3_ERA5_evaluation_r1i1p1f1_ICTP_RegCM5-0_v1-r1_1hr_200010160100-200010170000.nc
clh_CSAM-3_ERA5_evaluation_r1i1p1f1_ICTP_RegCM5-0_v1-r1_1hr_200010170100-200010180000.nc
clh_CSAM-3_ERA5_evaluation_r1i1p1f1_ICTP_RegCM5-0_v1-r1_1hr_200010180100-200010190000.nc
clh_CSAM-3_ERA5_evaluation_r1i1p1f1_ICTP_RegCM5-0_v1-r1_1hr_200010190100-200010200000.nc
clh_CSAM-3_ERA5_evaluation_r1i1p1f1_ICTP_RegCM5-0_v1-r1_1hr_200010200100-200010210000.nc
clh_CSAM-3_ERA5_evaluation_r1i1p1f1_ICTP_RegCM5-0_v1-r1_1hr_200010210100-200010220000.nc
clh_CSAM-3_ERA5_evaluation_r1i1p1f1_ICTP_RegCM5-0_v1-r1_1hr_200010220100-200010230000.nc
clh_CSAM-3_ERA5_evaluation_r1i1p1f1_ICTP_RegCM5-0_v1-r1_1hr_200010230100-200010240000.nc
clh_CSAM-3_ERA5_evaluation_r1i1p1f1_ICTP_RegCM5-0_v1-r1_1hr_200010240100-200010250000.nc
clh_CSAM-3_ERA5_evaluation_r1i1p1f1_ICTP_RegCM5-0_v1-r1_1hr_200010250100-200010260000.nc
clh_CSAM-3_ERA5_evaluation_r1i1p1f1_ICTP_RegCM5-0_v1-r1_1hr_200010260100-200010270000.nc
clh_CSAM-3_ERA5_evaluation_r1i1p1f1_ICTP_RegCM5-0_v1-r1_1hr_200010270100-200010280000.nc
clh_CSAM-3_ERA5_evaluation_r1i1p1f1_ICTP_RegCM5-0_v1-r1_1hr_200010280100-200010290000.nc
clh_CSAM-3_ERA5_evaluation_r1i1p1f1_ICTP_RegCM5-0_v1-r1_1hr_200010290100-200010300000.nc
clh_CSAM-3_ERA5_evaluation_r1i1p1f1_ICTP_RegCM5-0_v1-r1_1hr_200010300100-200010310000.nc
clh_CSAM-3_ERA5_evaluation_r1i1p1f1_ICTP_RegCM5-0_v1-r1_1hr_200010310100-200011010000.nc
clh_CSAM-3_ERA5_evaluation_r1i1p1f1_ICTP_RegCM5-0_v1-r1_1hr_200011010100-200011020000.nc
clh_CSAM-3_ERA5_evaluation_r1i1p1f1_ICTP_RegCM5-0_v1-r1_1hr_200011020100-200011030000.nc
clh_CSAM-3_ERA5_evaluation_r1i1p1f1_ICTP_RegCM5-0_v1-r1_1hr_200011030100-200011040000.nc
clh_CSAM-3_ERA5_evaluation_r1i1p1f1_ICTP_RegCM5-0_v1-r1_1hr_200011040100-200011050000.nc
clh_CSAM-3_ERA5_evaluation_r1i1p1f1_ICTP_RegCM5-0_v1-r1_1hr_200011050100-200011060000.nc
clh_CSAM-3_ERA5_evaluation_r1i1p1f1_ICTP_RegCM5-0_v1-r1_1hr_200011060100-200011070000.nc
clh_CSAM-3_ERA5_evaluation_r1i1p1f1_ICTP_RegCM5-0_v1-r1_1hr_200011070100-200011080000.nc
clh_CSAM-3_ERA5_evaluation_r1i1p1f1_ICTP_RegCM5-0_v1-r1_1hr_200011080100-200011090000.nc
clh_CSAM-3_ERA5_evaluation_r1i1p1f1_ICTP_RegCM5-0_v1-r1_1hr_200011090100-200011100000.nc
clh_CSAM-3_ERA5_evaluation_r1i1p1f1_ICTP_RegCM5-0_v1-r1_1hr_200011100100-200011110000.nc
clh_CSAM-3_ERA5_evaluation_r1i1p1f1_ICTP_RegCM5-0_v1-r1_1hr_200011110100-200011120000.nc
clh_CSAM-3_ERA5_evaluation_r1i1p1f1_ICTP_RegCM5-0_v1-r1_1hr_200011120100-200011130000.nc
clh_CSAM-3_ERA5_evaluation_r1i1p1f1_ICTP_RegCM5-0_v1-r1_1hr_200011130100-200011140000.nc
clh_CSAM-3_ERA5_evaluation_r1i1p1f1_ICTP_RegCM5-0_v1-r1_1hr_200011140100-200011150000.nc
clh_CSAM-3_ERA5_evaluation_r1i1p1f1_ICTP_RegCM5-0_v1-r1_1hr_200011150100-200011160000.nc
clh_CSAM-3_ERA5_evaluation_r1i1p1f1_ICTP_RegCM5-0_v1-r1_1hr_200011160100-200011170000.nc
clh_CSAM-3_ERA5_evaluation_r1i1p1f1_ICTP_RegCM5-0_v1-r1_1hr_200011170100-200011180000.nc
clh_CSAM-3_ERA5_evaluation_r1i1p1f1_ICTP_RegCM5-0_v1-r1_1hr_200011180100-200011190000.nc
clh_CSAM-3_ERA5_evaluation_r1i1p1f1_ICTP_RegCM5-0_v1-r1_1hr_200011190100-200011200000.nc
clh_CSAM-3_ERA5_evaluation_r1i1p1f1_ICTP_RegCM5-0_v1-r1_1hr_200011200100-200011210000.nc
clh_CSAM-3_ERA5_evaluation_r1i1p1f1_ICTP_RegCM5-0_v1-r1_1hr_200011210100-200011220000.nc
clh_CSAM-3_ERA5_evaluation_r1i1p1f1_ICTP_RegCM5-0_v1-r1_1hr_200011220100-200011230000.nc
clh_CSAM-3_ERA5_evaluation_r1i1p1f1_ICTP_RegCM5-0_v1-r1_1hr_200011230100-200011240000.nc
clh_CSAM-3_ERA5_evaluation_r1i1p1f1_ICTP_RegCM5-0_v1-r1_1hr_200011240100-200011250000.nc
clh_CSAM-3_ERA5_evaluation_r1i1p1f1_ICTP_RegCM5-0_v1-r1_1hr_200011250100-200011260000.nc
clh_CSAM-3_ERA5_evaluation_r1i1p1f1_ICTP_RegCM5-0_v1-r1_1hr_200011260100-200011270000.nc
clh_CSAM-3_ERA5_evaluation_r1i1p1f1_ICTP_RegCM5-0_v1-r1_1hr_200011270100-200011280000.nc
clh_CSAM-3_ERA5_evaluation_r1i1p1f1_ICTP_RegCM5-0_v1-r1_1hr_200011280100-200011290000.nc
clh_CSAM-3_ERA5_evaluation_r1i1p1f1_ICTP_RegCM5-0_v1-r1_1hr_200011290100-200011300000.nc
clh_CSAM-3_ERA5_evaluation_r1i1p1f1_ICTP_RegCM5-0_v1-r1_1hr_200011300100-200012010000.nc
clh_CSAM-3_ERA5_evaluation_r1i1p1f1_ICTP_RegCM5-0_v1-r1_1hr_200012010100-200012020000.nc
clh_CSAM-3_ERA5_evaluation_r1i1p1f1_ICTP_RegCM5-0_v1-r1_1hr_200012020100-200012030000.nc
clh_CSAM-3_ERA5_evaluation_r1i1p1f1_ICTP_RegCM5-0_v1-r1_1hr_200012030100-200012040000.nc
clh_CSAM-3_ERA5_evaluation_r1i1p1f1_ICTP_RegCM5-0_v1-r1_1hr_200012040100-200012050000.nc
clh_CSAM-3_ERA5_evaluation_r1i1p1f1_ICTP_RegCM5-0_v1-r1_1hr_200012050100-200012060000.nc
clh_CSAM-3_ERA5_evaluation_r1i1p1f1_ICTP_RegCM5-0_v1-r1_1hr_200012060100-200012070000.nc
clh_CSAM-3_ERA5_evaluation_r1i1p1f1_ICTP_RegCM5-0_v1-r1_1hr_200012070100-200012080000.nc
clh_CSAM-3_ERA5_evaluation_r1i1p1f1_ICTP_RegCM5-0_v1-r1_1hr_200012080100-200012090000.nc
clh_CSAM-3_ERA5_evaluation_r1i1p1f1_ICTP_RegCM5-0_v1-r1_1hr_200012090100-200012100000.nc
clh_CSAM-3_ERA5_evaluation_r1i1p1f1_ICTP_RegCM5-0_v1-r1_1hr_200012100100-200012110000.nc
clh_CSAM-3_ERA5_evaluation_r1i1p1f1_ICTP_RegCM5-0_v1-r1_1hr_200012110100-200012120000.nc
clh_CSAM-3_ERA5_evaluation_r1i1p1f1_ICTP_RegCM5-0_v1-r1_1hr_200012120100-200012130000.nc
clh_CSAM-3_ERA5_evaluation_r1i1p1f1_ICTP_RegCM5-0_v1-r1_1hr_200012130100-200012140000.nc
clh_CSAM-3_ERA5_evaluation_r1i1p1f1_ICTP_RegCM5-0_v1-r1_1hr_200012140100-200012150000.nc
clh_CSAM-3_ERA5_evaluation_r1i1p1f1_ICTP_RegCM5-0_v1-r1_1hr_200012150100-200012160000.nc
clh_CSAM-3_ERA5_evaluation_r1i1p1f1_ICTP_RegCM5-0_v1-r1_1hr_200012160100-200012170000.nc
clh_CSAM-3_ERA5_evaluation_r1i1p1f1_ICTP_RegCM5-0_v1-r1_1hr_200012170100-200012180000.nc
clh_CSAM-3_ERA5_evaluation_r1i1p1f1_ICTP_RegCM5-0_v1-r1_1hr_200012180100-200012190000.nc
clh_CSAM-3_ERA5_evaluation_r1i1p1f1_ICTP_RegCM5-0_v1-r1_1hr_200012190100-200012200000.nc
clh_CSAM-3_ERA5_evaluation_r1i1p1f1_ICTP_RegCM5-0_v1-r1_1hr_200012200100-200012210000.nc
clh_CSAM-3_ERA5_evaluation_r1i1p1f1_ICTP_RegCM5-0_v1-r1_1hr_200012210100-200012220000.nc
clh_CSAM-3_ERA5_evaluation_r1i1p1f1_ICTP_RegCM5-0_v1-r1_1hr_200012220100-200012230000.nc
clh_CSAM-3_ERA5_evaluation_r1i1p1f1_ICTP_RegCM5-0_v1-r1_1hr_200012230100-200012240000.nc
clh_CSAM-3_ERA5_evaluation_r1i1p1f1_ICTP_RegCM5-0_v1-r1_1hr_200012240100-200012250000.nc
clh_CSAM-3_ERA5_evaluation_r1i1p1f1_ICTP_RegCM5-0_v1-r1_1hr_200012250100-200012260000.nc
clh_CSAM-3_ERA5_evaluation_r1i1p1f1_ICTP_RegCM5-0_v1-r1_1hr_200012260100-200012270000.nc
clh_CSAM-3_ERA5_evaluation_r1i1p1f1_ICTP_RegCM5-0_v1-r1_1hr_200012270100-200012280000.nc
clh_CSAM-3_ERA5_evaluation_r1i1p1f1_ICTP_RegCM5-0_v1-r1_1hr_200012280100-200012290000.nc
clh_CSAM-3_ERA5_evaluation_r1i1p1f1_ICTP_RegCM5-0_v1-r1_1hr_200012290100-200012300000.nc
clh_CSAM-3_ERA5_evaluation_r1i1p1f1_ICTP_RegCM5-0_v1-r1_1hr_200012300100-200012310000.nc
clh_CSAM-3_ERA5_evaluation_r1i1p1f1_ICTP_RegCM5-0_v1-r1_1hr_200012310100-200101010000.nc
Files: clivi_CSAM-3_ERA5_evaluation_r1i1p1f1_ICTP_RegCM5-0_v1-r1_1hr_200001010100-200001020000.nc
clivi_CSAM-3_ERA5_evaluation_r1i1p1f1_ICTP_RegCM5-0_v1-r1_1hr_200001020100-200001030000.nc
clivi_CSAM-3_ERA5_evaluation_r1i1p1f1_ICTP_RegCM5-0_v1-r1_1hr_200001030100-200001040000.nc
clivi_CSAM-3_ERA5_evaluation_r1i1p1f1_ICTP_RegCM5-0_v1-r1_1hr_200001040100-200001050000.nc
clivi_CSAM-3_ERA5_evaluation_r1i1p1f1_ICTP_RegCM5-0_v1-r1_1hr_200001050100-200001060000.nc
clivi_CSAM-3_ERA5_evaluation_r1i1p1f1_ICTP_RegCM5-0_v1-r1_1hr_200001060100-200001070000.nc
clivi_CSAM-3_ERA5_evaluation_r1i1p1f1_ICTP_RegCM5-0_v1-r1_1hr_200001070100-200001080000.nc
clivi_CSAM-3_ERA5_evaluation_r1i1p1f1_ICTP_RegCM5-0_v1-r1_1hr_200001080100-200001090000.nc
clivi_CSAM-3_ERA5_evaluation_r1i1p1f1_ICTP_RegCM5-0_v1-r1_1hr_200001090100-200001100000.nc
clivi_CSAM-3_ERA5_evaluation_r1i1p1f1_ICTP_RegCM5-0_v1-r1_1hr_200001100100-200001110000.nc
clivi_CSAM-3_ERA5_evaluation_r1i1p1f1_ICTP_RegCM5-0_v1-r1_1hr_200001110100-200001120000.nc
clivi_CSAM-3_ERA5_evaluation_r1i1p1f1_ICTP_RegCM5-0_v1-r1_1hr_200001120100-200001130000.nc
clivi_CSAM-3_ERA5_evaluation_r1i1p1f1_ICTP_RegCM5-0_v1-r1_1hr_200001130100-200001140000.nc
clivi_CSAM-3_ERA5_evaluation_r1i1p1f1_ICTP_RegCM5-0_v1-r1_1hr_200001140100-200001150000.nc
clivi_CSAM-3_ERA5_evaluation_r1i1p1f1_ICTP_RegCM5-0_v1-r1_1hr_200001150100-200001160000.nc
clivi_CSAM-3_ERA5_evaluation_r1i1p1f1_ICTP_RegCM5-0_v1-r1_1hr_200001160100-200001170000.nc
clivi_CSAM-3_ERA5_evaluation_r1i1p1f1_ICTP_RegCM5-0_v1-r1_1hr_200001170100-200001180000.nc
clivi_CSAM-3_ERA5_evaluation_r1i1p1f1_ICTP_RegCM5-0_v1-r1_1hr_200001180100-200001190000.nc
clivi_CSAM-3_ERA5_evaluation_r1i1p1f1_ICTP_RegCM5-0_v1-r1_1hr_200001190100-200001200000.nc
clivi_CSAM-3_ERA5_evaluation_r1i1p1f1_ICTP_RegCM5-0_v1-r1_1hr_200001200100-200001210000.nc
clivi_CSAM-3_ERA5_evaluation_r1i1p1f1_ICTP_RegCM5-0_v1-r1_1hr_200001210100-200001220000.nc
clivi_CSAM-3_ERA5_evaluation_r1i1p1f1_ICTP_RegCM5-0_v1-r1_1hr_200001220100-200001230000.nc
clivi_CSAM-3_ERA5_evaluation_r1i1p1f1_ICTP_RegCM5-0_v1-r1_1hr_200001230100-200001240000.nc
clivi_CSAM-3_ERA5_evaluation_r1i1p1f1_ICTP_RegCM5-0_v1-r1_1hr_200001240100-200001250000.nc
clivi_CSAM-3_ERA5_evaluation_r1i1p1f1_ICTP_RegCM5-0_v1-r1_1hr_200001250100-200001260000.nc
clivi_CSAM-3_ERA5_evaluation_r1i1p1f1_ICTP_RegCM5-0_v1-r1_1hr_200001260100-200001270000.nc
clivi_CSAM-3_ERA5_evaluation_r1i1p1f1_ICTP_RegCM5-0_v1-r1_1hr_200001270100-200001280000.nc
clivi_CSAM-3_ERA5_evaluation_r1i1p1f1_ICTP_RegCM5-0_v1-r1_1hr_200001280100-200001290000.nc
clivi_CSAM-3_ERA5_evaluation_r1i1p1f1_ICTP_RegCM5-0_v1-r1_1hr_200001290100-200001300000.nc
clivi_CSAM-3_ERA5_evaluation_r1i1p1f1_ICTP_RegCM5-0_v1-r1_1hr_200001300100-200001310000.nc
clivi_CSAM-3_ERA5_evaluation_r1i1p1f1_ICTP_RegCM5-0_v1-r1_1hr_200001310100-200002010000.nc
clivi_CSAM-3_ERA5_evaluation_r1i1p1f1_ICTP_RegCM5-0_v1-r1_1hr_200002010100-200002020000.nc
clivi_CSAM-3_ERA5_evaluation_r1i1p1f1_ICTP_RegCM5-0_v1-r1_1hr_200002020100-200002030000.nc
clivi_CSAM-3_ERA5_evaluation_r1i1p1f1_ICTP_RegCM5-0_v1-r1_1hr_200002030100-200002040000.nc
clivi_CSAM-3_ERA5_evaluation_r1i1p1f1_ICTP_RegCM5-0_v1-r1_1hr_200002040100-200002050000.nc
clivi_CSAM-3_ERA5_evaluation_r1i1p1f1_ICTP_RegCM5-0_v1-r1_1hr_200002050100-200002060000.nc
clivi_CSAM-3_ERA5_evaluation_r1i1p1f1_ICTP_RegCM5-0_v1-r1_1hr_200002060100-200002070000.nc
clivi_CSAM-3_ERA5_evaluation_r1i1p1f1_ICTP_RegCM5-0_v1-r1_1hr_200002070100-200002080000.nc
clivi_CSAM-3_ERA5_evaluation_r1i1p1f1_ICTP_RegCM5-0_v1-r1_1hr_200002080100-200002090000.nc
clivi_CSAM-3_ERA5_evaluation_r1i1p1f1_ICTP_RegCM5-0_v1-r1_1hr_200002090100-200002100000.nc
clivi_CSAM-3_ERA5_evaluation_r1i1p1f1_ICTP_RegCM5-0_v1-r1_1hr_200002100100-200002110000.nc
clivi_CSAM-3_ERA5_evaluation_r1i1p1f1_ICTP_RegCM5-0_v1-r1_1hr_200002110100-200002120000.nc
clivi_CSAM-3_ERA5_evaluation_r1i1p1f1_ICTP_RegCM5-0_v1-r1_1hr_200002120100-200002130000.nc
clivi_CSAM-3_ERA5_evaluation_r1i1p1f1_ICTP_RegCM5-0_v1-r1_1hr_200002130100-200002140000.nc
clivi_CSAM-3_ERA5_evaluation_r1i1p1f1_ICTP_RegCM5-0_v1-r1_1hr_200002140100-200002150000.nc
clivi_CSAM-3_ERA5_evaluation_r1i1p1f1_ICTP_RegCM5-0_v1-r1_1hr_200002150100-200002160000.nc
clivi_CSAM-3_ERA5_evaluation_r1i1p1f1_ICTP_RegCM5-0_v1-r1_1hr_200002160100-200002170000.nc
clivi_CSAM-3_ERA5_evaluation_r1i1p1f1_ICTP_RegCM5-0_v1-r1_1hr_200002170100-200002180000.nc
clivi_CSAM-3_ERA5_evaluation_r1i1p1f1_ICTP_RegCM5-0_v1-r1_1hr_200002180100-200002190000.nc
clivi_CSAM-3_ERA5_evaluation_r1i1p1f1_ICTP_RegCM5-0_v1-r1_1hr_200002190100-200002200000.nc
clivi_CSAM-3_ERA5_evaluation_r1i1p1f1_ICTP_RegCM5-0_v1-r1_1hr_200002200100-200002210000.nc
clivi_CSAM-3_ERA5_evaluation_r1i1p1f1_ICTP_RegCM5-0_v1-r1_1hr_200002210100-200002220000.nc
clivi_CSAM-3_ERA5_evaluation_r1i1p1f1_ICTP_RegCM5-0_v1-r1_1hr_200002220100-200002230000.nc
clivi_CSAM-3_ERA5_evaluation_r1i1p1f1_ICTP_RegCM5-0_v1-r1_1hr_200002230100-200002240000.nc
clivi_CSAM-3_ERA5_evaluation_r1i1p1f1_ICTP_RegCM5-0_v1-r1_1hr_200002240100-200002250000.nc
clivi_CSAM-3_ERA5_evaluation_r1i1p1f1_ICTP_RegCM5-0_v1-r1_1hr_200002250100-200002260000.nc
clivi_CSAM-3_ERA5_evaluation_r1i1p1f1_ICTP_RegCM5-0_v1-r1_1hr_200002260100-200002270000.nc
clivi_CSAM-3_ERA5_evaluation_r1i1p1f1_ICTP_RegCM5-0_v1-r1_1hr_200002270100-200002280000.nc
clivi_CSAM-3_ERA5_evaluation_r1i1p1f1_ICTP_RegCM5-0_v1-r1_1hr_200002280100-200002290000.nc
clivi_CSAM-3_ERA5_evaluation_r1i1p1f1_ICTP_RegCM5-0_v1-r1_1hr_200002290100-200003010000.nc
clivi_CSAM-3_ERA5_evaluation_r1i1p1f1_ICTP_RegCM5-0_v1-r1_1hr_200003010100-200003020000.nc
clivi_CSAM-3_ERA5_evaluation_r1i1p1f1_ICTP_RegCM5-0_v1-r1_1hr_200003020100-200003030000.nc
clivi_CSAM-3_ERA5_evaluation_r1i1p1f1_ICTP_RegCM5-0_v1-r1_1hr_200003030100-200003040000.nc
clivi_CSAM-3_ERA5_evaluation_r1i1p1f1_ICTP_RegCM5-0_v1-r1_1hr_200003040100-200003050000.nc
clivi_CSAM-3_ERA5_evaluation_r1i1p1f1_ICTP_RegCM5-0_v1-r1_1hr_200003050100-200003060000.nc
clivi_CSAM-3_ERA5_evaluation_r1i1p1f1_ICTP_RegCM5-0_v1-r1_1hr_200003060100-200003070000.nc
clivi_CSAM-3_ERA5_evaluation_r1i1p1f1_ICTP_RegCM5-0_v1-r1_1hr_200003070100-200003080000.nc
clivi_CSAM-3_ERA5_evaluation_r1i1p1f1_ICTP_RegCM5-0_v1-r1_1hr_200003080100-200003090000.nc
clivi_CSAM-3_ERA5_evaluation_r1i1p1f1_ICTP_RegCM5-0_v1-r1_1hr_200003090100-200003100000.nc
clivi_CSAM-3_ERA5_evaluation_r1i1p1f1_ICTP_RegCM5-0_v1-r1_1hr_200003100100-200003110000.nc
clivi_CSAM-3_ERA5_evaluation_r1i1p1f1_ICTP_RegCM5-0_v1-r1_1hr_200003110100-200003120000.nc
clivi_CSAM-3_ERA5_evaluation_r1i1p1f1_ICTP_RegCM5-0_v1-r1_1hr_200003120100-200003130000.nc
clivi_CSAM-3_ERA5_evaluation_r1i1p1f1_ICTP_RegCM5-0_v1-r1_1hr_200003130100-200003140000.nc
clivi_CSAM-3_ERA5_evaluation_r1i1p1f1_ICTP_RegCM5-0_v1-r1_1hr_200003140100-200003150000.nc
clivi_CSAM-3_ERA5_evaluation_r1i1p1f1_ICTP_RegCM5-0_v1-r1_1hr_200003150100-200003160000.nc
clivi_CSAM-3_ERA5_evaluation_r1i1p1f1_ICTP_RegCM5-0_v1-r1_1hr_200003160100-200003170000.nc
clivi_CSAM-3_ERA5_evaluation_r1i1p1f1_ICTP_RegCM5-0_v1-r1_1hr_200003170100-200003180000.nc
clivi_CSAM-3_ERA5_evaluation_r1i1p1f1_ICTP_RegCM5-0_v1-r1_1hr_200003180100-200003190000.nc
clivi_CSAM-3_ERA5_evaluation_r1i1p1f1_ICTP_RegCM5-0_v1-r1_1hr_200003190100-200003200000.nc
clivi_CSAM-3_ERA5_evaluation_r1i1p1f1_ICTP_RegCM5-0_v1-r1_1hr_200003200100-200003210000.nc
clivi_CSAM-3_ERA5_evaluation_r1i1p1f1_ICTP_RegCM5-0_v1-r1_1hr_200003210100-200003220000.nc
clivi_CSAM-3_ERA5_evaluation_r1i1p1f1_ICTP_RegCM5-0_v1-r1_1hr_200003220100-200003230000.nc
clivi_CSAM-3_ERA5_evaluation_r1i1p1f1_ICTP_RegCM5-0_v1-r1_1hr_200003230100-200003240000.nc
clivi_CSAM-3_ERA5_evaluation_r1i1p1f1_ICTP_RegCM5-0_v1-r1_1hr_200003240100-200003250000.nc
clivi_CSAM-3_ERA5_evaluation_r1i1p1f1_ICTP_RegCM5-0_v1-r1_1hr_200003250100-200003260000.nc
clivi_CSAM-3_ERA5_evaluation_r1i1p1f1_ICTP_RegCM5-0_v1-r1_1hr_200003260100-200003270000.nc
clivi_CSAM-3_ERA5_evaluation_r1i1p1f1_ICTP_RegCM5-0_v1-r1_1hr_200003270100-200003280000.nc
clivi_CSAM-3_ERA5_evaluation_r1i1p1f1_ICTP_RegCM5-0_v1-r1_1hr_200003280100-200003290000.nc
clivi_CSAM-3_ERA5_evaluation_r1i1p1f1_ICTP_RegCM5-0_v1-r1_1hr_200003290100-200003300000.nc
clivi_CSAM-3_ERA5_evaluation_r1i1p1f1_ICTP_RegCM5-0_v1-r1_1hr_200003300100-200003310000.nc
clivi_CSAM-3_ERA5_evaluation_r1i1p1f1_ICTP_RegCM5-0_v1-r1_1hr_200003310100-200004010000.nc
clivi_CSAM-3_ERA5_evaluation_r1i1p1f1_ICTP_RegCM5-0_v1-r1_1hr_200004010100-200004020000.nc
clivi_CSAM-3_ERA5_evaluation_r1i1p1f1_ICTP_RegCM5-0_v1-r1_1hr_200004020100-200004030000.nc
clivi_CSAM-3_ERA5_evaluation_r1i1p1f1_ICTP_RegCM5-0_v1-r1_1hr_200004030100-200004040000.nc
clivi_CSAM-3_ERA5_evaluation_r1i1p1f1_ICTP_RegCM5-0_v1-r1_1hr_200004040100-200004050000.nc
clivi_CSAM-3_ERA5_evaluation_r1i1p1f1_ICTP_RegCM5-0_v1-r1_1hr_200004050100-200004060000.nc
clivi_CSAM-3_ERA5_evaluation_r1i1p1f1_ICTP_RegCM5-0_v1-r1_1hr_200004060100-200004070000.nc
clivi_CSAM-3_ERA5_evaluation_r1i1p1f1_ICTP_RegCM5-0_v1-r1_1hr_200004070100-200004080000.nc
clivi_CSAM-3_ERA5_evaluation_r1i1p1f1_ICTP_RegCM5-0_v1-r1_1hr_200004080100-200004090000.nc
clivi_CSAM-3_ERA5_evaluation_r1i1p1f1_ICTP_RegCM5-0_v1-r1_1hr_200004090100-200004100000.nc
clivi_CSAM-3_ERA5_evaluation_r1i1p1f1_ICTP_RegCM5-0_v1-r1_1hr_200004100100-200004110000.nc
clivi_CSAM-3_ERA5_evaluation_r1i1p1f1_ICTP_RegCM5-0_v1-r1_1hr_200004110100-200004120000.nc
clivi_CSAM-3_ERA5_evaluation_r1i1p1f1_ICTP_RegCM5-0_v1-r1_1hr_200004120100-200004130000.nc
clivi_CSAM-3_ERA5_evaluation_r1i1p1f1_ICTP_RegCM5-0_v1-r1_1hr_200004130100-200004140000.nc
clivi_CSAM-3_ERA5_evaluation_r1i1p1f1_ICTP_RegCM5-0_v1-r1_1hr_200004140100-200004150000.nc
clivi_CSAM-3_ERA5_evaluation_r1i1p1f1_ICTP_RegCM5-0_v1-r1_1hr_200004150100-200004160000.nc
clivi_CSAM-3_ERA5_evaluation_r1i1p1f1_ICTP_RegCM5-0_v1-r1_1hr_200004160100-200004170000.nc
clivi_CSAM-3_ERA5_evaluation_r1i1p1f1_ICTP_RegCM5-0_v1-r1_1hr_200004170100-200004180000.nc
clivi_CSAM-3_ERA5_evaluation_r1i1p1f1_ICTP_RegCM5-0_v1-r1_1hr_200004180100-200004190000.nc
clivi_CSAM-3_ERA5_evaluation_r1i1p1f1_ICTP_RegCM5-0_v1-r1_1hr_200004190100-200004200000.nc
clivi_CSAM-3_ERA5_evaluation_r1i1p1f1_ICTP_RegCM5-0_v1-r1_1hr_200004200100-200004210000.nc
clivi_CSAM-3_ERA5_evaluation_r1i1p1f1_ICTP_RegCM5-0_v1-r1_1hr_200004210100-200004220000.nc
clivi_CSAM-3_ERA5_evaluation_r1i1p1f1_ICTP_RegCM5-0_v1-r1_1hr_200004220100-200004230000.nc
clivi_CSAM-3_ERA5_evaluation_r1i1p1f1_ICTP_RegCM5-0_v1-r1_1hr_200004230100-200004240000.nc
clivi_CSAM-3_ERA5_evaluation_r1i1p1f1_ICTP_RegCM5-0_v1-r1_1hr_200004240100-200004250000.nc
clivi_CSAM-3_ERA5_evaluation_r1i1p1f1_ICTP_RegCM5-0_v1-r1_1hr_200004250100-200004260000.nc
clivi_CSAM-3_ERA5_evaluation_r1i1p1f1_ICTP_RegCM5-0_v1-r1_1hr_200004260100-200004270000.nc
clivi_CSAM-3_ERA5_evaluation_r1i1p1f1_ICTP_RegCM5-0_v1-r1_1hr_200004270100-200004280000.nc
clivi_CSAM-3_ERA5_evaluation_r1i1p1f1_ICTP_RegCM5-0_v1-r1_1hr_200004280100-200004290000.nc
clivi_CSAM-3_ERA5_evaluation_r1i1p1f1_ICTP_RegCM5-0_v1-r1_1hr_200004290100-200004300000.nc
clivi_CSAM-3_ERA5_evaluation_r1i1p1f1_ICTP_RegCM5-0_v1-r1_1hr_200004300100-200005010000.nc
clivi_CSAM-3_ERA5_evaluation_r1i1p1f1_ICTP_RegCM5-0_v1-r1_1hr_200005010100-200005020000.nc
clivi_CSAM-3_ERA5_evaluation_r1i1p1f1_ICTP_RegCM5-0_v1-r1_1hr_200005020100-200005030000.nc
clivi_CSAM-3_ERA5_evaluation_r1i1p1f1_ICTP_RegCM5-0_v1-r1_1hr_200005030100-200005040000.nc
clivi_CSAM-3_ERA5_evaluation_r1i1p1f1_ICTP_RegCM5-0_v1-r1_1hr_200005040100-200005050000.nc
clivi_CSAM-3_ERA5_evaluation_r1i1p1f1_ICTP_RegCM5-0_v1-r1_1hr_200005050100-200005060000.nc
clivi_CSAM-3_ERA5_evaluation_r1i1p1f1_ICTP_RegCM5-0_v1-r1_1hr_200005060100-200005070000.nc
clivi_CSAM-3_ERA5_evaluation_r1i1p1f1_ICTP_RegCM5-0_v1-r1_1hr_200005070100-200005080000.nc
clivi_CSAM-3_ERA5_evaluation_r1i1p1f1_ICTP_RegCM5-0_v1-r1_1hr_200005080100-200005090000.nc
clivi_CSAM-3_ERA5_evaluation_r1i1p1f1_ICTP_RegCM5-0_v1-r1_1hr_200005090100-200005100000.nc
clivi_CSAM-3_ERA5_evaluation_r1i1p1f1_ICTP_RegCM5-0_v1-r1_1hr_200005100100-200005110000.nc
clivi_CSAM-3_ERA5_evaluation_r1i1p1f1_ICTP_RegCM5-0_v1-r1_1hr_200005110100-200005120000.nc
clivi_CSAM-3_ERA5_evaluation_r1i1p1f1_ICTP_RegCM5-0_v1-r1_1hr_200005120100-200005130000.nc
clivi_CSAM-3_ERA5_evaluation_r1i1p1f1_ICTP_RegCM5-0_v1-r1_1hr_200005130100-200005140000.nc
clivi_CSAM-3_ERA5_evaluation_r1i1p1f1_ICTP_RegCM5-0_v1-r1_1hr_200005140100-200005150000.nc
clivi_CSAM-3_ERA5_evaluation_r1i1p1f1_ICTP_RegCM5-0_v1-r1_1hr_200005150100-200005160000.nc
clivi_CSAM-3_ERA5_evaluation_r1i1p1f1_ICTP_RegCM5-0_v1-r1_1hr_200005160100-200005170000.nc
clivi_CSAM-3_ERA5_evaluation_r1i1p1f1_ICTP_RegCM5-0_v1-r1_1hr_200005170100-200005180000.nc
clivi_CSAM-3_ERA5_evaluation_r1i1p1f1_ICTP_RegCM5-0_v1-r1_1hr_200005180100-200005190000.nc
clivi_CSAM-3_ERA5_evaluation_r1i1p1f1_ICTP_RegCM5-0_v1-r1_1hr_200005190100-200005200000.nc
clivi_CSAM-3_ERA5_evaluation_r1i1p1f1_ICTP_RegCM5-0_v1-r1_1hr_200005200100-200005210000.nc
clivi_CSAM-3_ERA5_evaluation_r1i1p1f1_ICTP_RegCM5-0_v1-r1_1hr_200005210100-200005220000.nc
clivi_CSAM-3_ERA5_evaluation_r1i1p1f1_ICTP_RegCM5-0_v1-r1_1hr_200005220100-200005230000.nc
clivi_CSAM-3_ERA5_evaluation_r1i1p1f1_ICTP_RegCM5-0_v1-r1_1hr_200005230100-200005240000.nc
clivi_CSAM-3_ERA5_evaluation_r1i1p1f1_ICTP_RegCM5-0_v1-r1_1hr_200005240100-200005250000.nc
clivi_CSAM-3_ERA5_evaluation_r1i1p1f1_ICTP_RegCM5-0_v1-r1_1hr_200005250100-200005260000.nc
clivi_CSAM-3_ERA5_evaluation_r1i1p1f1_ICTP_RegCM5-0_v1-r1_1hr_200005260100-200005270000.nc
clivi_CSAM-3_ERA5_evaluation_r1i1p1f1_ICTP_RegCM5-0_v1-r1_1hr_200005270100-200005280000.nc
clivi_CSAM-3_ERA5_evaluation_r1i1p1f1_ICTP_RegCM5-0_v1-r1_1hr_200005280100-200005290000.nc
clivi_CSAM-3_ERA5_evaluation_r1i1p1f1_ICTP_RegCM5-0_v1-r1_1hr_200005290100-200005300000.nc
clivi_CSAM-3_ERA5_evaluation_r1i1p1f1_ICTP_RegCM5-0_v1-r1_1hr_200005300100-200005310000.nc
clivi_CSAM-3_ERA5_evaluation_r1i1p1f1_ICTP_RegCM5-0_v1-r1_1hr_200005310100-200006010000.nc
clivi_CSAM-3_ERA5_evaluation_r1i1p1f1_ICTP_RegCM5-0_v1-r1_1hr_200006010100-200006020000.nc
clivi_CSAM-3_ERA5_evaluation_r1i1p1f1_ICTP_RegCM5-0_v1-r1_1hr_200006020100-200006030000.nc
clivi_CSAM-3_ERA5_evaluation_r1i1p1f1_ICTP_RegCM5-0_v1-r1_1hr_200006030100-200006040000.nc
clivi_CSAM-3_ERA5_evaluation_r1i1p1f1_ICTP_RegCM5-0_v1-r1_1hr_200006040100-200006050000.nc
clivi_CSAM-3_ERA5_evaluation_r1i1p1f1_ICTP_RegCM5-0_v1-r1_1hr_200006050100-200006060000.nc
clivi_CSAM-3_ERA5_evaluation_r1i1p1f1_ICTP_RegCM5-0_v1-r1_1hr_200006060100-200006070000.nc
clivi_CSAM-3_ERA5_evaluation_r1i1p1f1_ICTP_RegCM5-0_v1-r1_1hr_200006070100-200006080000.nc
clivi_CSAM-3_ERA5_evaluation_r1i1p1f1_ICTP_RegCM5-0_v1-r1_1hr_200006080100-200006090000.nc
clivi_CSAM-3_ERA5_evaluation_r1i1p1f1_ICTP_RegCM5-0_v1-r1_1hr_200006090100-200006100000.nc
clivi_CSAM-3_ERA5_evaluation_r1i1p1f1_ICTP_RegCM5-0_v1-r1_1hr_200006100100-200006110000.nc
clivi_CSAM-3_ERA5_evaluation_r1i1p1f1_ICTP_RegCM5-0_v1-r1_1hr_200006110100-200006120000.nc
clivi_CSAM-3_ERA5_evaluation_r1i1p1f1_ICTP_RegCM5-0_v1-r1_1hr_200006120100-200006130000.nc
clivi_CSAM-3_ERA5_evaluation_r1i1p1f1_ICTP_RegCM5-0_v1-r1_1hr_200006130100-200006140000.nc
clivi_CSAM-3_ERA5_evaluation_r1i1p1f1_ICTP_RegCM5-0_v1-r1_1hr_200006140100-200006150000.nc
clivi_CSAM-3_ERA5_evaluation_r1i1p1f1_ICTP_RegCM5-0_v1-r1_1hr_200006150100-200006160000.nc
clivi_CSAM-3_ERA5_evaluation_r1i1p1f1_ICTP_RegCM5-0_v1-r1_1hr_200006160100-200006170000.nc
clivi_CSAM-3_ERA5_evaluation_r1i1p1f1_ICTP_RegCM5-0_v1-r1_1hr_200006170100-200006180000.nc
clivi_CSAM-3_ERA5_evaluation_r1i1p1f1_ICTP_RegCM5-0_v1-r1_1hr_200006180100-200006190000.nc
clivi_CSAM-3_ERA5_evaluation_r1i1p1f1_ICTP_RegCM5-0_v1-r1_1hr_200006190100-200006200000.nc
clivi_CSAM-3_ERA5_evaluation_r1i1p1f1_ICTP_RegCM5-0_v1-r1_1hr_200006200100-200006210000.nc
clivi_CSAM-3_ERA5_evaluation_r1i1p1f1_ICTP_RegCM5-0_v1-r1_1hr_200006210100-200006220000.nc
clivi_CSAM-3_ERA5_evaluation_r1i1p1f1_ICTP_RegCM5-0_v1-r1_1hr_200006220100-200006230000.nc
clivi_CSAM-3_ERA5_evaluation_r1i1p1f1_ICTP_RegCM5-0_v1-r1_1hr_200006230100-200006240000.nc
clivi_CSAM-3_ERA5_evaluation_r1i1p1f1_ICTP_RegCM5-0_v1-r1_1hr_200006240100-200006250000.nc
clivi_CSAM-3_ERA5_evaluation_r1i1p1f1_ICTP_RegCM5-0_v1-r1_1hr_200006250100-200006260000.nc
clivi_CSAM-3_ERA5_evaluation_r1i1p1f1_ICTP_RegCM5-0_v1-r1_1hr_200006260100-200006270000.nc
clivi_CSAM-3_ERA5_evaluation_r1i1p1f1_ICTP_RegCM5-0_v1-r1_1hr_200006270100-200006280000.nc
clivi_CSAM-3_ERA5_evaluation_r1i1p1f1_ICTP_RegCM5-0_v1-r1_1hr_200006280100-200006290000.nc
clivi_CSAM-3_ERA5_evaluation_r1i1p1f1_ICTP_RegCM5-0_v1-r1_1hr_200006290100-200006300000.nc
clivi_CSAM-3_ERA5_evaluation_r1i1p1f1_ICTP_RegCM5-0_v1-r1_1hr_200006300100-200007010000.nc
clivi_CSAM-3_ERA5_evaluation_r1i1p1f1_ICTP_RegCM5-0_v1-r1_1hr_200007010100-200007020000.nc
clivi_CSAM-3_ERA5_evaluation_r1i1p1f1_ICTP_RegCM5-0_v1-r1_1hr_200007020100-200007030000.nc
clivi_CSAM-3_ERA5_evaluation_r1i1p1f1_ICTP_RegCM5-0_v1-r1_1hr_200007030100-200007040000.nc
clivi_CSAM-3_ERA5_evaluation_r1i1p1f1_ICTP_RegCM5-0_v1-r1_1hr_200007040100-200007050000.nc
clivi_CSAM-3_ERA5_evaluation_r1i1p1f1_ICTP_RegCM5-0_v1-r1_1hr_200007050100-200007060000.nc
clivi_CSAM-3_ERA5_evaluation_r1i1p1f1_ICTP_RegCM5-0_v1-r1_1hr_200007060100-200007070000.nc
clivi_CSAM-3_ERA5_evaluation_r1i1p1f1_ICTP_RegCM5-0_v1-r1_1hr_200007070100-200007080000.nc
clivi_CSAM-3_ERA5_evaluation_r1i1p1f1_ICTP_RegCM5-0_v1-r1_1hr_200007080100-200007090000.nc
clivi_CSAM-3_ERA5_evaluation_r1i1p1f1_ICTP_RegCM5-0_v1-r1_1hr_200007090100-200007100000.nc
clivi_CSAM-3_ERA5_evaluation_r1i1p1f1_ICTP_RegCM5-0_v1-r1_1hr_200007100100-200007110000.nc
clivi_CSAM-3_ERA5_evaluation_r1i1p1f1_ICTP_RegCM5-0_v1-r1_1hr_200007110100-200007120000.nc
clivi_CSAM-3_ERA5_evaluation_r1i1p1f1_ICTP_RegCM5-0_v1-r1_1hr_200007120100-200007130000.nc
clivi_CSAM-3_ERA5_evaluation_r1i1p1f1_ICTP_RegCM5-0_v1-r1_1hr_200007130100-200007140000.nc
clivi_CSAM-3_ERA5_evaluation_r1i1p1f1_ICTP_RegCM5-0_v1-r1_1hr_200007140100-200007150000.nc
clivi_CSAM-3_ERA5_evaluation_r1i1p1f1_ICTP_RegCM5-0_v1-r1_1hr_200007150100-200007160000.nc
clivi_CSAM-3_ERA5_evaluation_r1i1p1f1_ICTP_RegCM5-0_v1-r1_1hr_200007160100-200007170000.nc
clivi_CSAM-3_ERA5_evaluation_r1i1p1f1_ICTP_RegCM5-0_v1-r1_1hr_200007170100-200007180000.nc
clivi_CSAM-3_ERA5_evaluation_r1i1p1f1_ICTP_RegCM5-0_v1-r1_1hr_200007180100-200007190000.nc
clivi_CSAM-3_ERA5_evaluation_r1i1p1f1_ICTP_RegCM5-0_v1-r1_1hr_200007190100-200007200000.nc
clivi_CSAM-3_ERA5_evaluation_r1i1p1f1_ICTP_RegCM5-0_v1-r1_1hr_200007200100-200007210000.nc
clivi_CSAM-3_ERA5_evaluation_r1i1p1f1_ICTP_RegCM5-0_v1-r1_1hr_200007210100-200007220000.nc
clivi_CSAM-3_ERA5_evaluation_r1i1p1f1_ICTP_RegCM5-0_v1-r1_1hr_200007220100-200007230000.nc
clivi_CSAM-3_ERA5_evaluation_r1i1p1f1_ICTP_RegCM5-0_v1-r1_1hr_200007230100-200007240000.nc
clivi_CSAM-3_ERA5_evaluation_r1i1p1f1_ICTP_RegCM5-0_v1-r1_1hr_200007240100-200007250000.nc
clivi_CSAM-3_ERA5_evaluation_r1i1p1f1_ICTP_RegCM5-0_v1-r1_1hr_200007250100-200007260000.nc
clivi_CSAM-3_ERA5_evaluation_r1i1p1f1_ICTP_RegCM5-0_v1-r1_1hr_200007260100-200007270000.nc
clivi_CSAM-3_ERA5_evaluation_r1i1p1f1_ICTP_RegCM5-0_v1-r1_1hr_200007270100-200007280000.nc
clivi_CSAM-3_ERA5_evaluation_r1i1p1f1_ICTP_RegCM5-0_v1-r1_1hr_200007280100-200007290000.nc
clivi_CSAM-3_ERA5_evaluation_r1i1p1f1_ICTP_RegCM5-0_v1-r1_1hr_200007290100-200007300000.nc
clivi_CSAM-3_ERA5_evaluation_r1i1p1f1_ICTP_RegCM5-0_v1-r1_1hr_200007300100-200007310000.nc
clivi_CSAM-3_ERA5_evaluation_r1i1p1f1_ICTP_RegCM5-0_v1-r1_1hr_200007310100-200008010000.nc
clivi_CSAM-3_ERA5_evaluation_r1i1p1f1_ICTP_RegCM5-0_v1-r1_1hr_200008010100-200008020000.nc
clivi_CSAM-3_ERA5_evaluation_r1i1p1f1_ICTP_RegCM5-0_v1-r1_1hr_200008020100-200008030000.nc
clivi_CSAM-3_ERA5_evaluation_r1i1p1f1_ICTP_RegCM5-0_v1-r1_1hr_200008030100-200008040000.nc
clivi_CSAM-3_ERA5_evaluation_r1i1p1f1_ICTP_RegCM5-0_v1-r1_1hr_200008040100-200008050000.nc
clivi_CSAM-3_ERA5_evaluation_r1i1p1f1_ICTP_RegCM5-0_v1-r1_1hr_200008050100-200008060000.nc
clivi_CSAM-3_ERA5_evaluation_r1i1p1f1_ICTP_RegCM5-0_v1-r1_1hr_200008060100-200008070000.nc
clivi_CSAM-3_ERA5_evaluation_r1i1p1f1_ICTP_RegCM5-0_v1-r1_1hr_200008070100-200008080000.nc
clivi_CSAM-3_ERA5_evaluation_r1i1p1f1_ICTP_RegCM5-0_v1-r1_1hr_200008080100-200008090000.nc
clivi_CSAM-3_ERA5_evaluation_r1i1p1f1_ICTP_RegCM5-0_v1-r1_1hr_200008090100-200008100000.nc
clivi_CSAM-3_ERA5_evaluation_r1i1p1f1_ICTP_RegCM5-0_v1-r1_1hr_200008100100-200008110000.nc
clivi_CSAM-3_ERA5_evaluation_r1i1p1f1_ICTP_RegCM5-0_v1-r1_1hr_200008110100-200008120000.nc
clivi_CSAM-3_ERA5_evaluation_r1i1p1f1_ICTP_RegCM5-0_v1-r1_1hr_200008120100-200008130000.nc
clivi_CSAM-3_ERA5_evaluation_r1i1p1f1_ICTP_RegCM5-0_v1-r1_1hr_200008130100-200008140000.nc
clivi_CSAM-3_ERA5_evaluation_r1i1p1f1_ICTP_RegCM5-0_v1-r1_1hr_200008140100-200008150000.nc
clivi_CSAM-3_ERA5_evaluation_r1i1p1f1_ICTP_RegCM5-0_v1-r1_1hr_200008150100-200008160000.nc
clivi_CSAM-3_ERA5_evaluation_r1i1p1f1_ICTP_RegCM5-0_v1-r1_1hr_200008160100-200008170000.nc
clivi_CSAM-3_ERA5_evaluation_r1i1p1f1_ICTP_RegCM5-0_v1-r1_1hr_200008170100-200008180000.nc
clivi_CSAM-3_ERA5_evaluation_r1i1p1f1_ICTP_RegCM5-0_v1-r1_1hr_200008180100-200008190000.nc
clivi_CSAM-3_ERA5_evaluation_r1i1p1f1_ICTP_RegCM5-0_v1-r1_1hr_200008190100-200008200000.nc
clivi_CSAM-3_ERA5_evaluation_r1i1p1f1_ICTP_RegCM5-0_v1-r1_1hr_200008200100-200008210000.nc
clivi_CSAM-3_ERA5_evaluation_r1i1p1f1_ICTP_RegCM5-0_v1-r1_1hr_200008210100-200008220000.nc
clivi_CSAM-3_ERA5_evaluation_r1i1p1f1_ICTP_RegCM5-0_v1-r1_1hr_200008220100-200008230000.nc
clivi_CSAM-3_ERA5_evaluation_r1i1p1f1_ICTP_RegCM5-0_v1-r1_1hr_200008230100-200008240000.nc
clivi_CSAM-3_ERA5_evaluation_r1i1p1f1_ICTP_RegCM5-0_v1-r1_1hr_200008240100-200008250000.nc
clivi_CSAM-3_ERA5_evaluation_r1i1p1f1_ICTP_RegCM5-0_v1-r1_1hr_200008250100-200008260000.nc
clivi_CSAM-3_ERA5_evaluation_r1i1p1f1_ICTP_RegCM5-0_v1-r1_1hr_200008260100-200008270000.nc
clivi_CSAM-3_ERA5_evaluation_r1i1p1f1_ICTP_RegCM5-0_v1-r1_1hr_200008270100-200008280000.nc
clivi_CSAM-3_ERA5_evaluation_r1i1p1f1_ICTP_RegCM5-0_v1-r1_1hr_200008280100-200008290000.nc
clivi_CSAM-3_ERA5_evaluation_r1i1p1f1_ICTP_RegCM5-0_v1-r1_1hr_200008290100-200008300000.nc
clivi_CSAM-3_ERA5_evaluation_r1i1p1f1_ICTP_RegCM5-0_v1-r1_1hr_200008300100-200008310000.nc
clivi_CSAM-3_ERA5_evaluation_r1i1p1f1_ICTP_RegCM5-0_v1-r1_1hr_200008310100-200009010000.nc
clivi_CSAM-3_ERA5_evaluation_r1i1p1f1_ICTP_RegCM5-0_v1-r1_1hr_200009010100-200009020000.nc
clivi_CSAM-3_ERA5_evaluation_r1i1p1f1_ICTP_RegCM5-0_v1-r1_1hr_200009020100-200009030000.nc
clivi_CSAM-3_ERA5_evaluation_r1i1p1f1_ICTP_RegCM5-0_v1-r1_1hr_200009030100-200009040000.nc
clivi_CSAM-3_ERA5_evaluation_r1i1p1f1_ICTP_RegCM5-0_v1-r1_1hr_200009040100-200009050000.nc
clivi_CSAM-3_ERA5_evaluation_r1i1p1f1_ICTP_RegCM5-0_v1-r1_1hr_200009050100-200009060000.nc
clivi_CSAM-3_ERA5_evaluation_r1i1p1f1_ICTP_RegCM5-0_v1-r1_1hr_200009060100-200009070000.nc
clivi_CSAM-3_ERA5_evaluation_r1i1p1f1_ICTP_RegCM5-0_v1-r1_1hr_200009070100-200009080000.nc
clivi_CSAM-3_ERA5_evaluation_r1i1p1f1_ICTP_RegCM5-0_v1-r1_1hr_200009080100-200009090000.nc
clivi_CSAM-3_ERA5_evaluation_r1i1p1f1_ICTP_RegCM5-0_v1-r1_1hr_200009090100-200009100000.nc
clivi_CSAM-3_ERA5_evaluation_r1i1p1f1_ICTP_RegCM5-0_v1-r1_1hr_200009100100-200009110000.nc
clivi_CSAM-3_ERA5_evaluation_r1i1p1f1_ICTP_RegCM5-0_v1-r1_1hr_200009110100-200009120000.nc
clivi_CSAM-3_ERA5_evaluation_r1i1p1f1_ICTP_RegCM5-0_v1-r1_1hr_200009120100-200009130000.nc
clivi_CSAM-3_ERA5_evaluation_r1i1p1f1_ICTP_RegCM5-0_v1-r1_1hr_200009130100-200009140000.nc
clivi_CSAM-3_ERA5_evaluation_r1i1p1f1_ICTP_RegCM5-0_v1-r1_1hr_200009140100-200009150000.nc
clivi_CSAM-3_ERA5_evaluation_r1i1p1f1_ICTP_RegCM5-0_v1-r1_1hr_200009150100-200009160000.nc
clivi_CSAM-3_ERA5_evaluation_r1i1p1f1_ICTP_RegCM5-0_v1-r1_1hr_200009160100-200009170000.nc
clivi_CSAM-3_ERA5_evaluation_r1i1p1f1_ICTP_RegCM5-0_v1-r1_1hr_200009170100-200009180000.nc
clivi_CSAM-3_ERA5_evaluation_r1i1p1f1_ICTP_RegCM5-0_v1-r1_1hr_200009180100-200009190000.nc
clivi_CSAM-3_ERA5_evaluation_r1i1p1f1_ICTP_RegCM5-0_v1-r1_1hr_200009190100-200009200000.nc
clivi_CSAM-3_ERA5_evaluation_r1i1p1f1_ICTP_RegCM5-0_v1-r1_1hr_200009200100-200009210000.nc
clivi_CSAM-3_ERA5_evaluation_r1i1p1f1_ICTP_RegCM5-0_v1-r1_1hr_200009210100-200009220000.nc
clivi_CSAM-3_ERA5_evaluation_r1i1p1f1_ICTP_RegCM5-0_v1-r1_1hr_200009220100-200009230000.nc
clivi_CSAM-3_ERA5_evaluation_r1i1p1f1_ICTP_RegCM5-0_v1-r1_1hr_200009230100-200009240000.nc
clivi_CSAM-3_ERA5_evaluation_r1i1p1f1_ICTP_RegCM5-0_v1-r1_1hr_200009240100-200009250000.nc
clivi_CSAM-3_ERA5_evaluation_r1i1p1f1_ICTP_RegCM5-0_v1-r1_1hr_200009250100-200009260000.nc
clivi_CSAM-3_ERA5_evaluation_r1i1p1f1_ICTP_RegCM5-0_v1-r1_1hr_200009260100-200009270000.nc
clivi_CSAM-3_ERA5_evaluation_r1i1p1f1_ICTP_RegCM5-0_v1-r1_1hr_200009270100-200009280000.nc
clivi_CSAM-3_ERA5_evaluation_r1i1p1f1_ICTP_RegCM5-0_v1-r1_1hr_200009280100-200009290000.nc
clivi_CSAM-3_ERA5_evaluation_r1i1p1f1_ICTP_RegCM5-0_v1-r1_1hr_200009290100-200009300000.nc
clivi_CSAM-3_ERA5_evaluation_r1i1p1f1_ICTP_RegCM5-0_v1-r1_1hr_200009300100-200010010000.nc
clivi_CSAM-3_ERA5_evaluation_r1i1p1f1_ICTP_RegCM5-0_v1-r1_1hr_200010010100-200010020000.nc
clivi_CSAM-3_ERA5_evaluation_r1i1p1f1_ICTP_RegCM5-0_v1-r1_1hr_200010020100-200010030000.nc
clivi_CSAM-3_ERA5_evaluation_r1i1p1f1_ICTP_RegCM5-0_v1-r1_1hr_200010030100-200010040000.nc
clivi_CSAM-3_ERA5_evaluation_r1i1p1f1_ICTP_RegCM5-0_v1-r1_1hr_200010040100-200010050000.nc
clivi_CSAM-3_ERA5_evaluation_r1i1p1f1_ICTP_RegCM5-0_v1-r1_1hr_200010050100-200010060000.nc
clivi_CSAM-3_ERA5_evaluation_r1i1p1f1_ICTP_RegCM5-0_v1-r1_1hr_200010060100-200010070000.nc
clivi_CSAM-3_ERA5_evaluation_r1i1p1f1_ICTP_RegCM5-0_v1-r1_1hr_200010070100-200010080000.nc
clivi_CSAM-3_ERA5_evaluation_r1i1p1f1_ICTP_RegCM5-0_v1-r1_1hr_200010080100-200010090000.nc
clivi_CSAM-3_ERA5_evaluation_r1i1p1f1_ICTP_RegCM5-0_v1-r1_1hr_200010090100-200010100000.nc
clivi_CSAM-3_ERA5_evaluation_r1i1p1f1_ICTP_RegCM5-0_v1-r1_1hr_200010100100-200010110000.nc
clivi_CSAM-3_ERA5_evaluation_r1i1p1f1_ICTP_RegCM5-0_v1-r1_1hr_200010110100-200010120000.nc
clivi_CSAM-3_ERA5_evaluation_r1i1p1f1_ICTP_RegCM5-0_v1-r1_1hr_200010120100-200010130000.nc
clivi_CSAM-3_ERA5_evaluation_r1i1p1f1_ICTP_RegCM5-0_v1-r1_1hr_200010130100-200010140000.nc
clivi_CSAM-3_ERA5_evaluation_r1i1p1f1_ICTP_RegCM5-0_v1-r1_1hr_200010140100-200010150000.nc
clivi_CSAM-3_ERA5_evaluation_r1i1p1f1_ICTP_RegCM5-0_v1-r1_1hr_200010150100-200010160000.nc
clivi_CSAM-3_ERA5_evaluation_r1i1p1f1_ICTP_RegCM5-0_v1-r1_1hr_200010160100-200010170000.nc
clivi_CSAM-3_ERA5_evaluation_r1i1p1f1_ICTP_RegCM5-0_v1-r1_1hr_200010170100-200010180000.nc
clivi_CSAM-3_ERA5_evaluation_r1i1p1f1_ICTP_RegCM5-0_v1-r1_1hr_200010180100-200010190000.nc
clivi_CSAM-3_ERA5_evaluation_r1i1p1f1_ICTP_RegCM5-0_v1-r1_1hr_200010190100-200010200000.nc
clivi_CSAM-3_ERA5_evaluation_r1i1p1f1_ICTP_RegCM5-0_v1-r1_1hr_200010200100-200010210000.nc
clivi_CSAM-3_ERA5_evaluation_r1i1p1f1_ICTP_RegCM5-0_v1-r1_1hr_200010210100-200010220000.nc
clivi_CSAM-3_ERA5_evaluation_r1i1p1f1_ICTP_RegCM5-0_v1-r1_1hr_200010220100-200010230000.nc
clivi_CSAM-3_ERA5_evaluation_r1i1p1f1_ICTP_RegCM5-0_v1-r1_1hr_200010230100-200010240000.nc
clivi_CSAM-3_ERA5_evaluation_r1i1p1f1_ICTP_RegCM5-0_v1-r1_1hr_200010240100-200010250000.nc
clivi_CSAM-3_ERA5_evaluation_r1i1p1f1_ICTP_RegCM5-0_v1-r1_1hr_200010250100-200010260000.nc
clivi_CSAM-3_ERA5_evaluation_r1i1p1f1_ICTP_RegCM5-0_v1-r1_1hr_200010260100-200010270000.nc
clivi_CSAM-3_ERA5_evaluation_r1i1p1f1_ICTP_RegCM5-0_v1-r1_1hr_200010270100-200010280000.nc
clivi_CSAM-3_ERA5_evaluation_r1i1p1f1_ICTP_RegCM5-0_v1-r1_1hr_200010280100-200010290000.nc
clivi_CSAM-3_ERA5_evaluation_r1i1p1f1_ICTP_RegCM5-0_v1-r1_1hr_200010290100-200010300000.nc
clivi_CSAM-3_ERA5_evaluation_r1i1p1f1_ICTP_RegCM5-0_v1-r1_1hr_200010300100-200010310000.nc
clivi_CSAM-3_ERA5_evaluation_r1i1p1f1_ICTP_RegCM5-0_v1-r1_1hr_200010310100-200011010000.nc
clivi_CSAM-3_ERA5_evaluation_r1i1p1f1_ICTP_RegCM5-0_v1-r1_1hr_200011010100-200011020000.nc
clivi_CSAM-3_ERA5_evaluation_r1i1p1f1_ICTP_RegCM5-0_v1-r1_1hr_200011020100-200011030000.nc
clivi_CSAM-3_ERA5_evaluation_r1i1p1f1_ICTP_RegCM5-0_v1-r1_1hr_200011030100-200011040000.nc
clivi_CSAM-3_ERA5_evaluation_r1i1p1f1_ICTP_RegCM5-0_v1-r1_1hr_200011040100-200011050000.nc
clivi_CSAM-3_ERA5_evaluation_r1i1p1f1_ICTP_RegCM5-0_v1-r1_1hr_200011050100-200011060000.nc
clivi_CSAM-3_ERA5_evaluation_r1i1p1f1_ICTP_RegCM5-0_v1-r1_1hr_200011060100-200011070000.nc
clivi_CSAM-3_ERA5_evaluation_r1i1p1f1_ICTP_RegCM5-0_v1-r1_1hr_200011070100-200011080000.nc
clivi_CSAM-3_ERA5_evaluation_r1i1p1f1_ICTP_RegCM5-0_v1-r1_1hr_200011080100-200011090000.nc
clivi_CSAM-3_ERA5_evaluation_r1i1p1f1_ICTP_RegCM5-0_v1-r1_1hr_200011090100-200011100000.nc
clivi_CSAM-3_ERA5_evaluation_r1i1p1f1_ICTP_RegCM5-0_v1-r1_1hr_200011100100-200011110000.nc
clivi_CSAM-3_ERA5_evaluation_r1i1p1f1_ICTP_RegCM5-0_v1-r1_1hr_200011110100-200011120000.nc
clivi_CSAM-3_ERA5_evaluation_r1i1p1f1_ICTP_RegCM5-0_v1-r1_1hr_200011120100-200011130000.nc
clivi_CSAM-3_ERA5_evaluation_r1i1p1f1_ICTP_RegCM5-0_v1-r1_1hr_200011130100-200011140000.nc
clivi_CSAM-3_ERA5_evaluation_r1i1p1f1_ICTP_RegCM5-0_v1-r1_1hr_200011140100-200011150000.nc
clivi_CSAM-3_ERA5_evaluation_r1i1p1f1_ICTP_RegCM5-0_v1-r1_1hr_200011150100-200011160000.nc
clivi_CSAM-3_ERA5_evaluation_r1i1p1f1_ICTP_RegCM5-0_v1-r1_1hr_200011160100-200011170000.nc
clivi_CSAM-3_ERA5_evaluation_r1i1p1f1_ICTP_RegCM5-0_v1-r1_1hr_200011170100-200011180000.nc
clivi_CSAM-3_ERA5_evaluation_r1i1p1f1_ICTP_RegCM5-0_v1-r1_1hr_200011180100-200011190000.nc
clivi_CSAM-3_ERA5_evaluation_r1i1p1f1_ICTP_RegCM5-0_v1-r1_1hr_200011190100-200011200000.nc
clivi_CSAM-3_ERA5_evaluation_r1i1p1f1_ICTP_RegCM5-0_v1-r1_1hr_200011200100-200011210000.nc
clivi_CSAM-3_ERA5_evaluation_r1i1p1f1_ICTP_RegCM5-0_v1-r1_1hr_200011210100-200011220000.nc
clivi_CSAM-3_ERA5_evaluation_r1i1p1f1_ICTP_RegCM5-0_v1-r1_1hr_200011220100-200011230000.nc
clivi_CSAM-3_ERA5_evaluation_r1i1p1f1_ICTP_RegCM5-0_v1-r1_1hr_200011230100-200011240000.nc
clivi_CSAM-3_ERA5_evaluation_r1i1p1f1_ICTP_RegCM5-0_v1-r1_1hr_200011240100-200011250000.nc
clivi_CSAM-3_ERA5_evaluation_r1i1p1f1_ICTP_RegCM5-0_v1-r1_1hr_200011250100-200011260000.nc
clivi_CSAM-3_ERA5_evaluation_r1i1p1f1_ICTP_RegCM5-0_v1-r1_1hr_200011260100-200011270000.nc
clivi_CSAM-3_ERA5_evaluation_r1i1p1f1_ICTP_RegCM5-0_v1-r1_1hr_200011270100-200011280000.nc
clivi_CSAM-3_ERA5_evaluation_r1i1p1f1_ICTP_RegCM5-0_v1-r1_1hr_200011280100-200011290000.nc
clivi_CSAM-3_ERA5_evaluation_r1i1p1f1_ICTP_RegCM5-0_v1-r1_1hr_200011290100-200011300000.nc
clivi_CSAM-3_ERA5_evaluation_r1i1p1f1_ICTP_RegCM5-0_v1-r1_1hr_200011300100-200012010000.nc
clivi_CSAM-3_ERA5_evaluation_r1i1p1f1_ICTP_RegCM5-0_v1-r1_1hr_200012010100-200012020000.nc
clivi_CSAM-3_ERA5_evaluation_r1i1p1f1_ICTP_RegCM5-0_v1-r1_1hr_200012020100-200012030000.nc
clivi_CSAM-3_ERA5_evaluation_r1i1p1f1_ICTP_RegCM5-0_v1-r1_1hr_200012030100-200012040000.nc
clivi_CSAM-3_ERA5_evaluation_r1i1p1f1_ICTP_RegCM5-0_v1-r1_1hr_200012040100-200012050000.nc
clivi_CSAM-3_ERA5_evaluation_r1i1p1f1_ICTP_RegCM5-0_v1-r1_1hr_200012050100-200012060000.nc
clivi_CSAM-3_ERA5_evaluation_r1i1p1f1_ICTP_RegCM5-0_v1-r1_1hr_200012060100-200012070000.nc
clivi_CSAM-3_ERA5_evaluation_r1i1p1f1_ICTP_RegCM5-0_v1-r1_1hr_200012070100-200012080000.nc
clivi_CSAM-3_ERA5_evaluation_r1i1p1f1_ICTP_RegCM5-0_v1-r1_1hr_200012080100-200012090000.nc
clivi_CSAM-3_ERA5_evaluation_r1i1p1f1_ICTP_RegCM5-0_v1-r1_1hr_200012090100-200012100000.nc
clivi_CSAM-3_ERA5_evaluation_r1i1p1f1_ICTP_RegCM5-0_v1-r1_1hr_200012100100-200012110000.nc
clivi_CSAM-3_ERA5_evaluation_r1i1p1f1_ICTP_RegCM5-0_v1-r1_1hr_200012110100-200012120000.nc
clivi_CSAM-3_ERA5_evaluation_r1i1p1f1_ICTP_RegCM5-0_v1-r1_1hr_200012120100-200012130000.nc
clivi_CSAM-3_ERA5_evaluation_r1i1p1f1_ICTP_RegCM5-0_v1-r1_1hr_200012130100-200012140000.nc
clivi_CSAM-3_ERA5_evaluation_r1i1p1f1_ICTP_RegCM5-0_v1-r1_1hr_200012140100-200012150000.nc
clivi_CSAM-3_ERA5_evaluation_r1i1p1f1_ICTP_RegCM5-0_v1-r1_1hr_200012150100-200012160000.nc
clivi_CSAM-3_ERA5_evaluation_r1i1p1f1_ICTP_RegCM5-0_v1-r1_1hr_200012160100-200012170000.nc
clivi_CSAM-3_ERA5_evaluation_r1i1p1f1_ICTP_RegCM5-0_v1-r1_1hr_200012170100-200012180000.nc
clivi_CSAM-3_ERA5_evaluation_r1i1p1f1_ICTP_RegCM5-0_v1-r1_1hr_200012180100-200012190000.nc
clivi_CSAM-3_ERA5_evaluation_r1i1p1f1_ICTP_RegCM5-0_v1-r1_1hr_200012190100-200012200000.nc
clivi_CSAM-3_ERA5_evaluation_r1i1p1f1_ICTP_RegCM5-0_v1-r1_1hr_200012200100-200012210000.nc
clivi_CSAM-3_ERA5_evaluation_r1i1p1f1_ICTP_RegCM5-0_v1-r1_1hr_200012210100-200012220000.nc
clivi_CSAM-3_ERA5_evaluation_r1i1p1f1_ICTP_RegCM5-0_v1-r1_1hr_200012220100-200012230000.nc
clivi_CSAM-3_ERA5_evaluation_r1i1p1f1_ICTP_RegCM5-0_v1-r1_1hr_200012230100-200012240000.nc
clivi_CSAM-3_ERA5_evaluation_r1i1p1f1_ICTP_RegCM5-0_v1-r1_1hr_200012240100-200012250000.nc
clivi_CSAM-3_ERA5_evaluation_r1i1p1f1_ICTP_RegCM5-0_v1-r1_1hr_200012250100-200012260000.nc
clivi_CSAM-3_ERA5_evaluation_r1i1p1f1_ICTP_RegCM5-0_v1-r1_1hr_200012260100-200012270000.nc
clivi_CSAM-3_ERA5_evaluation_r1i1p1f1_ICTP_RegCM5-0_v1-r1_1hr_200012270100-200012280000.nc
clivi_CSAM-3_ERA5_evaluation_r1i1p1f1_ICTP_RegCM5-0_v1-r1_1hr_200012280100-200012290000.nc
clivi_CSAM-3_ERA5_evaluation_r1i1p1f1_ICTP_RegCM5-0_v1-r1_1hr_200012290100-200012300000.nc
clivi_CSAM-3_ERA5_evaluation_r1i1p1f1_ICTP_RegCM5-0_v1-r1_1hr_200012300100-200012310000.nc
clivi_CSAM-3_ERA5_evaluation_r1i1p1f1_ICTP_RegCM5-0_v1-r1_1hr_200012310100-200101010000.nc
Files: cll_CSAM-3_ERA5_evaluation_r1i1p1f1_ICTP_RegCM5-0_v1-r1_1hr_200001010100-200001020000.nc
cll_CSAM-3_ERA5_evaluation_r1i1p1f1_ICTP_RegCM5-0_v1-r1_1hr_200001020100-200001030000.nc
cll_CSAM-3_ERA5_evaluation_r1i1p1f1_ICTP_RegCM5-0_v1-r1_1hr_200001030100-200001040000.nc
cll_CSAM-3_ERA5_evaluation_r1i1p1f1_ICTP_RegCM5-0_v1-r1_1hr_200001040100-200001050000.nc
cll_CSAM-3_ERA5_evaluation_r1i1p1f1_ICTP_RegCM5-0_v1-r1_1hr_200001050100-200001060000.nc
cll_CSAM-3_ERA5_evaluation_r1i1p1f1_ICTP_RegCM5-0_v1-r1_1hr_200001060100-200001070000.nc
cll_CSAM-3_ERA5_evaluation_r1i1p1f1_ICTP_RegCM5-0_v1-r1_1hr_200001070100-200001080000.nc
cll_CSAM-3_ERA5_evaluation_r1i1p1f1_ICTP_RegCM5-0_v1-r1_1hr_200001080100-200001090000.nc
cll_CSAM-3_ERA5_evaluation_r1i1p1f1_ICTP_RegCM5-0_v1-r1_1hr_200001090100-200001100000.nc
cll_CSAM-3_ERA5_evaluation_r1i1p1f1_ICTP_RegCM5-0_v1-r1_1hr_200001100100-200001110000.nc
cll_CSAM-3_ERA5_evaluation_r1i1p1f1_ICTP_RegCM5-0_v1-r1_1hr_200001110100-200001120000.nc
cll_CSAM-3_ERA5_evaluation_r1i1p1f1_ICTP_RegCM5-0_v1-r1_1hr_200001120100-200001130000.nc
cll_CSAM-3_ERA5_evaluation_r1i1p1f1_ICTP_RegCM5-0_v1-r1_1hr_200001130100-200001140000.nc
cll_CSAM-3_ERA5_evaluation_r1i1p1f1_ICTP_RegCM5-0_v1-r1_1hr_200001140100-200001150000.nc
cll_CSAM-3_ERA5_evaluation_r1i1p1f1_ICTP_RegCM5-0_v1-r1_1hr_200001150100-200001160000.nc
cll_CSAM-3_ERA5_evaluation_r1i1p1f1_ICTP_RegCM5-0_v1-r1_1hr_200001160100-200001170000.nc
cll_CSAM-3_ERA5_evaluation_r1i1p1f1_ICTP_RegCM5-0_v1-r1_1hr_200001170100-200001180000.nc
cll_CSAM-3_ERA5_evaluation_r1i1p1f1_ICTP_RegCM5-0_v1-r1_1hr_200001180100-200001190000.nc
cll_CSAM-3_ERA5_evaluation_r1i1p1f1_ICTP_RegCM5-0_v1-r1_1hr_200001190100-200001200000.nc
cll_CSAM-3_ERA5_evaluation_r1i1p1f1_ICTP_RegCM5-0_v1-r1_1hr_200001200100-200001210000.nc
cll_CSAM-3_ERA5_evaluation_r1i1p1f1_ICTP_RegCM5-0_v1-r1_1hr_200001210100-200001220000.nc
cll_CSAM-3_ERA5_evaluation_r1i1p1f1_ICTP_RegCM5-0_v1-r1_1hr_200001220100-200001230000.nc
cll_CSAM-3_ERA5_evaluation_r1i1p1f1_ICTP_RegCM5-0_v1-r1_1hr_200001230100-200001240000.nc
cll_CSAM-3_ERA5_evaluation_r1i1p1f1_ICTP_RegCM5-0_v1-r1_1hr_200001240100-200001250000.nc
cll_CSAM-3_ERA5_evaluation_r1i1p1f1_ICTP_RegCM5-0_v1-r1_1hr_200001250100-200001260000.nc
cll_CSAM-3_ERA5_evaluation_r1i1p1f1_ICTP_RegCM5-0_v1-r1_1hr_200001260100-200001270000.nc
cll_CSAM-3_ERA5_evaluation_r1i1p1f1_ICTP_RegCM5-0_v1-r1_1hr_200001270100-200001280000.nc
cll_CSAM-3_ERA5_evaluation_r1i1p1f1_ICTP_RegCM5-0_v1-r1_1hr_200001280100-200001290000.nc
cll_CSAM-3_ERA5_evaluation_r1i1p1f1_ICTP_RegCM5-0_v1-r1_1hr_200001290100-200001300000.nc
cll_CSAM-3_ERA5_evaluation_r1i1p1f1_ICTP_RegCM5-0_v1-r1_1hr_200001300100-200001310000.nc
cll_CSAM-3_ERA5_evaluation_r1i1p1f1_ICTP_RegCM5-0_v1-r1_1hr_200001310100-200002010000.nc
cll_CSAM-3_ERA5_evaluation_r1i1p1f1_ICTP_RegCM5-0_v1-r1_1hr_200002010100-200002020000.nc
cll_CSAM-3_ERA5_evaluation_r1i1p1f1_ICTP_RegCM5-0_v1-r1_1hr_200002020100-200002030000.nc
cll_CSAM-3_ERA5_evaluation_r1i1p1f1_ICTP_RegCM5-0_v1-r1_1hr_200002030100-200002040000.nc
cll_CSAM-3_ERA5_evaluation_r1i1p1f1_ICTP_RegCM5-0_v1-r1_1hr_200002040100-200002050000.nc
cll_CSAM-3_ERA5_evaluation_r1i1p1f1_ICTP_RegCM5-0_v1-r1_1hr_200002050100-200002060000.nc
cll_CSAM-3_ERA5_evaluation_r1i1p1f1_ICTP_RegCM5-0_v1-r1_1hr_200002060100-200002070000.nc
cll_CSAM-3_ERA5_evaluation_r1i1p1f1_ICTP_RegCM5-0_v1-r1_1hr_200002070100-200002080000.nc
cll_CSAM-3_ERA5_evaluation_r1i1p1f1_ICTP_RegCM5-0_v1-r1_1hr_200002080100-200002090000.nc
cll_CSAM-3_ERA5_evaluation_r1i1p1f1_ICTP_RegCM5-0_v1-r1_1hr_200002090100-200002100000.nc
cll_CSAM-3_ERA5_evaluation_r1i1p1f1_ICTP_RegCM5-0_v1-r1_1hr_200002100100-200002110000.nc
cll_CSAM-3_ERA5_evaluation_r1i1p1f1_ICTP_RegCM5-0_v1-r1_1hr_200002110100-200002120000.nc
cll_CSAM-3_ERA5_evaluation_r1i1p1f1_ICTP_RegCM5-0_v1-r1_1hr_200002120100-200002130000.nc
cll_CSAM-3_ERA5_evaluation_r1i1p1f1_ICTP_RegCM5-0_v1-r1_1hr_200002130100-200002140000.nc
cll_CSAM-3_ERA5_evaluation_r1i1p1f1_ICTP_RegCM5-0_v1-r1_1hr_200002140100-200002150000.nc
cll_CSAM-3_ERA5_evaluation_r1i1p1f1_ICTP_RegCM5-0_v1-r1_1hr_200002150100-200002160000.nc
cll_CSAM-3_ERA5_evaluation_r1i1p1f1_ICTP_RegCM5-0_v1-r1_1hr_200002160100-200002170000.nc
cll_CSAM-3_ERA5_evaluation_r1i1p1f1_ICTP_RegCM5-0_v1-r1_1hr_200002170100-200002180000.nc
cll_CSAM-3_ERA5_evaluation_r1i1p1f1_ICTP_RegCM5-0_v1-r1_1hr_200002180100-200002190000.nc
cll_CSAM-3_ERA5_evaluation_r1i1p1f1_ICTP_RegCM5-0_v1-r1_1hr_200002190100-200002200000.nc
cll_CSAM-3_ERA5_evaluation_r1i1p1f1_ICTP_RegCM5-0_v1-r1_1hr_200002200100-200002210000.nc
cll_CSAM-3_ERA5_evaluation_r1i1p1f1_ICTP_RegCM5-0_v1-r1_1hr_200002210100-200002220000.nc
cll_CSAM-3_ERA5_evaluation_r1i1p1f1_ICTP_RegCM5-0_v1-r1_1hr_200002220100-200002230000.nc
cll_CSAM-3_ERA5_evaluation_r1i1p1f1_ICTP_RegCM5-0_v1-r1_1hr_200002230100-200002240000.nc
cll_CSAM-3_ERA5_evaluation_r1i1p1f1_ICTP_RegCM5-0_v1-r1_1hr_200002240100-200002250000.nc
cll_CSAM-3_ERA5_evaluation_r1i1p1f1_ICTP_RegCM5-0_v1-r1_1hr_200002250100-200002260000.nc
cll_CSAM-3_ERA5_evaluation_r1i1p1f1_ICTP_RegCM5-0_v1-r1_1hr_200002260100-200002270000.nc
cll_CSAM-3_ERA5_evaluation_r1i1p1f1_ICTP_RegCM5-0_v1-r1_1hr_200002270100-200002280000.nc
cll_CSAM-3_ERA5_evaluation_r1i1p1f1_ICTP_RegCM5-0_v1-r1_1hr_200002280100-200002290000.nc
cll_CSAM-3_ERA5_evaluation_r1i1p1f1_ICTP_RegCM5-0_v1-r1_1hr_200002290100-200003010000.nc
cll_CSAM-3_ERA5_evaluation_r1i1p1f1_ICTP_RegCM5-0_v1-r1_1hr_200003010100-200003020000.nc
cll_CSAM-3_ERA5_evaluation_r1i1p1f1_ICTP_RegCM5-0_v1-r1_1hr_200003020100-200003030000.nc
cll_CSAM-3_ERA5_evaluation_r1i1p1f1_ICTP_RegCM5-0_v1-r1_1hr_200003030100-200003040000.nc
cll_CSAM-3_ERA5_evaluation_r1i1p1f1_ICTP_RegCM5-0_v1-r1_1hr_200003040100-200003050000.nc
cll_CSAM-3_ERA5_evaluation_r1i1p1f1_ICTP_RegCM5-0_v1-r1_1hr_200003050100-200003060000.nc
cll_CSAM-3_ERA5_evaluation_r1i1p1f1_ICTP_RegCM5-0_v1-r1_1hr_200003060100-200003070000.nc
cll_CSAM-3_ERA5_evaluation_r1i1p1f1_ICTP_RegCM5-0_v1-r1_1hr_200003070100-200003080000.nc
cll_CSAM-3_ERA5_evaluation_r1i1p1f1_ICTP_RegCM5-0_v1-r1_1hr_200003080100-200003090000.nc
cll_CSAM-3_ERA5_evaluation_r1i1p1f1_ICTP_RegCM5-0_v1-r1_1hr_200003090100-200003100000.nc
cll_CSAM-3_ERA5_evaluation_r1i1p1f1_ICTP_RegCM5-0_v1-r1_1hr_200003100100-200003110000.nc
cll_CSAM-3_ERA5_evaluation_r1i1p1f1_ICTP_RegCM5-0_v1-r1_1hr_200003110100-200003120000.nc
cll_CSAM-3_ERA5_evaluation_r1i1p1f1_ICTP_RegCM5-0_v1-r1_1hr_200003120100-200003130000.nc
cll_CSAM-3_ERA5_evaluation_r1i1p1f1_ICTP_RegCM5-0_v1-r1_1hr_200003130100-200003140000.nc
cll_CSAM-3_ERA5_evaluation_r1i1p1f1_ICTP_RegCM5-0_v1-r1_1hr_200003140100-200003150000.nc
cll_CSAM-3_ERA5_evaluation_r1i1p1f1_ICTP_RegCM5-0_v1-r1_1hr_200003150100-200003160000.nc
cll_CSAM-3_ERA5_evaluation_r1i1p1f1_ICTP_RegCM5-0_v1-r1_1hr_200003160100-200003170000.nc
cll_CSAM-3_ERA5_evaluation_r1i1p1f1_ICTP_RegCM5-0_v1-r1_1hr_200003170100-200003180000.nc
cll_CSAM-3_ERA5_evaluation_r1i1p1f1_ICTP_RegCM5-0_v1-r1_1hr_200003180100-200003190000.nc
cll_CSAM-3_ERA5_evaluation_r1i1p1f1_ICTP_RegCM5-0_v1-r1_1hr_200003190100-200003200000.nc
cll_CSAM-3_ERA5_evaluation_r1i1p1f1_ICTP_RegCM5-0_v1-r1_1hr_200003200100-200003210000.nc
cll_CSAM-3_ERA5_evaluation_r1i1p1f1_ICTP_RegCM5-0_v1-r1_1hr_200003210100-200003220000.nc
cll_CSAM-3_ERA5_evaluation_r1i1p1f1_ICTP_RegCM5-0_v1-r1_1hr_200003220100-200003230000.nc
cll_CSAM-3_ERA5_evaluation_r1i1p1f1_ICTP_RegCM5-0_v1-r1_1hr_200003230100-200003240000.nc
cll_CSAM-3_ERA5_evaluation_r1i1p1f1_ICTP_RegCM5-0_v1-r1_1hr_200003240100-200003250000.nc
cll_CSAM-3_ERA5_evaluation_r1i1p1f1_ICTP_RegCM5-0_v1-r1_1hr_200003250100-200003260000.nc
cll_CSAM-3_ERA5_evaluation_r1i1p1f1_ICTP_RegCM5-0_v1-r1_1hr_200003260100-200003270000.nc
cll_CSAM-3_ERA5_evaluation_r1i1p1f1_ICTP_RegCM5-0_v1-r1_1hr_200003270100-200003280000.nc
cll_CSAM-3_ERA5_evaluation_r1i1p1f1_ICTP_RegCM5-0_v1-r1_1hr_200003280100-200003290000.nc
cll_CSAM-3_ERA5_evaluation_r1i1p1f1_ICTP_RegCM5-0_v1-r1_1hr_200003290100-200003300000.nc
cll_CSAM-3_ERA5_evaluation_r1i1p1f1_ICTP_RegCM5-0_v1-r1_1hr_200003300100-200003310000.nc
cll_CSAM-3_ERA5_evaluation_r1i1p1f1_ICTP_RegCM5-0_v1-r1_1hr_200003310100-200004010000.nc
cll_CSAM-3_ERA5_evaluation_r1i1p1f1_ICTP_RegCM5-0_v1-r1_1hr_200004010100-200004020000.nc
cll_CSAM-3_ERA5_evaluation_r1i1p1f1_ICTP_RegCM5-0_v1-r1_1hr_200004020100-200004030000.nc
cll_CSAM-3_ERA5_evaluation_r1i1p1f1_ICTP_RegCM5-0_v1-r1_1hr_200004030100-200004040000.nc
cll_CSAM-3_ERA5_evaluation_r1i1p1f1_ICTP_RegCM5-0_v1-r1_1hr_200004040100-200004050000.nc
cll_CSAM-3_ERA5_evaluation_r1i1p1f1_ICTP_RegCM5-0_v1-r1_1hr_200004050100-200004060000.nc
cll_CSAM-3_ERA5_evaluation_r1i1p1f1_ICTP_RegCM5-0_v1-r1_1hr_200004060100-200004070000.nc
cll_CSAM-3_ERA5_evaluation_r1i1p1f1_ICTP_RegCM5-0_v1-r1_1hr_200004070100-200004080000.nc
cll_CSAM-3_ERA5_evaluation_r1i1p1f1_ICTP_RegCM5-0_v1-r1_1hr_200004080100-200004090000.nc
cll_CSAM-3_ERA5_evaluation_r1i1p1f1_ICTP_RegCM5-0_v1-r1_1hr_200004090100-200004100000.nc
cll_CSAM-3_ERA5_evaluation_r1i1p1f1_ICTP_RegCM5-0_v1-r1_1hr_200004100100-200004110000.nc
cll_CSAM-3_ERA5_evaluation_r1i1p1f1_ICTP_RegCM5-0_v1-r1_1hr_200004110100-200004120000.nc
cll_CSAM-3_ERA5_evaluation_r1i1p1f1_ICTP_RegCM5-0_v1-r1_1hr_200004120100-200004130000.nc
cll_CSAM-3_ERA5_evaluation_r1i1p1f1_ICTP_RegCM5-0_v1-r1_1hr_200004130100-200004140000.nc
cll_CSAM-3_ERA5_evaluation_r1i1p1f1_ICTP_RegCM5-0_v1-r1_1hr_200004140100-200004150000.nc
cll_CSAM-3_ERA5_evaluation_r1i1p1f1_ICTP_RegCM5-0_v1-r1_1hr_200004150100-200004160000.nc
cll_CSAM-3_ERA5_evaluation_r1i1p1f1_ICTP_RegCM5-0_v1-r1_1hr_200004160100-200004170000.nc
cll_CSAM-3_ERA5_evaluation_r1i1p1f1_ICTP_RegCM5-0_v1-r1_1hr_200004170100-200004180000.nc
cll_CSAM-3_ERA5_evaluation_r1i1p1f1_ICTP_RegCM5-0_v1-r1_1hr_200004180100-200004190000.nc
cll_CSAM-3_ERA5_evaluation_r1i1p1f1_ICTP_RegCM5-0_v1-r1_1hr_200004190100-200004200000.nc
cll_CSAM-3_ERA5_evaluation_r1i1p1f1_ICTP_RegCM5-0_v1-r1_1hr_200004200100-200004210000.nc
cll_CSAM-3_ERA5_evaluation_r1i1p1f1_ICTP_RegCM5-0_v1-r1_1hr_200004210100-200004220000.nc
cll_CSAM-3_ERA5_evaluation_r1i1p1f1_ICTP_RegCM5-0_v1-r1_1hr_200004220100-200004230000.nc
cll_CSAM-3_ERA5_evaluation_r1i1p1f1_ICTP_RegCM5-0_v1-r1_1hr_200004230100-200004240000.nc
cll_CSAM-3_ERA5_evaluation_r1i1p1f1_ICTP_RegCM5-0_v1-r1_1hr_200004240100-200004250000.nc
cll_CSAM-3_ERA5_evaluation_r1i1p1f1_ICTP_RegCM5-0_v1-r1_1hr_200004250100-200004260000.nc
cll_CSAM-3_ERA5_evaluation_r1i1p1f1_ICTP_RegCM5-0_v1-r1_1hr_200004260100-200004270000.nc
cll_CSAM-3_ERA5_evaluation_r1i1p1f1_ICTP_RegCM5-0_v1-r1_1hr_200004270100-200004280000.nc
cll_CSAM-3_ERA5_evaluation_r1i1p1f1_ICTP_RegCM5-0_v1-r1_1hr_200004280100-200004290000.nc
cll_CSAM-3_ERA5_evaluation_r1i1p1f1_ICTP_RegCM5-0_v1-r1_1hr_200004290100-200004300000.nc
cll_CSAM-3_ERA5_evaluation_r1i1p1f1_ICTP_RegCM5-0_v1-r1_1hr_200004300100-200005010000.nc
cll_CSAM-3_ERA5_evaluation_r1i1p1f1_ICTP_RegCM5-0_v1-r1_1hr_200005010100-200005020000.nc
cll_CSAM-3_ERA5_evaluation_r1i1p1f1_ICTP_RegCM5-0_v1-r1_1hr_200005020100-200005030000.nc
cll_CSAM-3_ERA5_evaluation_r1i1p1f1_ICTP_RegCM5-0_v1-r1_1hr_200005030100-200005040000.nc
cll_CSAM-3_ERA5_evaluation_r1i1p1f1_ICTP_RegCM5-0_v1-r1_1hr_200005040100-200005050000.nc
cll_CSAM-3_ERA5_evaluation_r1i1p1f1_ICTP_RegCM5-0_v1-r1_1hr_200005050100-200005060000.nc
cll_CSAM-3_ERA5_evaluation_r1i1p1f1_ICTP_RegCM5-0_v1-r1_1hr_200005060100-200005070000.nc
cll_CSAM-3_ERA5_evaluation_r1i1p1f1_ICTP_RegCM5-0_v1-r1_1hr_200005070100-200005080000.nc
cll_CSAM-3_ERA5_evaluation_r1i1p1f1_ICTP_RegCM5-0_v1-r1_1hr_200005080100-200005090000.nc
cll_CSAM-3_ERA5_evaluation_r1i1p1f1_ICTP_RegCM5-0_v1-r1_1hr_200005090100-200005100000.nc
cll_CSAM-3_ERA5_evaluation_r1i1p1f1_ICTP_RegCM5-0_v1-r1_1hr_200005100100-200005110000.nc
cll_CSAM-3_ERA5_evaluation_r1i1p1f1_ICTP_RegCM5-0_v1-r1_1hr_200005110100-200005120000.nc
cll_CSAM-3_ERA5_evaluation_r1i1p1f1_ICTP_RegCM5-0_v1-r1_1hr_200005120100-200005130000.nc
cll_CSAM-3_ERA5_evaluation_r1i1p1f1_ICTP_RegCM5-0_v1-r1_1hr_200005130100-200005140000.nc
cll_CSAM-3_ERA5_evaluation_r1i1p1f1_ICTP_RegCM5-0_v1-r1_1hr_200005140100-200005150000.nc
cll_CSAM-3_ERA5_evaluation_r1i1p1f1_ICTP_RegCM5-0_v1-r1_1hr_200005150100-200005160000.nc
cll_CSAM-3_ERA5_evaluation_r1i1p1f1_ICTP_RegCM5-0_v1-r1_1hr_200005160100-200005170000.nc
cll_CSAM-3_ERA5_evaluation_r1i1p1f1_ICTP_RegCM5-0_v1-r1_1hr_200005170100-200005180000.nc
cll_CSAM-3_ERA5_evaluation_r1i1p1f1_ICTP_RegCM5-0_v1-r1_1hr_200005180100-200005190000.nc
cll_CSAM-3_ERA5_evaluation_r1i1p1f1_ICTP_RegCM5-0_v1-r1_1hr_200005190100-200005200000.nc
cll_CSAM-3_ERA5_evaluation_r1i1p1f1_ICTP_RegCM5-0_v1-r1_1hr_200005200100-200005210000.nc
cll_CSAM-3_ERA5_evaluation_r1i1p1f1_ICTP_RegCM5-0_v1-r1_1hr_200005210100-200005220000.nc
cll_CSAM-3_ERA5_evaluation_r1i1p1f1_ICTP_RegCM5-0_v1-r1_1hr_200005220100-200005230000.nc
cll_CSAM-3_ERA5_evaluation_r1i1p1f1_ICTP_RegCM5-0_v1-r1_1hr_200005230100-200005240000.nc
cll_CSAM-3_ERA5_evaluation_r1i1p1f1_ICTP_RegCM5-0_v1-r1_1hr_200005240100-200005250000.nc
cll_CSAM-3_ERA5_evaluation_r1i1p1f1_ICTP_RegCM5-0_v1-r1_1hr_200005250100-200005260000.nc
cll_CSAM-3_ERA5_evaluation_r1i1p1f1_ICTP_RegCM5-0_v1-r1_1hr_200005260100-200005270000.nc
cll_CSAM-3_ERA5_evaluation_r1i1p1f1_ICTP_RegCM5-0_v1-r1_1hr_200005270100-200005280000.nc
cll_CSAM-3_ERA5_evaluation_r1i1p1f1_ICTP_RegCM5-0_v1-r1_1hr_200005280100-200005290000.nc
cll_CSAM-3_ERA5_evaluation_r1i1p1f1_ICTP_RegCM5-0_v1-r1_1hr_200005290100-200005300000.nc
cll_CSAM-3_ERA5_evaluation_r1i1p1f1_ICTP_RegCM5-0_v1-r1_1hr_200005300100-200005310000.nc
cll_CSAM-3_ERA5_evaluation_r1i1p1f1_ICTP_RegCM5-0_v1-r1_1hr_200005310100-200006010000.nc
cll_CSAM-3_ERA5_evaluation_r1i1p1f1_ICTP_RegCM5-0_v1-r1_1hr_200006010100-200006020000.nc
cll_CSAM-3_ERA5_evaluation_r1i1p1f1_ICTP_RegCM5-0_v1-r1_1hr_200006020100-200006030000.nc
cll_CSAM-3_ERA5_evaluation_r1i1p1f1_ICTP_RegCM5-0_v1-r1_1hr_200006030100-200006040000.nc
cll_CSAM-3_ERA5_evaluation_r1i1p1f1_ICTP_RegCM5-0_v1-r1_1hr_200006040100-200006050000.nc
cll_CSAM-3_ERA5_evaluation_r1i1p1f1_ICTP_RegCM5-0_v1-r1_1hr_200006050100-200006060000.nc
cll_CSAM-3_ERA5_evaluation_r1i1p1f1_ICTP_RegCM5-0_v1-r1_1hr_200006060100-200006070000.nc
cll_CSAM-3_ERA5_evaluation_r1i1p1f1_ICTP_RegCM5-0_v1-r1_1hr_200006070100-200006080000.nc
cll_CSAM-3_ERA5_evaluation_r1i1p1f1_ICTP_RegCM5-0_v1-r1_1hr_200006080100-200006090000.nc
cll_CSAM-3_ERA5_evaluation_r1i1p1f1_ICTP_RegCM5-0_v1-r1_1hr_200006090100-200006100000.nc
cll_CSAM-3_ERA5_evaluation_r1i1p1f1_ICTP_RegCM5-0_v1-r1_1hr_200006100100-200006110000.nc
cll_CSAM-3_ERA5_evaluation_r1i1p1f1_ICTP_RegCM5-0_v1-r1_1hr_200006110100-200006120000.nc
cll_CSAM-3_ERA5_evaluation_r1i1p1f1_ICTP_RegCM5-0_v1-r1_1hr_200006120100-200006130000.nc
cll_CSAM-3_ERA5_evaluation_r1i1p1f1_ICTP_RegCM5-0_v1-r1_1hr_200006130100-200006140000.nc
cll_CSAM-3_ERA5_evaluation_r1i1p1f1_ICTP_RegCM5-0_v1-r1_1hr_200006140100-200006150000.nc
cll_CSAM-3_ERA5_evaluation_r1i1p1f1_ICTP_RegCM5-0_v1-r1_1hr_200006150100-200006160000.nc
cll_CSAM-3_ERA5_evaluation_r1i1p1f1_ICTP_RegCM5-0_v1-r1_1hr_200006160100-200006170000.nc
cll_CSAM-3_ERA5_evaluation_r1i1p1f1_ICTP_RegCM5-0_v1-r1_1hr_200006170100-200006180000.nc
cll_CSAM-3_ERA5_evaluation_r1i1p1f1_ICTP_RegCM5-0_v1-r1_1hr_200006180100-200006190000.nc
cll_CSAM-3_ERA5_evaluation_r1i1p1f1_ICTP_RegCM5-0_v1-r1_1hr_200006190100-200006200000.nc
cll_CSAM-3_ERA5_evaluation_r1i1p1f1_ICTP_RegCM5-0_v1-r1_1hr_200006200100-200006210000.nc
cll_CSAM-3_ERA5_evaluation_r1i1p1f1_ICTP_RegCM5-0_v1-r1_1hr_200006210100-200006220000.nc
cll_CSAM-3_ERA5_evaluation_r1i1p1f1_ICTP_RegCM5-0_v1-r1_1hr_200006220100-200006230000.nc
cll_CSAM-3_ERA5_evaluation_r1i1p1f1_ICTP_RegCM5-0_v1-r1_1hr_200006230100-200006240000.nc
cll_CSAM-3_ERA5_evaluation_r1i1p1f1_ICTP_RegCM5-0_v1-r1_1hr_200006240100-200006250000.nc
cll_CSAM-3_ERA5_evaluation_r1i1p1f1_ICTP_RegCM5-0_v1-r1_1hr_200006250100-200006260000.nc
cll_CSAM-3_ERA5_evaluation_r1i1p1f1_ICTP_RegCM5-0_v1-r1_1hr_200006260100-200006270000.nc
cll_CSAM-3_ERA5_evaluation_r1i1p1f1_ICTP_RegCM5-0_v1-r1_1hr_200006270100-200006280000.nc
cll_CSAM-3_ERA5_evaluation_r1i1p1f1_ICTP_RegCM5-0_v1-r1_1hr_200006280100-200006290000.nc
cll_CSAM-3_ERA5_evaluation_r1i1p1f1_ICTP_RegCM5-0_v1-r1_1hr_200006290100-200006300000.nc
cll_CSAM-3_ERA5_evaluation_r1i1p1f1_ICTP_RegCM5-0_v1-r1_1hr_200006300100-200007010000.nc
cll_CSAM-3_ERA5_evaluation_r1i1p1f1_ICTP_RegCM5-0_v1-r1_1hr_200007010100-200007020000.nc
cll_CSAM-3_ERA5_evaluation_r1i1p1f1_ICTP_RegCM5-0_v1-r1_1hr_200007020100-200007030000.nc
cll_CSAM-3_ERA5_evaluation_r1i1p1f1_ICTP_RegCM5-0_v1-r1_1hr_200007030100-200007040000.nc
cll_CSAM-3_ERA5_evaluation_r1i1p1f1_ICTP_RegCM5-0_v1-r1_1hr_200007040100-200007050000.nc
cll_CSAM-3_ERA5_evaluation_r1i1p1f1_ICTP_RegCM5-0_v1-r1_1hr_200007050100-200007060000.nc
cll_CSAM-3_ERA5_evaluation_r1i1p1f1_ICTP_RegCM5-0_v1-r1_1hr_200007060100-200007070000.nc
cll_CSAM-3_ERA5_evaluation_r1i1p1f1_ICTP_RegCM5-0_v1-r1_1hr_200007070100-200007080000.nc
cll_CSAM-3_ERA5_evaluation_r1i1p1f1_ICTP_RegCM5-0_v1-r1_1hr_200007080100-200007090000.nc
cll_CSAM-3_ERA5_evaluation_r1i1p1f1_ICTP_RegCM5-0_v1-r1_1hr_200007090100-200007100000.nc
cll_CSAM-3_ERA5_evaluation_r1i1p1f1_ICTP_RegCM5-0_v1-r1_1hr_200007100100-200007110000.nc
cll_CSAM-3_ERA5_evaluation_r1i1p1f1_ICTP_RegCM5-0_v1-r1_1hr_200007110100-200007120000.nc
cll_CSAM-3_ERA5_evaluation_r1i1p1f1_ICTP_RegCM5-0_v1-r1_1hr_200007120100-200007130000.nc
cll_CSAM-3_ERA5_evaluation_r1i1p1f1_ICTP_RegCM5-0_v1-r1_1hr_200007130100-200007140000.nc
cll_CSAM-3_ERA5_evaluation_r1i1p1f1_ICTP_RegCM5-0_v1-r1_1hr_200007140100-200007150000.nc
cll_CSAM-3_ERA5_evaluation_r1i1p1f1_ICTP_RegCM5-0_v1-r1_1hr_200007150100-200007160000.nc
cll_CSAM-3_ERA5_evaluation_r1i1p1f1_ICTP_RegCM5-0_v1-r1_1hr_200007160100-200007170000.nc
cll_CSAM-3_ERA5_evaluation_r1i1p1f1_ICTP_RegCM5-0_v1-r1_1hr_200007170100-200007180000.nc
cll_CSAM-3_ERA5_evaluation_r1i1p1f1_ICTP_RegCM5-0_v1-r1_1hr_200007180100-200007190000.nc
cll_CSAM-3_ERA5_evaluation_r1i1p1f1_ICTP_RegCM5-0_v1-r1_1hr_200007190100-200007200000.nc
cll_CSAM-3_ERA5_evaluation_r1i1p1f1_ICTP_RegCM5-0_v1-r1_1hr_200007200100-200007210000.nc
cll_CSAM-3_ERA5_evaluation_r1i1p1f1_ICTP_RegCM5-0_v1-r1_1hr_200007210100-200007220000.nc
cll_CSAM-3_ERA5_evaluation_r1i1p1f1_ICTP_RegCM5-0_v1-r1_1hr_200007220100-200007230000.nc
cll_CSAM-3_ERA5_evaluation_r1i1p1f1_ICTP_RegCM5-0_v1-r1_1hr_200007230100-200007240000.nc
cll_CSAM-3_ERA5_evaluation_r1i1p1f1_ICTP_RegCM5-0_v1-r1_1hr_200007240100-200007250000.nc
cll_CSAM-3_ERA5_evaluation_r1i1p1f1_ICTP_RegCM5-0_v1-r1_1hr_200007250100-200007260000.nc
cll_CSAM-3_ERA5_evaluation_r1i1p1f1_ICTP_RegCM5-0_v1-r1_1hr_200007260100-200007270000.nc
cll_CSAM-3_ERA5_evaluation_r1i1p1f1_ICTP_RegCM5-0_v1-r1_1hr_200007270100-200007280000.nc
cll_CSAM-3_ERA5_evaluation_r1i1p1f1_ICTP_RegCM5-0_v1-r1_1hr_200007280100-200007290000.nc
cll_CSAM-3_ERA5_evaluation_r1i1p1f1_ICTP_RegCM5-0_v1-r1_1hr_200007290100-200007300000.nc
cll_CSAM-3_ERA5_evaluation_r1i1p1f1_ICTP_RegCM5-0_v1-r1_1hr_200007300100-200007310000.nc
cll_CSAM-3_ERA5_evaluation_r1i1p1f1_ICTP_RegCM5-0_v1-r1_1hr_200007310100-200008010000.nc
cll_CSAM-3_ERA5_evaluation_r1i1p1f1_ICTP_RegCM5-0_v1-r1_1hr_200008010100-200008020000.nc
cll_CSAM-3_ERA5_evaluation_r1i1p1f1_ICTP_RegCM5-0_v1-r1_1hr_200008020100-200008030000.nc
cll_CSAM-3_ERA5_evaluation_r1i1p1f1_ICTP_RegCM5-0_v1-r1_1hr_200008030100-200008040000.nc
cll_CSAM-3_ERA5_evaluation_r1i1p1f1_ICTP_RegCM5-0_v1-r1_1hr_200008040100-200008050000.nc
cll_CSAM-3_ERA5_evaluation_r1i1p1f1_ICTP_RegCM5-0_v1-r1_1hr_200008050100-200008060000.nc
cll_CSAM-3_ERA5_evaluation_r1i1p1f1_ICTP_RegCM5-0_v1-r1_1hr_200008060100-200008070000.nc
cll_CSAM-3_ERA5_evaluation_r1i1p1f1_ICTP_RegCM5-0_v1-r1_1hr_200008070100-200008080000.nc
cll_CSAM-3_ERA5_evaluation_r1i1p1f1_ICTP_RegCM5-0_v1-r1_1hr_200008080100-200008090000.nc
cll_CSAM-3_ERA5_evaluation_r1i1p1f1_ICTP_RegCM5-0_v1-r1_1hr_200008090100-200008100000.nc
cll_CSAM-3_ERA5_evaluation_r1i1p1f1_ICTP_RegCM5-0_v1-r1_1hr_200008100100-200008110000.nc
cll_CSAM-3_ERA5_evaluation_r1i1p1f1_ICTP_RegCM5-0_v1-r1_1hr_200008110100-200008120000.nc
cll_CSAM-3_ERA5_evaluation_r1i1p1f1_ICTP_RegCM5-0_v1-r1_1hr_200008120100-200008130000.nc
cll_CSAM-3_ERA5_evaluation_r1i1p1f1_ICTP_RegCM5-0_v1-r1_1hr_200008130100-200008140000.nc
cll_CSAM-3_ERA5_evaluation_r1i1p1f1_ICTP_RegCM5-0_v1-r1_1hr_200008140100-200008150000.nc
cll_CSAM-3_ERA5_evaluation_r1i1p1f1_ICTP_RegCM5-0_v1-r1_1hr_200008150100-200008160000.nc
cll_CSAM-3_ERA5_evaluation_r1i1p1f1_ICTP_RegCM5-0_v1-r1_1hr_200008160100-200008170000.nc
cll_CSAM-3_ERA5_evaluation_r1i1p1f1_ICTP_RegCM5-0_v1-r1_1hr_200008170100-200008180000.nc
cll_CSAM-3_ERA5_evaluation_r1i1p1f1_ICTP_RegCM5-0_v1-r1_1hr_200008180100-200008190000.nc
cll_CSAM-3_ERA5_evaluation_r1i1p1f1_ICTP_RegCM5-0_v1-r1_1hr_200008190100-200008200000.nc
cll_CSAM-3_ERA5_evaluation_r1i1p1f1_ICTP_RegCM5-0_v1-r1_1hr_200008200100-200008210000.nc
cll_CSAM-3_ERA5_evaluation_r1i1p1f1_ICTP_RegCM5-0_v1-r1_1hr_200008210100-200008220000.nc
cll_CSAM-3_ERA5_evaluation_r1i1p1f1_ICTP_RegCM5-0_v1-r1_1hr_200008220100-200008230000.nc
cll_CSAM-3_ERA5_evaluation_r1i1p1f1_ICTP_RegCM5-0_v1-r1_1hr_200008230100-200008240000.nc
cll_CSAM-3_ERA5_evaluation_r1i1p1f1_ICTP_RegCM5-0_v1-r1_1hr_200008240100-200008250000.nc
cll_CSAM-3_ERA5_evaluation_r1i1p1f1_ICTP_RegCM5-0_v1-r1_1hr_200008250100-200008260000.nc
cll_CSAM-3_ERA5_evaluation_r1i1p1f1_ICTP_RegCM5-0_v1-r1_1hr_200008260100-200008270000.nc
cll_CSAM-3_ERA5_evaluation_r1i1p1f1_ICTP_RegCM5-0_v1-r1_1hr_200008270100-200008280000.nc
cll_CSAM-3_ERA5_evaluation_r1i1p1f1_ICTP_RegCM5-0_v1-r1_1hr_200008280100-200008290000.nc
cll_CSAM-3_ERA5_evaluation_r1i1p1f1_ICTP_RegCM5-0_v1-r1_1hr_200008290100-200008300000.nc
cll_CSAM-3_ERA5_evaluation_r1i1p1f1_ICTP_RegCM5-0_v1-r1_1hr_200008300100-200008310000.nc
cll_CSAM-3_ERA5_evaluation_r1i1p1f1_ICTP_RegCM5-0_v1-r1_1hr_200008310100-200009010000.nc
cll_CSAM-3_ERA5_evaluation_r1i1p1f1_ICTP_RegCM5-0_v1-r1_1hr_200009010100-200009020000.nc
cll_CSAM-3_ERA5_evaluation_r1i1p1f1_ICTP_RegCM5-0_v1-r1_1hr_200009020100-200009030000.nc
cll_CSAM-3_ERA5_evaluation_r1i1p1f1_ICTP_RegCM5-0_v1-r1_1hr_200009030100-200009040000.nc
cll_CSAM-3_ERA5_evaluation_r1i1p1f1_ICTP_RegCM5-0_v1-r1_1hr_200009040100-200009050000.nc
cll_CSAM-3_ERA5_evaluation_r1i1p1f1_ICTP_RegCM5-0_v1-r1_1hr_200009050100-200009060000.nc
cll_CSAM-3_ERA5_evaluation_r1i1p1f1_ICTP_RegCM5-0_v1-r1_1hr_200009060100-200009070000.nc
cll_CSAM-3_ERA5_evaluation_r1i1p1f1_ICTP_RegCM5-0_v1-r1_1hr_200009070100-200009080000.nc
cll_CSAM-3_ERA5_evaluation_r1i1p1f1_ICTP_RegCM5-0_v1-r1_1hr_200009080100-200009090000.nc
cll_CSAM-3_ERA5_evaluation_r1i1p1f1_ICTP_RegCM5-0_v1-r1_1hr_200009090100-200009100000.nc
cll_CSAM-3_ERA5_evaluation_r1i1p1f1_ICTP_RegCM5-0_v1-r1_1hr_200009100100-200009110000.nc
cll_CSAM-3_ERA5_evaluation_r1i1p1f1_ICTP_RegCM5-0_v1-r1_1hr_200009110100-200009120000.nc
cll_CSAM-3_ERA5_evaluation_r1i1p1f1_ICTP_RegCM5-0_v1-r1_1hr_200009120100-200009130000.nc
cll_CSAM-3_ERA5_evaluation_r1i1p1f1_ICTP_RegCM5-0_v1-r1_1hr_200009130100-200009140000.nc
cll_CSAM-3_ERA5_evaluation_r1i1p1f1_ICTP_RegCM5-0_v1-r1_1hr_200009140100-200009150000.nc
cll_CSAM-3_ERA5_evaluation_r1i1p1f1_ICTP_RegCM5-0_v1-r1_1hr_200009150100-200009160000.nc
cll_CSAM-3_ERA5_evaluation_r1i1p1f1_ICTP_RegCM5-0_v1-r1_1hr_200009160100-200009170000.nc
cll_CSAM-3_ERA5_evaluation_r1i1p1f1_ICTP_RegCM5-0_v1-r1_1hr_200009170100-200009180000.nc
cll_CSAM-3_ERA5_evaluation_r1i1p1f1_ICTP_RegCM5-0_v1-r1_1hr_200009180100-200009190000.nc
cll_CSAM-3_ERA5_evaluation_r1i1p1f1_ICTP_RegCM5-0_v1-r1_1hr_200009190100-200009200000.nc
cll_CSAM-3_ERA5_evaluation_r1i1p1f1_ICTP_RegCM5-0_v1-r1_1hr_200009200100-200009210000.nc
cll_CSAM-3_ERA5_evaluation_r1i1p1f1_ICTP_RegCM5-0_v1-r1_1hr_200009210100-200009220000.nc
cll_CSAM-3_ERA5_evaluation_r1i1p1f1_ICTP_RegCM5-0_v1-r1_1hr_200009220100-200009230000.nc
cll_CSAM-3_ERA5_evaluation_r1i1p1f1_ICTP_RegCM5-0_v1-r1_1hr_200009230100-200009240000.nc
cll_CSAM-3_ERA5_evaluation_r1i1p1f1_ICTP_RegCM5-0_v1-r1_1hr_200009240100-200009250000.nc
cll_CSAM-3_ERA5_evaluation_r1i1p1f1_ICTP_RegCM5-0_v1-r1_1hr_200009250100-200009260000.nc
cll_CSAM-3_ERA5_evaluation_r1i1p1f1_ICTP_RegCM5-0_v1-r1_1hr_200009260100-200009270000.nc
cll_CSAM-3_ERA5_evaluation_r1i1p1f1_ICTP_RegCM5-0_v1-r1_1hr_200009270100-200009280000.nc
cll_CSAM-3_ERA5_evaluation_r1i1p1f1_ICTP_RegCM5-0_v1-r1_1hr_200009280100-200009290000.nc
cll_CSAM-3_ERA5_evaluation_r1i1p1f1_ICTP_RegCM5-0_v1-r1_1hr_200009290100-200009300000.nc
cll_CSAM-3_ERA5_evaluation_r1i1p1f1_ICTP_RegCM5-0_v1-r1_1hr_200009300100-200010010000.nc
cll_CSAM-3_ERA5_evaluation_r1i1p1f1_ICTP_RegCM5-0_v1-r1_1hr_200010010100-200010020000.nc
cll_CSAM-3_ERA5_evaluation_r1i1p1f1_ICTP_RegCM5-0_v1-r1_1hr_200010020100-200010030000.nc
cll_CSAM-3_ERA5_evaluation_r1i1p1f1_ICTP_RegCM5-0_v1-r1_1hr_200010030100-200010040000.nc
cll_CSAM-3_ERA5_evaluation_r1i1p1f1_ICTP_RegCM5-0_v1-r1_1hr_200010040100-200010050000.nc
cll_CSAM-3_ERA5_evaluation_r1i1p1f1_ICTP_RegCM5-0_v1-r1_1hr_200010050100-200010060000.nc
cll_CSAM-3_ERA5_evaluation_r1i1p1f1_ICTP_RegCM5-0_v1-r1_1hr_200010060100-200010070000.nc
cll_CSAM-3_ERA5_evaluation_r1i1p1f1_ICTP_RegCM5-0_v1-r1_1hr_200010070100-200010080000.nc
cll_CSAM-3_ERA5_evaluation_r1i1p1f1_ICTP_RegCM5-0_v1-r1_1hr_200010080100-200010090000.nc
cll_CSAM-3_ERA5_evaluation_r1i1p1f1_ICTP_RegCM5-0_v1-r1_1hr_200010090100-200010100000.nc
cll_CSAM-3_ERA5_evaluation_r1i1p1f1_ICTP_RegCM5-0_v1-r1_1hr_200010100100-200010110000.nc
cll_CSAM-3_ERA5_evaluation_r1i1p1f1_ICTP_RegCM5-0_v1-r1_1hr_200010110100-200010120000.nc
cll_CSAM-3_ERA5_evaluation_r1i1p1f1_ICTP_RegCM5-0_v1-r1_1hr_200010120100-200010130000.nc
cll_CSAM-3_ERA5_evaluation_r1i1p1f1_ICTP_RegCM5-0_v1-r1_1hr_200010130100-200010140000.nc
cll_CSAM-3_ERA5_evaluation_r1i1p1f1_ICTP_RegCM5-0_v1-r1_1hr_200010140100-200010150000.nc
cll_CSAM-3_ERA5_evaluation_r1i1p1f1_ICTP_RegCM5-0_v1-r1_1hr_200010150100-200010160000.nc
cll_CSAM-3_ERA5_evaluation_r1i1p1f1_ICTP_RegCM5-0_v1-r1_1hr_200010160100-200010170000.nc
cll_CSAM-3_ERA5_evaluation_r1i1p1f1_ICTP_RegCM5-0_v1-r1_1hr_200010170100-200010180000.nc
cll_CSAM-3_ERA5_evaluation_r1i1p1f1_ICTP_RegCM5-0_v1-r1_1hr_200010180100-200010190000.nc
cll_CSAM-3_ERA5_evaluation_r1i1p1f1_ICTP_RegCM5-0_v1-r1_1hr_200010190100-200010200000.nc
cll_CSAM-3_ERA5_evaluation_r1i1p1f1_ICTP_RegCM5-0_v1-r1_1hr_200010200100-200010210000.nc
cll_CSAM-3_ERA5_evaluation_r1i1p1f1_ICTP_RegCM5-0_v1-r1_1hr_200010210100-200010220000.nc
cll_CSAM-3_ERA5_evaluation_r1i1p1f1_ICTP_RegCM5-0_v1-r1_1hr_200010220100-200010230000.nc
cll_CSAM-3_ERA5_evaluation_r1i1p1f1_ICTP_RegCM5-0_v1-r1_1hr_200010230100-200010240000.nc
cll_CSAM-3_ERA5_evaluation_r1i1p1f1_ICTP_RegCM5-0_v1-r1_1hr_200010240100-200010250000.nc
cll_CSAM-3_ERA5_evaluation_r1i1p1f1_ICTP_RegCM5-0_v1-r1_1hr_200010250100-200010260000.nc
cll_CSAM-3_ERA5_evaluation_r1i1p1f1_ICTP_RegCM5-0_v1-r1_1hr_200010260100-200010270000.nc
cll_CSAM-3_ERA5_evaluation_r1i1p1f1_ICTP_RegCM5-0_v1-r1_1hr_200010270100-200010280000.nc
cll_CSAM-3_ERA5_evaluation_r1i1p1f1_ICTP_RegCM5-0_v1-r1_1hr_200010280100-200010290000.nc
cll_CSAM-3_ERA5_evaluation_r1i1p1f1_ICTP_RegCM5-0_v1-r1_1hr_200010290100-200010300000.nc
cll_CSAM-3_ERA5_evaluation_r1i1p1f1_ICTP_RegCM5-0_v1-r1_1hr_200010300100-200010310000.nc
cll_CSAM-3_ERA5_evaluation_r1i1p1f1_ICTP_RegCM5-0_v1-r1_1hr_200010310100-200011010000.nc
cll_CSAM-3_ERA5_evaluation_r1i1p1f1_ICTP_RegCM5-0_v1-r1_1hr_200011010100-200011020000.nc
cll_CSAM-3_ERA5_evaluation_r1i1p1f1_ICTP_RegCM5-0_v1-r1_1hr_200011020100-200011030000.nc
cll_CSAM-3_ERA5_evaluation_r1i1p1f1_ICTP_RegCM5-0_v1-r1_1hr_200011030100-200011040000.nc
cll_CSAM-3_ERA5_evaluation_r1i1p1f1_ICTP_RegCM5-0_v1-r1_1hr_200011040100-200011050000.nc
cll_CSAM-3_ERA5_evaluation_r1i1p1f1_ICTP_RegCM5-0_v1-r1_1hr_200011050100-200011060000.nc
cll_CSAM-3_ERA5_evaluation_r1i1p1f1_ICTP_RegCM5-0_v1-r1_1hr_200011060100-200011070000.nc
cll_CSAM-3_ERA5_evaluation_r1i1p1f1_ICTP_RegCM5-0_v1-r1_1hr_200011070100-200011080000.nc
cll_CSAM-3_ERA5_evaluation_r1i1p1f1_ICTP_RegCM5-0_v1-r1_1hr_200011080100-200011090000.nc
cll_CSAM-3_ERA5_evaluation_r1i1p1f1_ICTP_RegCM5-0_v1-r1_1hr_200011090100-200011100000.nc
cll_CSAM-3_ERA5_evaluation_r1i1p1f1_ICTP_RegCM5-0_v1-r1_1hr_200011100100-200011110000.nc
cll_CSAM-3_ERA5_evaluation_r1i1p1f1_ICTP_RegCM5-0_v1-r1_1hr_200011110100-200011120000.nc
cll_CSAM-3_ERA5_evaluation_r1i1p1f1_ICTP_RegCM5-0_v1-r1_1hr_200011120100-200011130000.nc
cll_CSAM-3_ERA5_evaluation_r1i1p1f1_ICTP_RegCM5-0_v1-r1_1hr_200011130100-200011140000.nc
cll_CSAM-3_ERA5_evaluation_r1i1p1f1_ICTP_RegCM5-0_v1-r1_1hr_200011140100-200011150000.nc
cll_CSAM-3_ERA5_evaluation_r1i1p1f1_ICTP_RegCM5-0_v1-r1_1hr_200011150100-200011160000.nc
cll_CSAM-3_ERA5_evaluation_r1i1p1f1_ICTP_RegCM5-0_v1-r1_1hr_200011160100-200011170000.nc
cll_CSAM-3_ERA5_evaluation_r1i1p1f1_ICTP_RegCM5-0_v1-r1_1hr_200011170100-200011180000.nc
cll_CSAM-3_ERA5_evaluation_r1i1p1f1_ICTP_RegCM5-0_v1-r1_1hr_200011180100-200011190000.nc
cll_CSAM-3_ERA5_evaluation_r1i1p1f1_ICTP_RegCM5-0_v1-r1_1hr_200011190100-200011200000.nc
cll_CSAM-3_ERA5_evaluation_r1i1p1f1_ICTP_RegCM5-0_v1-r1_1hr_200011200100-200011210000.nc
cll_CSAM-3_ERA5_evaluation_r1i1p1f1_ICTP_RegCM5-0_v1-r1_1hr_200011210100-200011220000.nc
cll_CSAM-3_ERA5_evaluation_r1i1p1f1_ICTP_RegCM5-0_v1-r1_1hr_200011220100-200011230000.nc
cll_CSAM-3_ERA5_evaluation_r1i1p1f1_ICTP_RegCM5-0_v1-r1_1hr_200011230100-200011240000.nc
cll_CSAM-3_ERA5_evaluation_r1i1p1f1_ICTP_RegCM5-0_v1-r1_1hr_200011240100-200011250000.nc
cll_CSAM-3_ERA5_evaluation_r1i1p1f1_ICTP_RegCM5-0_v1-r1_1hr_200011250100-200011260000.nc
cll_CSAM-3_ERA5_evaluation_r1i1p1f1_ICTP_RegCM5-0_v1-r1_1hr_200011260100-200011270000.nc
cll_CSAM-3_ERA5_evaluation_r1i1p1f1_ICTP_RegCM5-0_v1-r1_1hr_200011270100-200011280000.nc
cll_CSAM-3_ERA5_evaluation_r1i1p1f1_ICTP_RegCM5-0_v1-r1_1hr_200011280100-200011290000.nc
cll_CSAM-3_ERA5_evaluation_r1i1p1f1_ICTP_RegCM5-0_v1-r1_1hr_200011290100-200011300000.nc
cll_CSAM-3_ERA5_evaluation_r1i1p1f1_ICTP_RegCM5-0_v1-r1_1hr_200011300100-200012010000.nc
cll_CSAM-3_ERA5_evaluation_r1i1p1f1_ICTP_RegCM5-0_v1-r1_1hr_200012010100-200012020000.nc
cll_CSAM-3_ERA5_evaluation_r1i1p1f1_ICTP_RegCM5-0_v1-r1_1hr_200012020100-200012030000.nc
cll_CSAM-3_ERA5_evaluation_r1i1p1f1_ICTP_RegCM5-0_v1-r1_1hr_200012030100-200012040000.nc
cll_CSAM-3_ERA5_evaluation_r1i1p1f1_ICTP_RegCM5-0_v1-r1_1hr_200012040100-200012050000.nc
cll_CSAM-3_ERA5_evaluation_r1i1p1f1_ICTP_RegCM5-0_v1-r1_1hr_200012050100-200012060000.nc
cll_CSAM-3_ERA5_evaluation_r1i1p1f1_ICTP_RegCM5-0_v1-r1_1hr_200012060100-200012070000.nc
cll_CSAM-3_ERA5_evaluation_r1i1p1f1_ICTP_RegCM5-0_v1-r1_1hr_200012070100-200012080000.nc
cll_CSAM-3_ERA5_evaluation_r1i1p1f1_ICTP_RegCM5-0_v1-r1_1hr_200012080100-200012090000.nc
cll_CSAM-3_ERA5_evaluation_r1i1p1f1_ICTP_RegCM5-0_v1-r1_1hr_200012090100-200012100000.nc
cll_CSAM-3_ERA5_evaluation_r1i1p1f1_ICTP_RegCM5-0_v1-r1_1hr_200012100100-200012110000.nc
cll_CSAM-3_ERA5_evaluation_r1i1p1f1_ICTP_RegCM5-0_v1-r1_1hr_200012110100-200012120000.nc
cll_CSAM-3_ERA5_evaluation_r1i1p1f1_ICTP_RegCM5-0_v1-r1_1hr_200012120100-200012130000.nc
cll_CSAM-3_ERA5_evaluation_r1i1p1f1_ICTP_RegCM5-0_v1-r1_1hr_200012130100-200012140000.nc
cll_CSAM-3_ERA5_evaluation_r1i1p1f1_ICTP_RegCM5-0_v1-r1_1hr_200012140100-200012150000.nc
cll_CSAM-3_ERA5_evaluation_r1i1p1f1_ICTP_RegCM5-0_v1-r1_1hr_200012150100-200012160000.nc
cll_CSAM-3_ERA5_evaluation_r1i1p1f1_ICTP_RegCM5-0_v1-r1_1hr_200012160100-200012170000.nc
cll_CSAM-3_ERA5_evaluation_r1i1p1f1_ICTP_RegCM5-0_v1-r1_1hr_200012170100-200012180000.nc
cll_CSAM-3_ERA5_evaluation_r1i1p1f1_ICTP_RegCM5-0_v1-r1_1hr_200012180100-200012190000.nc
cll_CSAM-3_ERA5_evaluation_r1i1p1f1_ICTP_RegCM5-0_v1-r1_1hr_200012190100-200012200000.nc
cll_CSAM-3_ERA5_evaluation_r1i1p1f1_ICTP_RegCM5-0_v1-r1_1hr_200012200100-200012210000.nc
cll_CSAM-3_ERA5_evaluation_r1i1p1f1_ICTP_RegCM5-0_v1-r1_1hr_200012210100-200012220000.nc
cll_CSAM-3_ERA5_evaluation_r1i1p1f1_ICTP_RegCM5-0_v1-r1_1hr_200012220100-200012230000.nc
cll_CSAM-3_ERA5_evaluation_r1i1p1f1_ICTP_RegCM5-0_v1-r1_1hr_200012230100-200012240000.nc
cll_CSAM-3_ERA5_evaluation_r1i1p1f1_ICTP_RegCM5-0_v1-r1_1hr_200012240100-200012250000.nc
cll_CSAM-3_ERA5_evaluation_r1i1p1f1_ICTP_RegCM5-0_v1-r1_1hr_200012250100-200012260000.nc
cll_CSAM-3_ERA5_evaluation_r1i1p1f1_ICTP_RegCM5-0_v1-r1_1hr_200012260100-200012270000.nc
cll_CSAM-3_ERA5_evaluation_r1i1p1f1_ICTP_RegCM5-0_v1-r1_1hr_200012270100-200012280000.nc
cll_CSAM-3_ERA5_evaluation_r1i1p1f1_ICTP_RegCM5-0_v1-r1_1hr_200012280100-200012290000.nc
cll_CSAM-3_ERA5_evaluation_r1i1p1f1_ICTP_RegCM5-0_v1-r1_1hr_200012290100-200012300000.nc
cll_CSAM-3_ERA5_evaluation_r1i1p1f1_ICTP_RegCM5-0_v1-r1_1hr_200012300100-200012310000.nc
cll_CSAM-3_ERA5_evaluation_r1i1p1f1_ICTP_RegCM5-0_v1-r1_1hr_200012310100-200101010000.nc
Files: clm_CSAM-3_ERA5_evaluation_r1i1p1f1_ICTP_RegCM5-0_v1-r1_1hr_200001010100-200001020000.nc
clm_CSAM-3_ERA5_evaluation_r1i1p1f1_ICTP_RegCM5-0_v1-r1_1hr_200001020100-200001030000.nc
clm_CSAM-3_ERA5_evaluation_r1i1p1f1_ICTP_RegCM5-0_v1-r1_1hr_200001030100-200001040000.nc
clm_CSAM-3_ERA5_evaluation_r1i1p1f1_ICTP_RegCM5-0_v1-r1_1hr_200001040100-200001050000.nc
clm_CSAM-3_ERA5_evaluation_r1i1p1f1_ICTP_RegCM5-0_v1-r1_1hr_200001050100-200001060000.nc
clm_CSAM-3_ERA5_evaluation_r1i1p1f1_ICTP_RegCM5-0_v1-r1_1hr_200001060100-200001070000.nc
clm_CSAM-3_ERA5_evaluation_r1i1p1f1_ICTP_RegCM5-0_v1-r1_1hr_200001070100-200001080000.nc
clm_CSAM-3_ERA5_evaluation_r1i1p1f1_ICTP_RegCM5-0_v1-r1_1hr_200001080100-200001090000.nc
clm_CSAM-3_ERA5_evaluation_r1i1p1f1_ICTP_RegCM5-0_v1-r1_1hr_200001090100-200001100000.nc
clm_CSAM-3_ERA5_evaluation_r1i1p1f1_ICTP_RegCM5-0_v1-r1_1hr_200001100100-200001110000.nc
clm_CSAM-3_ERA5_evaluation_r1i1p1f1_ICTP_RegCM5-0_v1-r1_1hr_200001110100-200001120000.nc
clm_CSAM-3_ERA5_evaluation_r1i1p1f1_ICTP_RegCM5-0_v1-r1_1hr_200001120100-200001130000.nc
clm_CSAM-3_ERA5_evaluation_r1i1p1f1_ICTP_RegCM5-0_v1-r1_1hr_200001130100-200001140000.nc
clm_CSAM-3_ERA5_evaluation_r1i1p1f1_ICTP_RegCM5-0_v1-r1_1hr_200001140100-200001150000.nc
clm_CSAM-3_ERA5_evaluation_r1i1p1f1_ICTP_RegCM5-0_v1-r1_1hr_200001150100-200001160000.nc
clm_CSAM-3_ERA5_evaluation_r1i1p1f1_ICTP_RegCM5-0_v1-r1_1hr_200001160100-200001170000.nc
clm_CSAM-3_ERA5_evaluation_r1i1p1f1_ICTP_RegCM5-0_v1-r1_1hr_200001170100-200001180000.nc
clm_CSAM-3_ERA5_evaluation_r1i1p1f1_ICTP_RegCM5-0_v1-r1_1hr_200001180100-200001190000.nc
clm_CSAM-3_ERA5_evaluation_r1i1p1f1_ICTP_RegCM5-0_v1-r1_1hr_200001190100-200001200000.nc
clm_CSAM-3_ERA5_evaluation_r1i1p1f1_ICTP_RegCM5-0_v1-r1_1hr_200001200100-200001210000.nc
clm_CSAM-3_ERA5_evaluation_r1i1p1f1_ICTP_RegCM5-0_v1-r1_1hr_200001210100-200001220000.nc
clm_CSAM-3_ERA5_evaluation_r1i1p1f1_ICTP_RegCM5-0_v1-r1_1hr_200001220100-200001230000.nc
clm_CSAM-3_ERA5_evaluation_r1i1p1f1_ICTP_RegCM5-0_v1-r1_1hr_200001230100-200001240000.nc
clm_CSAM-3_ERA5_evaluation_r1i1p1f1_ICTP_RegCM5-0_v1-r1_1hr_200001240100-200001250000.nc
clm_CSAM-3_ERA5_evaluation_r1i1p1f1_ICTP_RegCM5-0_v1-r1_1hr_200001250100-200001260000.nc
clm_CSAM-3_ERA5_evaluation_r1i1p1f1_ICTP_RegCM5-0_v1-r1_1hr_200001260100-200001270000.nc
clm_CSAM-3_ERA5_evaluation_r1i1p1f1_ICTP_RegCM5-0_v1-r1_1hr_200001270100-200001280000.nc
clm_CSAM-3_ERA5_evaluation_r1i1p1f1_ICTP_RegCM5-0_v1-r1_1hr_200001280100-200001290000.nc
clm_CSAM-3_ERA5_evaluation_r1i1p1f1_ICTP_RegCM5-0_v1-r1_1hr_200001290100-200001300000.nc
clm_CSAM-3_ERA5_evaluation_r1i1p1f1_ICTP_RegCM5-0_v1-r1_1hr_200001300100-200001310000.nc
clm_CSAM-3_ERA5_evaluation_r1i1p1f1_ICTP_RegCM5-0_v1-r1_1hr_200001310100-200002010000.nc
clm_CSAM-3_ERA5_evaluation_r1i1p1f1_ICTP_RegCM5-0_v1-r1_1hr_200002010100-200002020000.nc
clm_CSAM-3_ERA5_evaluation_r1i1p1f1_ICTP_RegCM5-0_v1-r1_1hr_200002020100-200002030000.nc
clm_CSAM-3_ERA5_evaluation_r1i1p1f1_ICTP_RegCM5-0_v1-r1_1hr_200002030100-200002040000.nc
clm_CSAM-3_ERA5_evaluation_r1i1p1f1_ICTP_RegCM5-0_v1-r1_1hr_200002040100-200002050000.nc
clm_CSAM-3_ERA5_evaluation_r1i1p1f1_ICTP_RegCM5-0_v1-r1_1hr_200002050100-200002060000.nc
clm_CSAM-3_ERA5_evaluation_r1i1p1f1_ICTP_RegCM5-0_v1-r1_1hr_200002060100-200002070000.nc
clm_CSAM-3_ERA5_evaluation_r1i1p1f1_ICTP_RegCM5-0_v1-r1_1hr_200002070100-200002080000.nc
clm_CSAM-3_ERA5_evaluation_r1i1p1f1_ICTP_RegCM5-0_v1-r1_1hr_200002080100-200002090000.nc
clm_CSAM-3_ERA5_evaluation_r1i1p1f1_ICTP_RegCM5-0_v1-r1_1hr_200002090100-200002100000.nc
clm_CSAM-3_ERA5_evaluation_r1i1p1f1_ICTP_RegCM5-0_v1-r1_1hr_200002100100-200002110000.nc
clm_CSAM-3_ERA5_evaluation_r1i1p1f1_ICTP_RegCM5-0_v1-r1_1hr_200002110100-200002120000.nc
clm_CSAM-3_ERA5_evaluation_r1i1p1f1_ICTP_RegCM5-0_v1-r1_1hr_200002120100-200002130000.nc
clm_CSAM-3_ERA5_evaluation_r1i1p1f1_ICTP_RegCM5-0_v1-r1_1hr_200002130100-200002140000.nc
clm_CSAM-3_ERA5_evaluation_r1i1p1f1_ICTP_RegCM5-0_v1-r1_1hr_200002140100-200002150000.nc
clm_CSAM-3_ERA5_evaluation_r1i1p1f1_ICTP_RegCM5-0_v1-r1_1hr_200002150100-200002160000.nc
clm_CSAM-3_ERA5_evaluation_r1i1p1f1_ICTP_RegCM5-0_v1-r1_1hr_200002160100-200002170000.nc
clm_CSAM-3_ERA5_evaluation_r1i1p1f1_ICTP_RegCM5-0_v1-r1_1hr_200002170100-200002180000.nc
clm_CSAM-3_ERA5_evaluation_r1i1p1f1_ICTP_RegCM5-0_v1-r1_1hr_200002180100-200002190000.nc
clm_CSAM-3_ERA5_evaluation_r1i1p1f1_ICTP_RegCM5-0_v1-r1_1hr_200002190100-200002200000.nc
clm_CSAM-3_ERA5_evaluation_r1i1p1f1_ICTP_RegCM5-0_v1-r1_1hr_200002200100-200002210000.nc
clm_CSAM-3_ERA5_evaluation_r1i1p1f1_ICTP_RegCM5-0_v1-r1_1hr_200002210100-200002220000.nc
clm_CSAM-3_ERA5_evaluation_r1i1p1f1_ICTP_RegCM5-0_v1-r1_1hr_200002220100-200002230000.nc
clm_CSAM-3_ERA5_evaluation_r1i1p1f1_ICTP_RegCM5-0_v1-r1_1hr_200002230100-200002240000.nc
clm_CSAM-3_ERA5_evaluation_r1i1p1f1_ICTP_RegCM5-0_v1-r1_1hr_200002240100-200002250000.nc
clm_CSAM-3_ERA5_evaluation_r1i1p1f1_ICTP_RegCM5-0_v1-r1_1hr_200002250100-200002260000.nc
clm_CSAM-3_ERA5_evaluation_r1i1p1f1_ICTP_RegCM5-0_v1-r1_1hr_200002260100-200002270000.nc
clm_CSAM-3_ERA5_evaluation_r1i1p1f1_ICTP_RegCM5-0_v1-r1_1hr_200002270100-200002280000.nc
clm_CSAM-3_ERA5_evaluation_r1i1p1f1_ICTP_RegCM5-0_v1-r1_1hr_200002280100-200002290000.nc
clm_CSAM-3_ERA5_evaluation_r1i1p1f1_ICTP_RegCM5-0_v1-r1_1hr_200002290100-200003010000.nc
clm_CSAM-3_ERA5_evaluation_r1i1p1f1_ICTP_RegCM5-0_v1-r1_1hr_200003010100-200003020000.nc
clm_CSAM-3_ERA5_evaluation_r1i1p1f1_ICTP_RegCM5-0_v1-r1_1hr_200003020100-200003030000.nc
clm_CSAM-3_ERA5_evaluation_r1i1p1f1_ICTP_RegCM5-0_v1-r1_1hr_200003030100-200003040000.nc
clm_CSAM-3_ERA5_evaluation_r1i1p1f1_ICTP_RegCM5-0_v1-r1_1hr_200003040100-200003050000.nc
clm_CSAM-3_ERA5_evaluation_r1i1p1f1_ICTP_RegCM5-0_v1-r1_1hr_200003050100-200003060000.nc
clm_CSAM-3_ERA5_evaluation_r1i1p1f1_ICTP_RegCM5-0_v1-r1_1hr_200003060100-200003070000.nc
clm_CSAM-3_ERA5_evaluation_r1i1p1f1_ICTP_RegCM5-0_v1-r1_1hr_200003070100-200003080000.nc
clm_CSAM-3_ERA5_evaluation_r1i1p1f1_ICTP_RegCM5-0_v1-r1_1hr_200003080100-200003090000.nc
clm_CSAM-3_ERA5_evaluation_r1i1p1f1_ICTP_RegCM5-0_v1-r1_1hr_200003090100-200003100000.nc
clm_CSAM-3_ERA5_evaluation_r1i1p1f1_ICTP_RegCM5-0_v1-r1_1hr_200003100100-200003110000.nc
clm_CSAM-3_ERA5_evaluation_r1i1p1f1_ICTP_RegCM5-0_v1-r1_1hr_200003110100-200003120000.nc
clm_CSAM-3_ERA5_evaluation_r1i1p1f1_ICTP_RegCM5-0_v1-r1_1hr_200003120100-200003130000.nc
clm_CSAM-3_ERA5_evaluation_r1i1p1f1_ICTP_RegCM5-0_v1-r1_1hr_200003130100-200003140000.nc
clm_CSAM-3_ERA5_evaluation_r1i1p1f1_ICTP_RegCM5-0_v1-r1_1hr_200003140100-200003150000.nc
clm_CSAM-3_ERA5_evaluation_r1i1p1f1_ICTP_RegCM5-0_v1-r1_1hr_200003150100-200003160000.nc
clm_CSAM-3_ERA5_evaluation_r1i1p1f1_ICTP_RegCM5-0_v1-r1_1hr_200003160100-200003170000.nc
clm_CSAM-3_ERA5_evaluation_r1i1p1f1_ICTP_RegCM5-0_v1-r1_1hr_200003170100-200003180000.nc
clm_CSAM-3_ERA5_evaluation_r1i1p1f1_ICTP_RegCM5-0_v1-r1_1hr_200003180100-200003190000.nc
clm_CSAM-3_ERA5_evaluation_r1i1p1f1_ICTP_RegCM5-0_v1-r1_1hr_200003190100-200003200000.nc
clm_CSAM-3_ERA5_evaluation_r1i1p1f1_ICTP_RegCM5-0_v1-r1_1hr_200003200100-200003210000.nc
clm_CSAM-3_ERA5_evaluation_r1i1p1f1_ICTP_RegCM5-0_v1-r1_1hr_200003210100-200003220000.nc
clm_CSAM-3_ERA5_evaluation_r1i1p1f1_ICTP_RegCM5-0_v1-r1_1hr_200003220100-200003230000.nc
clm_CSAM-3_ERA5_evaluation_r1i1p1f1_ICTP_RegCM5-0_v1-r1_1hr_200003230100-200003240000.nc
clm_CSAM-3_ERA5_evaluation_r1i1p1f1_ICTP_RegCM5-0_v1-r1_1hr_200003240100-200003250000.nc
clm_CSAM-3_ERA5_evaluation_r1i1p1f1_ICTP_RegCM5-0_v1-r1_1hr_200003250100-200003260000.nc
clm_CSAM-3_ERA5_evaluation_r1i1p1f1_ICTP_RegCM5-0_v1-r1_1hr_200003260100-200003270000.nc
clm_CSAM-3_ERA5_evaluation_r1i1p1f1_ICTP_RegCM5-0_v1-r1_1hr_200003270100-200003280000.nc
clm_CSAM-3_ERA5_evaluation_r1i1p1f1_ICTP_RegCM5-0_v1-r1_1hr_200003280100-200003290000.nc
clm_CSAM-3_ERA5_evaluation_r1i1p1f1_ICTP_RegCM5-0_v1-r1_1hr_200003290100-200003300000.nc
clm_CSAM-3_ERA5_evaluation_r1i1p1f1_ICTP_RegCM5-0_v1-r1_1hr_200003300100-200003310000.nc
clm_CSAM-3_ERA5_evaluation_r1i1p1f1_ICTP_RegCM5-0_v1-r1_1hr_200003310100-200004010000.nc
clm_CSAM-3_ERA5_evaluation_r1i1p1f1_ICTP_RegCM5-0_v1-r1_1hr_200004010100-200004020000.nc
clm_CSAM-3_ERA5_evaluation_r1i1p1f1_ICTP_RegCM5-0_v1-r1_1hr_200004020100-200004030000.nc
clm_CSAM-3_ERA5_evaluation_r1i1p1f1_ICTP_RegCM5-0_v1-r1_1hr_200004030100-200004040000.nc
clm_CSAM-3_ERA5_evaluation_r1i1p1f1_ICTP_RegCM5-0_v1-r1_1hr_200004040100-200004050000.nc
clm_CSAM-3_ERA5_evaluation_r1i1p1f1_ICTP_RegCM5-0_v1-r1_1hr_200004050100-200004060000.nc
clm_CSAM-3_ERA5_evaluation_r1i1p1f1_ICTP_RegCM5-0_v1-r1_1hr_200004060100-200004070000.nc
clm_CSAM-3_ERA5_evaluation_r1i1p1f1_ICTP_RegCM5-0_v1-r1_1hr_200004070100-200004080000.nc
clm_CSAM-3_ERA5_evaluation_r1i1p1f1_ICTP_RegCM5-0_v1-r1_1hr_200004080100-200004090000.nc
clm_CSAM-3_ERA5_evaluation_r1i1p1f1_ICTP_RegCM5-0_v1-r1_1hr_200004090100-200004100000.nc
clm_CSAM-3_ERA5_evaluation_r1i1p1f1_ICTP_RegCM5-0_v1-r1_1hr_200004100100-200004110000.nc
clm_CSAM-3_ERA5_evaluation_r1i1p1f1_ICTP_RegCM5-0_v1-r1_1hr_200004110100-200004120000.nc
clm_CSAM-3_ERA5_evaluation_r1i1p1f1_ICTP_RegCM5-0_v1-r1_1hr_200004120100-200004130000.nc
clm_CSAM-3_ERA5_evaluation_r1i1p1f1_ICTP_RegCM5-0_v1-r1_1hr_200004130100-200004140000.nc
clm_CSAM-3_ERA5_evaluation_r1i1p1f1_ICTP_RegCM5-0_v1-r1_1hr_200004140100-200004150000.nc
clm_CSAM-3_ERA5_evaluation_r1i1p1f1_ICTP_RegCM5-0_v1-r1_1hr_200004150100-200004160000.nc
clm_CSAM-3_ERA5_evaluation_r1i1p1f1_ICTP_RegCM5-0_v1-r1_1hr_200004160100-200004170000.nc
clm_CSAM-3_ERA5_evaluation_r1i1p1f1_ICTP_RegCM5-0_v1-r1_1hr_200004170100-200004180000.nc
clm_CSAM-3_ERA5_evaluation_r1i1p1f1_ICTP_RegCM5-0_v1-r1_1hr_200004180100-200004190000.nc
clm_CSAM-3_ERA5_evaluation_r1i1p1f1_ICTP_RegCM5-0_v1-r1_1hr_200004190100-200004200000.nc
clm_CSAM-3_ERA5_evaluation_r1i1p1f1_ICTP_RegCM5-0_v1-r1_1hr_200004200100-200004210000.nc
clm_CSAM-3_ERA5_evaluation_r1i1p1f1_ICTP_RegCM5-0_v1-r1_1hr_200004210100-200004220000.nc
clm_CSAM-3_ERA5_evaluation_r1i1p1f1_ICTP_RegCM5-0_v1-r1_1hr_200004220100-200004230000.nc
clm_CSAM-3_ERA5_evaluation_r1i1p1f1_ICTP_RegCM5-0_v1-r1_1hr_200004230100-200004240000.nc
clm_CSAM-3_ERA5_evaluation_r1i1p1f1_ICTP_RegCM5-0_v1-r1_1hr_200004240100-200004250000.nc
clm_CSAM-3_ERA5_evaluation_r1i1p1f1_ICTP_RegCM5-0_v1-r1_1hr_200004250100-200004260000.nc
clm_CSAM-3_ERA5_evaluation_r1i1p1f1_ICTP_RegCM5-0_v1-r1_1hr_200004260100-200004270000.nc
clm_CSAM-3_ERA5_evaluation_r1i1p1f1_ICTP_RegCM5-0_v1-r1_1hr_200004270100-200004280000.nc
clm_CSAM-3_ERA5_evaluation_r1i1p1f1_ICTP_RegCM5-0_v1-r1_1hr_200004280100-200004290000.nc
clm_CSAM-3_ERA5_evaluation_r1i1p1f1_ICTP_RegCM5-0_v1-r1_1hr_200004290100-200004300000.nc
clm_CSAM-3_ERA5_evaluation_r1i1p1f1_ICTP_RegCM5-0_v1-r1_1hr_200004300100-200005010000.nc
clm_CSAM-3_ERA5_evaluation_r1i1p1f1_ICTP_RegCM5-0_v1-r1_1hr_200005010100-200005020000.nc
clm_CSAM-3_ERA5_evaluation_r1i1p1f1_ICTP_RegCM5-0_v1-r1_1hr_200005020100-200005030000.nc
clm_CSAM-3_ERA5_evaluation_r1i1p1f1_ICTP_RegCM5-0_v1-r1_1hr_200005030100-200005040000.nc
clm_CSAM-3_ERA5_evaluation_r1i1p1f1_ICTP_RegCM5-0_v1-r1_1hr_200005040100-200005050000.nc
clm_CSAM-3_ERA5_evaluation_r1i1p1f1_ICTP_RegCM5-0_v1-r1_1hr_200005050100-200005060000.nc
clm_CSAM-3_ERA5_evaluation_r1i1p1f1_ICTP_RegCM5-0_v1-r1_1hr_200005060100-200005070000.nc
clm_CSAM-3_ERA5_evaluation_r1i1p1f1_ICTP_RegCM5-0_v1-r1_1hr_200005070100-200005080000.nc
clm_CSAM-3_ERA5_evaluation_r1i1p1f1_ICTP_RegCM5-0_v1-r1_1hr_200005080100-200005090000.nc
clm_CSAM-3_ERA5_evaluation_r1i1p1f1_ICTP_RegCM5-0_v1-r1_1hr_200005090100-200005100000.nc
clm_CSAM-3_ERA5_evaluation_r1i1p1f1_ICTP_RegCM5-0_v1-r1_1hr_200005100100-200005110000.nc
clm_CSAM-3_ERA5_evaluation_r1i1p1f1_ICTP_RegCM5-0_v1-r1_1hr_200005110100-200005120000.nc
clm_CSAM-3_ERA5_evaluation_r1i1p1f1_ICTP_RegCM5-0_v1-r1_1hr_200005120100-200005130000.nc
clm_CSAM-3_ERA5_evaluation_r1i1p1f1_ICTP_RegCM5-0_v1-r1_1hr_200005130100-200005140000.nc
clm_CSAM-3_ERA5_evaluation_r1i1p1f1_ICTP_RegCM5-0_v1-r1_1hr_200005140100-200005150000.nc
clm_CSAM-3_ERA5_evaluation_r1i1p1f1_ICTP_RegCM5-0_v1-r1_1hr_200005150100-200005160000.nc
clm_CSAM-3_ERA5_evaluation_r1i1p1f1_ICTP_RegCM5-0_v1-r1_1hr_200005160100-200005170000.nc
clm_CSAM-3_ERA5_evaluation_r1i1p1f1_ICTP_RegCM5-0_v1-r1_1hr_200005170100-200005180000.nc
clm_CSAM-3_ERA5_evaluation_r1i1p1f1_ICTP_RegCM5-0_v1-r1_1hr_200005180100-200005190000.nc
clm_CSAM-3_ERA5_evaluation_r1i1p1f1_ICTP_RegCM5-0_v1-r1_1hr_200005190100-200005200000.nc
clm_CSAM-3_ERA5_evaluation_r1i1p1f1_ICTP_RegCM5-0_v1-r1_1hr_200005200100-200005210000.nc
clm_CSAM-3_ERA5_evaluation_r1i1p1f1_ICTP_RegCM5-0_v1-r1_1hr_200005210100-200005220000.nc
clm_CSAM-3_ERA5_evaluation_r1i1p1f1_ICTP_RegCM5-0_v1-r1_1hr_200005220100-200005230000.nc
clm_CSAM-3_ERA5_evaluation_r1i1p1f1_ICTP_RegCM5-0_v1-r1_1hr_200005230100-200005240000.nc
clm_CSAM-3_ERA5_evaluation_r1i1p1f1_ICTP_RegCM5-0_v1-r1_1hr_200005240100-200005250000.nc
clm_CSAM-3_ERA5_evaluation_r1i1p1f1_ICTP_RegCM5-0_v1-r1_1hr_200005250100-200005260000.nc
clm_CSAM-3_ERA5_evaluation_r1i1p1f1_ICTP_RegCM5-0_v1-r1_1hr_200005260100-200005270000.nc
clm_CSAM-3_ERA5_evaluation_r1i1p1f1_ICTP_RegCM5-0_v1-r1_1hr_200005270100-200005280000.nc
clm_CSAM-3_ERA5_evaluation_r1i1p1f1_ICTP_RegCM5-0_v1-r1_1hr_200005280100-200005290000.nc
clm_CSAM-3_ERA5_evaluation_r1i1p1f1_ICTP_RegCM5-0_v1-r1_1hr_200005290100-200005300000.nc
clm_CSAM-3_ERA5_evaluation_r1i1p1f1_ICTP_RegCM5-0_v1-r1_1hr_200005300100-200005310000.nc
clm_CSAM-3_ERA5_evaluation_r1i1p1f1_ICTP_RegCM5-0_v1-r1_1hr_200005310100-200006010000.nc
clm_CSAM-3_ERA5_evaluation_r1i1p1f1_ICTP_RegCM5-0_v1-r1_1hr_200006010100-200006020000.nc
clm_CSAM-3_ERA5_evaluation_r1i1p1f1_ICTP_RegCM5-0_v1-r1_1hr_200006020100-200006030000.nc
clm_CSAM-3_ERA5_evaluation_r1i1p1f1_ICTP_RegCM5-0_v1-r1_1hr_200006030100-200006040000.nc
clm_CSAM-3_ERA5_evaluation_r1i1p1f1_ICTP_RegCM5-0_v1-r1_1hr_200006040100-200006050000.nc
clm_CSAM-3_ERA5_evaluation_r1i1p1f1_ICTP_RegCM5-0_v1-r1_1hr_200006050100-200006060000.nc
clm_CSAM-3_ERA5_evaluation_r1i1p1f1_ICTP_RegCM5-0_v1-r1_1hr_200006060100-200006070000.nc
clm_CSAM-3_ERA5_evaluation_r1i1p1f1_ICTP_RegCM5-0_v1-r1_1hr_200006070100-200006080000.nc
clm_CSAM-3_ERA5_evaluation_r1i1p1f1_ICTP_RegCM5-0_v1-r1_1hr_200006080100-200006090000.nc
clm_CSAM-3_ERA5_evaluation_r1i1p1f1_ICTP_RegCM5-0_v1-r1_1hr_200006090100-200006100000.nc
clm_CSAM-3_ERA5_evaluation_r1i1p1f1_ICTP_RegCM5-0_v1-r1_1hr_200006100100-200006110000.nc
clm_CSAM-3_ERA5_evaluation_r1i1p1f1_ICTP_RegCM5-0_v1-r1_1hr_200006110100-200006120000.nc
clm_CSAM-3_ERA5_evaluation_r1i1p1f1_ICTP_RegCM5-0_v1-r1_1hr_200006120100-200006130000.nc
clm_CSAM-3_ERA5_evaluation_r1i1p1f1_ICTP_RegCM5-0_v1-r1_1hr_200006130100-200006140000.nc
clm_CSAM-3_ERA5_evaluation_r1i1p1f1_ICTP_RegCM5-0_v1-r1_1hr_200006140100-200006150000.nc
clm_CSAM-3_ERA5_evaluation_r1i1p1f1_ICTP_RegCM5-0_v1-r1_1hr_200006150100-200006160000.nc
clm_CSAM-3_ERA5_evaluation_r1i1p1f1_ICTP_RegCM5-0_v1-r1_1hr_200006160100-200006170000.nc
clm_CSAM-3_ERA5_evaluation_r1i1p1f1_ICTP_RegCM5-0_v1-r1_1hr_200006170100-200006180000.nc
clm_CSAM-3_ERA5_evaluation_r1i1p1f1_ICTP_RegCM5-0_v1-r1_1hr_200006180100-200006190000.nc
clm_CSAM-3_ERA5_evaluation_r1i1p1f1_ICTP_RegCM5-0_v1-r1_1hr_200006190100-200006200000.nc
clm_CSAM-3_ERA5_evaluation_r1i1p1f1_ICTP_RegCM5-0_v1-r1_1hr_200006200100-200006210000.nc
clm_CSAM-3_ERA5_evaluation_r1i1p1f1_ICTP_RegCM5-0_v1-r1_1hr_200006210100-200006220000.nc
clm_CSAM-3_ERA5_evaluation_r1i1p1f1_ICTP_RegCM5-0_v1-r1_1hr_200006220100-200006230000.nc
clm_CSAM-3_ERA5_evaluation_r1i1p1f1_ICTP_RegCM5-0_v1-r1_1hr_200006230100-200006240000.nc
clm_CSAM-3_ERA5_evaluation_r1i1p1f1_ICTP_RegCM5-0_v1-r1_1hr_200006240100-200006250000.nc
clm_CSAM-3_ERA5_evaluation_r1i1p1f1_ICTP_RegCM5-0_v1-r1_1hr_200006250100-200006260000.nc
clm_CSAM-3_ERA5_evaluation_r1i1p1f1_ICTP_RegCM5-0_v1-r1_1hr_200006260100-200006270000.nc
clm_CSAM-3_ERA5_evaluation_r1i1p1f1_ICTP_RegCM5-0_v1-r1_1hr_200006270100-200006280000.nc
clm_CSAM-3_ERA5_evaluation_r1i1p1f1_ICTP_RegCM5-0_v1-r1_1hr_200006280100-200006290000.nc
clm_CSAM-3_ERA5_evaluation_r1i1p1f1_ICTP_RegCM5-0_v1-r1_1hr_200006290100-200006300000.nc
clm_CSAM-3_ERA5_evaluation_r1i1p1f1_ICTP_RegCM5-0_v1-r1_1hr_200006300100-200007010000.nc
clm_CSAM-3_ERA5_evaluation_r1i1p1f1_ICTP_RegCM5-0_v1-r1_1hr_200007010100-200007020000.nc
clm_CSAM-3_ERA5_evaluation_r1i1p1f1_ICTP_RegCM5-0_v1-r1_1hr_200007020100-200007030000.nc
clm_CSAM-3_ERA5_evaluation_r1i1p1f1_ICTP_RegCM5-0_v1-r1_1hr_200007030100-200007040000.nc
clm_CSAM-3_ERA5_evaluation_r1i1p1f1_ICTP_RegCM5-0_v1-r1_1hr_200007040100-200007050000.nc
clm_CSAM-3_ERA5_evaluation_r1i1p1f1_ICTP_RegCM5-0_v1-r1_1hr_200007050100-200007060000.nc
clm_CSAM-3_ERA5_evaluation_r1i1p1f1_ICTP_RegCM5-0_v1-r1_1hr_200007060100-200007070000.nc
clm_CSAM-3_ERA5_evaluation_r1i1p1f1_ICTP_RegCM5-0_v1-r1_1hr_200007070100-200007080000.nc
clm_CSAM-3_ERA5_evaluation_r1i1p1f1_ICTP_RegCM5-0_v1-r1_1hr_200007080100-200007090000.nc
clm_CSAM-3_ERA5_evaluation_r1i1p1f1_ICTP_RegCM5-0_v1-r1_1hr_200007090100-200007100000.nc
clm_CSAM-3_ERA5_evaluation_r1i1p1f1_ICTP_RegCM5-0_v1-r1_1hr_200007100100-200007110000.nc
clm_CSAM-3_ERA5_evaluation_r1i1p1f1_ICTP_RegCM5-0_v1-r1_1hr_200007110100-200007120000.nc
clm_CSAM-3_ERA5_evaluation_r1i1p1f1_ICTP_RegCM5-0_v1-r1_1hr_200007120100-200007130000.nc
clm_CSAM-3_ERA5_evaluation_r1i1p1f1_ICTP_RegCM5-0_v1-r1_1hr_200007130100-200007140000.nc
clm_CSAM-3_ERA5_evaluation_r1i1p1f1_ICTP_RegCM5-0_v1-r1_1hr_200007140100-200007150000.nc
clm_CSAM-3_ERA5_evaluation_r1i1p1f1_ICTP_RegCM5-0_v1-r1_1hr_200007150100-200007160000.nc
clm_CSAM-3_ERA5_evaluation_r1i1p1f1_ICTP_RegCM5-0_v1-r1_1hr_200007160100-200007170000.nc
clm_CSAM-3_ERA5_evaluation_r1i1p1f1_ICTP_RegCM5-0_v1-r1_1hr_200007170100-200007180000.nc
clm_CSAM-3_ERA5_evaluation_r1i1p1f1_ICTP_RegCM5-0_v1-r1_1hr_200007180100-200007190000.nc
clm_CSAM-3_ERA5_evaluation_r1i1p1f1_ICTP_RegCM5-0_v1-r1_1hr_200007190100-200007200000.nc
clm_CSAM-3_ERA5_evaluation_r1i1p1f1_ICTP_RegCM5-0_v1-r1_1hr_200007200100-200007210000.nc
clm_CSAM-3_ERA5_evaluation_r1i1p1f1_ICTP_RegCM5-0_v1-r1_1hr_200007210100-200007220000.nc
clm_CSAM-3_ERA5_evaluation_r1i1p1f1_ICTP_RegCM5-0_v1-r1_1hr_200007220100-200007230000.nc
clm_CSAM-3_ERA5_evaluation_r1i1p1f1_ICTP_RegCM5-0_v1-r1_1hr_200007230100-200007240000.nc
clm_CSAM-3_ERA5_evaluation_r1i1p1f1_ICTP_RegCM5-0_v1-r1_1hr_200007240100-200007250000.nc
clm_CSAM-3_ERA5_evaluation_r1i1p1f1_ICTP_RegCM5-0_v1-r1_1hr_200007250100-200007260000.nc
clm_CSAM-3_ERA5_evaluation_r1i1p1f1_ICTP_RegCM5-0_v1-r1_1hr_200007260100-200007270000.nc
clm_CSAM-3_ERA5_evaluation_r1i1p1f1_ICTP_RegCM5-0_v1-r1_1hr_200007270100-200007280000.nc
clm_CSAM-3_ERA5_evaluation_r1i1p1f1_ICTP_RegCM5-0_v1-r1_1hr_200007280100-200007290000.nc
clm_CSAM-3_ERA5_evaluation_r1i1p1f1_ICTP_RegCM5-0_v1-r1_1hr_200007290100-200007300000.nc
clm_CSAM-3_ERA5_evaluation_r1i1p1f1_ICTP_RegCM5-0_v1-r1_1hr_200007300100-200007310000.nc
clm_CSAM-3_ERA5_evaluation_r1i1p1f1_ICTP_RegCM5-0_v1-r1_1hr_200007310100-200008010000.nc
clm_CSAM-3_ERA5_evaluation_r1i1p1f1_ICTP_RegCM5-0_v1-r1_1hr_200008010100-200008020000.nc
clm_CSAM-3_ERA5_evaluation_r1i1p1f1_ICTP_RegCM5-0_v1-r1_1hr_200008020100-200008030000.nc
clm_CSAM-3_ERA5_evaluation_r1i1p1f1_ICTP_RegCM5-0_v1-r1_1hr_200008030100-200008040000.nc
clm_CSAM-3_ERA5_evaluation_r1i1p1f1_ICTP_RegCM5-0_v1-r1_1hr_200008040100-200008050000.nc
clm_CSAM-3_ERA5_evaluation_r1i1p1f1_ICTP_RegCM5-0_v1-r1_1hr_200008050100-200008060000.nc
clm_CSAM-3_ERA5_evaluation_r1i1p1f1_ICTP_RegCM5-0_v1-r1_1hr_200008060100-200008070000.nc
clm_CSAM-3_ERA5_evaluation_r1i1p1f1_ICTP_RegCM5-0_v1-r1_1hr_200008070100-200008080000.nc
clm_CSAM-3_ERA5_evaluation_r1i1p1f1_ICTP_RegCM5-0_v1-r1_1hr_200008080100-200008090000.nc
clm_CSAM-3_ERA5_evaluation_r1i1p1f1_ICTP_RegCM5-0_v1-r1_1hr_200008090100-200008100000.nc
clm_CSAM-3_ERA5_evaluation_r1i1p1f1_ICTP_RegCM5-0_v1-r1_1hr_200008100100-200008110000.nc
clm_CSAM-3_ERA5_evaluation_r1i1p1f1_ICTP_RegCM5-0_v1-r1_1hr_200008110100-200008120000.nc
clm_CSAM-3_ERA5_evaluation_r1i1p1f1_ICTP_RegCM5-0_v1-r1_1hr_200008120100-200008130000.nc
clm_CSAM-3_ERA5_evaluation_r1i1p1f1_ICTP_RegCM5-0_v1-r1_1hr_200008130100-200008140000.nc
clm_CSAM-3_ERA5_evaluation_r1i1p1f1_ICTP_RegCM5-0_v1-r1_1hr_200008140100-200008150000.nc
clm_CSAM-3_ERA5_evaluation_r1i1p1f1_ICTP_RegCM5-0_v1-r1_1hr_200008150100-200008160000.nc
clm_CSAM-3_ERA5_evaluation_r1i1p1f1_ICTP_RegCM5-0_v1-r1_1hr_200008160100-200008170000.nc
clm_CSAM-3_ERA5_evaluation_r1i1p1f1_ICTP_RegCM5-0_v1-r1_1hr_200008170100-200008180000.nc
clm_CSAM-3_ERA5_evaluation_r1i1p1f1_ICTP_RegCM5-0_v1-r1_1hr_200008180100-200008190000.nc
clm_CSAM-3_ERA5_evaluation_r1i1p1f1_ICTP_RegCM5-0_v1-r1_1hr_200008190100-200008200000.nc
clm_CSAM-3_ERA5_evaluation_r1i1p1f1_ICTP_RegCM5-0_v1-r1_1hr_200008200100-200008210000.nc
clm_CSAM-3_ERA5_evaluation_r1i1p1f1_ICTP_RegCM5-0_v1-r1_1hr_200008210100-200008220000.nc
clm_CSAM-3_ERA5_evaluation_r1i1p1f1_ICTP_RegCM5-0_v1-r1_1hr_200008220100-200008230000.nc
clm_CSAM-3_ERA5_evaluation_r1i1p1f1_ICTP_RegCM5-0_v1-r1_1hr_200008230100-200008240000.nc
clm_CSAM-3_ERA5_evaluation_r1i1p1f1_ICTP_RegCM5-0_v1-r1_1hr_200008240100-200008250000.nc
clm_CSAM-3_ERA5_evaluation_r1i1p1f1_ICTP_RegCM5-0_v1-r1_1hr_200008250100-200008260000.nc
clm_CSAM-3_ERA5_evaluation_r1i1p1f1_ICTP_RegCM5-0_v1-r1_1hr_200008260100-200008270000.nc
clm_CSAM-3_ERA5_evaluation_r1i1p1f1_ICTP_RegCM5-0_v1-r1_1hr_200008270100-200008280000.nc
clm_CSAM-3_ERA5_evaluation_r1i1p1f1_ICTP_RegCM5-0_v1-r1_1hr_200008280100-200008290000.nc
clm_CSAM-3_ERA5_evaluation_r1i1p1f1_ICTP_RegCM5-0_v1-r1_1hr_200008290100-200008300000.nc
clm_CSAM-3_ERA5_evaluation_r1i1p1f1_ICTP_RegCM5-0_v1-r1_1hr_200008300100-200008310000.nc
clm_CSAM-3_ERA5_evaluation_r1i1p1f1_ICTP_RegCM5-0_v1-r1_1hr_200008310100-200009010000.nc
clm_CSAM-3_ERA5_evaluation_r1i1p1f1_ICTP_RegCM5-0_v1-r1_1hr_200009010100-200009020000.nc
clm_CSAM-3_ERA5_evaluation_r1i1p1f1_ICTP_RegCM5-0_v1-r1_1hr_200009020100-200009030000.nc
clm_CSAM-3_ERA5_evaluation_r1i1p1f1_ICTP_RegCM5-0_v1-r1_1hr_200009030100-200009040000.nc
clm_CSAM-3_ERA5_evaluation_r1i1p1f1_ICTP_RegCM5-0_v1-r1_1hr_200009040100-200009050000.nc
clm_CSAM-3_ERA5_evaluation_r1i1p1f1_ICTP_RegCM5-0_v1-r1_1hr_200009050100-200009060000.nc
clm_CSAM-3_ERA5_evaluation_r1i1p1f1_ICTP_RegCM5-0_v1-r1_1hr_200009060100-200009070000.nc
clm_CSAM-3_ERA5_evaluation_r1i1p1f1_ICTP_RegCM5-0_v1-r1_1hr_200009070100-200009080000.nc
clm_CSAM-3_ERA5_evaluation_r1i1p1f1_ICTP_RegCM5-0_v1-r1_1hr_200009080100-200009090000.nc
clm_CSAM-3_ERA5_evaluation_r1i1p1f1_ICTP_RegCM5-0_v1-r1_1hr_200009090100-200009100000.nc
clm_CSAM-3_ERA5_evaluation_r1i1p1f1_ICTP_RegCM5-0_v1-r1_1hr_200009100100-200009110000.nc
clm_CSAM-3_ERA5_evaluation_r1i1p1f1_ICTP_RegCM5-0_v1-r1_1hr_200009110100-200009120000.nc
clm_CSAM-3_ERA5_evaluation_r1i1p1f1_ICTP_RegCM5-0_v1-r1_1hr_200009120100-200009130000.nc
clm_CSAM-3_ERA5_evaluation_r1i1p1f1_ICTP_RegCM5-0_v1-r1_1hr_200009130100-200009140000.nc
clm_CSAM-3_ERA5_evaluation_r1i1p1f1_ICTP_RegCM5-0_v1-r1_1hr_200009140100-200009150000.nc
clm_CSAM-3_ERA5_evaluation_r1i1p1f1_ICTP_RegCM5-0_v1-r1_1hr_200009150100-200009160000.nc
clm_CSAM-3_ERA5_evaluation_r1i1p1f1_ICTP_RegCM5-0_v1-r1_1hr_200009160100-200009170000.nc
clm_CSAM-3_ERA5_evaluation_r1i1p1f1_ICTP_RegCM5-0_v1-r1_1hr_200009170100-200009180000.nc
clm_CSAM-3_ERA5_evaluation_r1i1p1f1_ICTP_RegCM5-0_v1-r1_1hr_200009180100-200009190000.nc
clm_CSAM-3_ERA5_evaluation_r1i1p1f1_ICTP_RegCM5-0_v1-r1_1hr_200009190100-200009200000.nc
clm_CSAM-3_ERA5_evaluation_r1i1p1f1_ICTP_RegCM5-0_v1-r1_1hr_200009200100-200009210000.nc
clm_CSAM-3_ERA5_evaluation_r1i1p1f1_ICTP_RegCM5-0_v1-r1_1hr_200009210100-200009220000.nc
clm_CSAM-3_ERA5_evaluation_r1i1p1f1_ICTP_RegCM5-0_v1-r1_1hr_200009220100-200009230000.nc
clm_CSAM-3_ERA5_evaluation_r1i1p1f1_ICTP_RegCM5-0_v1-r1_1hr_200009230100-200009240000.nc
clm_CSAM-3_ERA5_evaluation_r1i1p1f1_ICTP_RegCM5-0_v1-r1_1hr_200009240100-200009250000.nc
clm_CSAM-3_ERA5_evaluation_r1i1p1f1_ICTP_RegCM5-0_v1-r1_1hr_200009250100-200009260000.nc
clm_CSAM-3_ERA5_evaluation_r1i1p1f1_ICTP_RegCM5-0_v1-r1_1hr_200009260100-200009270000.nc
clm_CSAM-3_ERA5_evaluation_r1i1p1f1_ICTP_RegCM5-0_v1-r1_1hr_200009270100-200009280000.nc
clm_CSAM-3_ERA5_evaluation_r1i1p1f1_ICTP_RegCM5-0_v1-r1_1hr_200009280100-200009290000.nc
clm_CSAM-3_ERA5_evaluation_r1i1p1f1_ICTP_RegCM5-0_v1-r1_1hr_200009290100-200009300000.nc
clm_CSAM-3_ERA5_evaluation_r1i1p1f1_ICTP_RegCM5-0_v1-r1_1hr_200009300100-200010010000.nc
clm_CSAM-3_ERA5_evaluation_r1i1p1f1_ICTP_RegCM5-0_v1-r1_1hr_200010010100-200010020000.nc
clm_CSAM-3_ERA5_evaluation_r1i1p1f1_ICTP_RegCM5-0_v1-r1_1hr_200010020100-200010030000.nc
clm_CSAM-3_ERA5_evaluation_r1i1p1f1_ICTP_RegCM5-0_v1-r1_1hr_200010030100-200010040000.nc
clm_CSAM-3_ERA5_evaluation_r1i1p1f1_ICTP_RegCM5-0_v1-r1_1hr_200010040100-200010050000.nc
clm_CSAM-3_ERA5_evaluation_r1i1p1f1_ICTP_RegCM5-0_v1-r1_1hr_200010050100-200010060000.nc
clm_CSAM-3_ERA5_evaluation_r1i1p1f1_ICTP_RegCM5-0_v1-r1_1hr_200010060100-200010070000.nc
clm_CSAM-3_ERA5_evaluation_r1i1p1f1_ICTP_RegCM5-0_v1-r1_1hr_200010070100-200010080000.nc
clm_CSAM-3_ERA5_evaluation_r1i1p1f1_ICTP_RegCM5-0_v1-r1_1hr_200010080100-200010090000.nc
clm_CSAM-3_ERA5_evaluation_r1i1p1f1_ICTP_RegCM5-0_v1-r1_1hr_200010090100-200010100000.nc
clm_CSAM-3_ERA5_evaluation_r1i1p1f1_ICTP_RegCM5-0_v1-r1_1hr_200010100100-200010110000.nc
clm_CSAM-3_ERA5_evaluation_r1i1p1f1_ICTP_RegCM5-0_v1-r1_1hr_200010110100-200010120000.nc
clm_CSAM-3_ERA5_evaluation_r1i1p1f1_ICTP_RegCM5-0_v1-r1_1hr_200010120100-200010130000.nc
clm_CSAM-3_ERA5_evaluation_r1i1p1f1_ICTP_RegCM5-0_v1-r1_1hr_200010130100-200010140000.nc
clm_CSAM-3_ERA5_evaluation_r1i1p1f1_ICTP_RegCM5-0_v1-r1_1hr_200010140100-200010150000.nc
clm_CSAM-3_ERA5_evaluation_r1i1p1f1_ICTP_RegCM5-0_v1-r1_1hr_200010150100-200010160000.nc
clm_CSAM-3_ERA5_evaluation_r1i1p1f1_ICTP_RegCM5-0_v1-r1_1hr_200010160100-200010170000.nc
clm_CSAM-3_ERA5_evaluation_r1i1p1f1_ICTP_RegCM5-0_v1-r1_1hr_200010170100-200010180000.nc
clm_CSAM-3_ERA5_evaluation_r1i1p1f1_ICTP_RegCM5-0_v1-r1_1hr_200010180100-200010190000.nc
clm_CSAM-3_ERA5_evaluation_r1i1p1f1_ICTP_RegCM5-0_v1-r1_1hr_200010190100-200010200000.nc
clm_CSAM-3_ERA5_evaluation_r1i1p1f1_ICTP_RegCM5-0_v1-r1_1hr_200010200100-200010210000.nc
clm_CSAM-3_ERA5_evaluation_r1i1p1f1_ICTP_RegCM5-0_v1-r1_1hr_200010210100-200010220000.nc
clm_CSAM-3_ERA5_evaluation_r1i1p1f1_ICTP_RegCM5-0_v1-r1_1hr_200010220100-200010230000.nc
clm_CSAM-3_ERA5_evaluation_r1i1p1f1_ICTP_RegCM5-0_v1-r1_1hr_200010230100-200010240000.nc
clm_CSAM-3_ERA5_evaluation_r1i1p1f1_ICTP_RegCM5-0_v1-r1_1hr_200010240100-200010250000.nc
clm_CSAM-3_ERA5_evaluation_r1i1p1f1_ICTP_RegCM5-0_v1-r1_1hr_200010250100-200010260000.nc
clm_CSAM-3_ERA5_evaluation_r1i1p1f1_ICTP_RegCM5-0_v1-r1_1hr_200010260100-200010270000.nc
clm_CSAM-3_ERA5_evaluation_r1i1p1f1_ICTP_RegCM5-0_v1-r1_1hr_200010270100-200010280000.nc
clm_CSAM-3_ERA5_evaluation_r1i1p1f1_ICTP_RegCM5-0_v1-r1_1hr_200010280100-200010290000.nc
clm_CSAM-3_ERA5_evaluation_r1i1p1f1_ICTP_RegCM5-0_v1-r1_1hr_200010290100-200010300000.nc
clm_CSAM-3_ERA5_evaluation_r1i1p1f1_ICTP_RegCM5-0_v1-r1_1hr_200010300100-200010310000.nc
clm_CSAM-3_ERA5_evaluation_r1i1p1f1_ICTP_RegCM5-0_v1-r1_1hr_200010310100-200011010000.nc
clm_CSAM-3_ERA5_evaluation_r1i1p1f1_ICTP_RegCM5-0_v1-r1_1hr_200011010100-200011020000.nc
clm_CSAM-3_ERA5_evaluation_r1i1p1f1_ICTP_RegCM5-0_v1-r1_1hr_200011020100-200011030000.nc
clm_CSAM-3_ERA5_evaluation_r1i1p1f1_ICTP_RegCM5-0_v1-r1_1hr_200011030100-200011040000.nc
clm_CSAM-3_ERA5_evaluation_r1i1p1f1_ICTP_RegCM5-0_v1-r1_1hr_200011040100-200011050000.nc
clm_CSAM-3_ERA5_evaluation_r1i1p1f1_ICTP_RegCM5-0_v1-r1_1hr_200011050100-200011060000.nc
clm_CSAM-3_ERA5_evaluation_r1i1p1f1_ICTP_RegCM5-0_v1-r1_1hr_200011060100-200011070000.nc
clm_CSAM-3_ERA5_evaluation_r1i1p1f1_ICTP_RegCM5-0_v1-r1_1hr_200011070100-200011080000.nc
clm_CSAM-3_ERA5_evaluation_r1i1p1f1_ICTP_RegCM5-0_v1-r1_1hr_200011080100-200011090000.nc
clm_CSAM-3_ERA5_evaluation_r1i1p1f1_ICTP_RegCM5-0_v1-r1_1hr_200011090100-200011100000.nc
clm_CSAM-3_ERA5_evaluation_r1i1p1f1_ICTP_RegCM5-0_v1-r1_1hr_200011100100-200011110000.nc
clm_CSAM-3_ERA5_evaluation_r1i1p1f1_ICTP_RegCM5-0_v1-r1_1hr_200011110100-200011120000.nc
clm_CSAM-3_ERA5_evaluation_r1i1p1f1_ICTP_RegCM5-0_v1-r1_1hr_200011120100-200011130000.nc
clm_CSAM-3_ERA5_evaluation_r1i1p1f1_ICTP_RegCM5-0_v1-r1_1hr_200011130100-200011140000.nc
clm_CSAM-3_ERA5_evaluation_r1i1p1f1_ICTP_RegCM5-0_v1-r1_1hr_200011140100-200011150000.nc
clm_CSAM-3_ERA5_evaluation_r1i1p1f1_ICTP_RegCM5-0_v1-r1_1hr_200011150100-200011160000.nc
clm_CSAM-3_ERA5_evaluation_r1i1p1f1_ICTP_RegCM5-0_v1-r1_1hr_200011160100-200011170000.nc
clm_CSAM-3_ERA5_evaluation_r1i1p1f1_ICTP_RegCM5-0_v1-r1_1hr_200011170100-200011180000.nc
clm_CSAM-3_ERA5_evaluation_r1i1p1f1_ICTP_RegCM5-0_v1-r1_1hr_200011180100-200011190000.nc
clm_CSAM-3_ERA5_evaluation_r1i1p1f1_ICTP_RegCM5-0_v1-r1_1hr_200011190100-200011200000.nc
clm_CSAM-3_ERA5_evaluation_r1i1p1f1_ICTP_RegCM5-0_v1-r1_1hr_200011200100-200011210000.nc
clm_CSAM-3_ERA5_evaluation_r1i1p1f1_ICTP_RegCM5-0_v1-r1_1hr_200011210100-200011220000.nc
clm_CSAM-3_ERA5_evaluation_r1i1p1f1_ICTP_RegCM5-0_v1-r1_1hr_200011220100-200011230000.nc
clm_CSAM-3_ERA5_evaluation_r1i1p1f1_ICTP_RegCM5-0_v1-r1_1hr_200011230100-200011240000.nc
clm_CSAM-3_ERA5_evaluation_r1i1p1f1_ICTP_RegCM5-0_v1-r1_1hr_200011240100-200011250000.nc
clm_CSAM-3_ERA5_evaluation_r1i1p1f1_ICTP_RegCM5-0_v1-r1_1hr_200011250100-200011260000.nc
clm_CSAM-3_ERA5_evaluation_r1i1p1f1_ICTP_RegCM5-0_v1-r1_1hr_200011260100-200011270000.nc
clm_CSAM-3_ERA5_evaluation_r1i1p1f1_ICTP_RegCM5-0_v1-r1_1hr_200011270100-200011280000.nc
clm_CSAM-3_ERA5_evaluation_r1i1p1f1_ICTP_RegCM5-0_v1-r1_1hr_200011280100-200011290000.nc
clm_CSAM-3_ERA5_evaluation_r1i1p1f1_ICTP_RegCM5-0_v1-r1_1hr_200011290100-200011300000.nc
clm_CSAM-3_ERA5_evaluation_r1i1p1f1_ICTP_RegCM5-0_v1-r1_1hr_200011300100-200012010000.nc
clm_CSAM-3_ERA5_evaluation_r1i1p1f1_ICTP_RegCM5-0_v1-r1_1hr_200012010100-200012020000.nc
clm_CSAM-3_ERA5_evaluation_r1i1p1f1_ICTP_RegCM5-0_v1-r1_1hr_200012020100-200012030000.nc
clm_CSAM-3_ERA5_evaluation_r1i1p1f1_ICTP_RegCM5-0_v1-r1_1hr_200012030100-200012040000.nc
clm_CSAM-3_ERA5_evaluation_r1i1p1f1_ICTP_RegCM5-0_v1-r1_1hr_200012040100-200012050000.nc
clm_CSAM-3_ERA5_evaluation_r1i1p1f1_ICTP_RegCM5-0_v1-r1_1hr_200012050100-200012060000.nc
clm_CSAM-3_ERA5_evaluation_r1i1p1f1_ICTP_RegCM5-0_v1-r1_1hr_200012060100-200012070000.nc
clm_CSAM-3_ERA5_evaluation_r1i1p1f1_ICTP_RegCM5-0_v1-r1_1hr_200012070100-200012080000.nc
clm_CSAM-3_ERA5_evaluation_r1i1p1f1_ICTP_RegCM5-0_v1-r1_1hr_200012080100-200012090000.nc
clm_CSAM-3_ERA5_evaluation_r1i1p1f1_ICTP_RegCM5-0_v1-r1_1hr_200012090100-200012100000.nc
clm_CSAM-3_ERA5_evaluation_r1i1p1f1_ICTP_RegCM5-0_v1-r1_1hr_200012100100-200012110000.nc
clm_CSAM-3_ERA5_evaluation_r1i1p1f1_ICTP_RegCM5-0_v1-r1_1hr_200012110100-200012120000.nc
clm_CSAM-3_ERA5_evaluation_r1i1p1f1_ICTP_RegCM5-0_v1-r1_1hr_200012120100-200012130000.nc
clm_CSAM-3_ERA5_evaluation_r1i1p1f1_ICTP_RegCM5-0_v1-r1_1hr_200012130100-200012140000.nc
clm_CSAM-3_ERA5_evaluation_r1i1p1f1_ICTP_RegCM5-0_v1-r1_1hr_200012140100-200012150000.nc
clm_CSAM-3_ERA5_evaluation_r1i1p1f1_ICTP_RegCM5-0_v1-r1_1hr_200012150100-200012160000.nc
clm_CSAM-3_ERA5_evaluation_r1i1p1f1_ICTP_RegCM5-0_v1-r1_1hr_200012160100-200012170000.nc
clm_CSAM-3_ERA5_evaluation_r1i1p1f1_ICTP_RegCM5-0_v1-r1_1hr_200012170100-200012180000.nc
clm_CSAM-3_ERA5_evaluation_r1i1p1f1_ICTP_RegCM5-0_v1-r1_1hr_200012180100-200012190000.nc
clm_CSAM-3_ERA5_evaluation_r1i1p1f1_ICTP_RegCM5-0_v1-r1_1hr_200012190100-200012200000.nc
clm_CSAM-3_ERA5_evaluation_r1i1p1f1_ICTP_RegCM5-0_v1-r1_1hr_200012200100-200012210000.nc
clm_CSAM-3_ERA5_evaluation_r1i1p1f1_ICTP_RegCM5-0_v1-r1_1hr_200012210100-200012220000.nc
clm_CSAM-3_ERA5_evaluation_r1i1p1f1_ICTP_RegCM5-0_v1-r1_1hr_200012220100-200012230000.nc
clm_CSAM-3_ERA5_evaluation_r1i1p1f1_ICTP_RegCM5-0_v1-r1_1hr_200012230100-200012240000.nc
clm_CSAM-3_ERA5_evaluation_r1i1p1f1_ICTP_RegCM5-0_v1-r1_1hr_200012240100-200012250000.nc
clm_CSAM-3_ERA5_evaluation_r1i1p1f1_ICTP_RegCM5-0_v1-r1_1hr_200012250100-200012260000.nc
clm_CSAM-3_ERA5_evaluation_r1i1p1f1_ICTP_RegCM5-0_v1-r1_1hr_200012260100-200012270000.nc
clm_CSAM-3_ERA5_evaluation_r1i1p1f1_ICTP_RegCM5-0_v1-r1_1hr_200012270100-200012280000.nc
clm_CSAM-3_ERA5_evaluation_r1i1p1f1_ICTP_RegCM5-0_v1-r1_1hr_200012280100-200012290000.nc
clm_CSAM-3_ERA5_evaluation_r1i1p1f1_ICTP_RegCM5-0_v1-r1_1hr_200012290100-200012300000.nc
clm_CSAM-3_ERA5_evaluation_r1i1p1f1_ICTP_RegCM5-0_v1-r1_1hr_200012300100-200012310000.nc
clm_CSAM-3_ERA5_evaluation_r1i1p1f1_ICTP_RegCM5-0_v1-r1_1hr_200012310100-200101010000.nc
Files: clt_CSAM-3_ERA5_evaluation_r1i1p1f1_ICTP_RegCM5-0_v1-r1_1hr_200001010100-200001020000.nc
clt_CSAM-3_ERA5_evaluation_r1i1p1f1_ICTP_RegCM5-0_v1-r1_1hr_200001020100-200001030000.nc
clt_CSAM-3_ERA5_evaluation_r1i1p1f1_ICTP_RegCM5-0_v1-r1_1hr_200001030100-200001040000.nc
clt_CSAM-3_ERA5_evaluation_r1i1p1f1_ICTP_RegCM5-0_v1-r1_1hr_200001040100-200001050000.nc
clt_CSAM-3_ERA5_evaluation_r1i1p1f1_ICTP_RegCM5-0_v1-r1_1hr_200001050100-200001060000.nc
clt_CSAM-3_ERA5_evaluation_r1i1p1f1_ICTP_RegCM5-0_v1-r1_1hr_200001060100-200001070000.nc
clt_CSAM-3_ERA5_evaluation_r1i1p1f1_ICTP_RegCM5-0_v1-r1_1hr_200001070100-200001080000.nc
clt_CSAM-3_ERA5_evaluation_r1i1p1f1_ICTP_RegCM5-0_v1-r1_1hr_200001080100-200001090000.nc
clt_CSAM-3_ERA5_evaluation_r1i1p1f1_ICTP_RegCM5-0_v1-r1_1hr_200001090100-200001100000.nc
clt_CSAM-3_ERA5_evaluation_r1i1p1f1_ICTP_RegCM5-0_v1-r1_1hr_200001100100-200001110000.nc
clt_CSAM-3_ERA5_evaluation_r1i1p1f1_ICTP_RegCM5-0_v1-r1_1hr_200001110100-200001120000.nc
clt_CSAM-3_ERA5_evaluation_r1i1p1f1_ICTP_RegCM5-0_v1-r1_1hr_200001120100-200001130000.nc
clt_CSAM-3_ERA5_evaluation_r1i1p1f1_ICTP_RegCM5-0_v1-r1_1hr_200001130100-200001140000.nc
clt_CSAM-3_ERA5_evaluation_r1i1p1f1_ICTP_RegCM5-0_v1-r1_1hr_200001140100-200001150000.nc
clt_CSAM-3_ERA5_evaluation_r1i1p1f1_ICTP_RegCM5-0_v1-r1_1hr_200001150100-200001160000.nc
clt_CSAM-3_ERA5_evaluation_r1i1p1f1_ICTP_RegCM5-0_v1-r1_1hr_200001160100-200001170000.nc
clt_CSAM-3_ERA5_evaluation_r1i1p1f1_ICTP_RegCM5-0_v1-r1_1hr_200001170100-200001180000.nc
clt_CSAM-3_ERA5_evaluation_r1i1p1f1_ICTP_RegCM5-0_v1-r1_1hr_200001180100-200001190000.nc
clt_CSAM-3_ERA5_evaluation_r1i1p1f1_ICTP_RegCM5-0_v1-r1_1hr_200001190100-200001200000.nc
clt_CSAM-3_ERA5_evaluation_r1i1p1f1_ICTP_RegCM5-0_v1-r1_1hr_200001200100-200001210000.nc
clt_CSAM-3_ERA5_evaluation_r1i1p1f1_ICTP_RegCM5-0_v1-r1_1hr_200001210100-200001220000.nc
clt_CSAM-3_ERA5_evaluation_r1i1p1f1_ICTP_RegCM5-0_v1-r1_1hr_200001220100-200001230000.nc
clt_CSAM-3_ERA5_evaluation_r1i1p1f1_ICTP_RegCM5-0_v1-r1_1hr_200001230100-200001240000.nc
clt_CSAM-3_ERA5_evaluation_r1i1p1f1_ICTP_RegCM5-0_v1-r1_1hr_200001240100-200001250000.nc
clt_CSAM-3_ERA5_evaluation_r1i1p1f1_ICTP_RegCM5-0_v1-r1_1hr_200001250100-200001260000.nc
clt_CSAM-3_ERA5_evaluation_r1i1p1f1_ICTP_RegCM5-0_v1-r1_1hr_200001260100-200001270000.nc
clt_CSAM-3_ERA5_evaluation_r1i1p1f1_ICTP_RegCM5-0_v1-r1_1hr_200001270100-200001280000.nc
clt_CSAM-3_ERA5_evaluation_r1i1p1f1_ICTP_RegCM5-0_v1-r1_1hr_200001280100-200001290000.nc
clt_CSAM-3_ERA5_evaluation_r1i1p1f1_ICTP_RegCM5-0_v1-r1_1hr_200001290100-200001300000.nc
clt_CSAM-3_ERA5_evaluation_r1i1p1f1_ICTP_RegCM5-0_v1-r1_1hr_200001300100-200001310000.nc
clt_CSAM-3_ERA5_evaluation_r1i1p1f1_ICTP_RegCM5-0_v1-r1_1hr_200001310100-200002010000.nc
clt_CSAM-3_ERA5_evaluation_r1i1p1f1_ICTP_RegCM5-0_v1-r1_1hr_200002010100-200002020000.nc
clt_CSAM-3_ERA5_evaluation_r1i1p1f1_ICTP_RegCM5-0_v1-r1_1hr_200002020100-200002030000.nc
clt_CSAM-3_ERA5_evaluation_r1i1p1f1_ICTP_RegCM5-0_v1-r1_1hr_200002030100-200002040000.nc
clt_CSAM-3_ERA5_evaluation_r1i1p1f1_ICTP_RegCM5-0_v1-r1_1hr_200002040100-200002050000.nc
clt_CSAM-3_ERA5_evaluation_r1i1p1f1_ICTP_RegCM5-0_v1-r1_1hr_200002050100-200002060000.nc
clt_CSAM-3_ERA5_evaluation_r1i1p1f1_ICTP_RegCM5-0_v1-r1_1hr_200002060100-200002070000.nc
clt_CSAM-3_ERA5_evaluation_r1i1p1f1_ICTP_RegCM5-0_v1-r1_1hr_200002070100-200002080000.nc
clt_CSAM-3_ERA5_evaluation_r1i1p1f1_ICTP_RegCM5-0_v1-r1_1hr_200002080100-200002090000.nc
clt_CSAM-3_ERA5_evaluation_r1i1p1f1_ICTP_RegCM5-0_v1-r1_1hr_200002090100-200002100000.nc
clt_CSAM-3_ERA5_evaluation_r1i1p1f1_ICTP_RegCM5-0_v1-r1_1hr_200002100100-200002110000.nc
clt_CSAM-3_ERA5_evaluation_r1i1p1f1_ICTP_RegCM5-0_v1-r1_1hr_200002110100-200002120000.nc
clt_CSAM-3_ERA5_evaluation_r1i1p1f1_ICTP_RegCM5-0_v1-r1_1hr_200002120100-200002130000.nc
clt_CSAM-3_ERA5_evaluation_r1i1p1f1_ICTP_RegCM5-0_v1-r1_1hr_200002130100-200002140000.nc
clt_CSAM-3_ERA5_evaluation_r1i1p1f1_ICTP_RegCM5-0_v1-r1_1hr_200002140100-200002150000.nc
clt_CSAM-3_ERA5_evaluation_r1i1p1f1_ICTP_RegCM5-0_v1-r1_1hr_200002150100-200002160000.nc
clt_CSAM-3_ERA5_evaluation_r1i1p1f1_ICTP_RegCM5-0_v1-r1_1hr_200002160100-200002170000.nc
clt_CSAM-3_ERA5_evaluation_r1i1p1f1_ICTP_RegCM5-0_v1-r1_1hr_200002170100-200002180000.nc
clt_CSAM-3_ERA5_evaluation_r1i1p1f1_ICTP_RegCM5-0_v1-r1_1hr_200002180100-200002190000.nc
clt_CSAM-3_ERA5_evaluation_r1i1p1f1_ICTP_RegCM5-0_v1-r1_1hr_200002190100-200002200000.nc
clt_CSAM-3_ERA5_evaluation_r1i1p1f1_ICTP_RegCM5-0_v1-r1_1hr_200002200100-200002210000.nc
clt_CSAM-3_ERA5_evaluation_r1i1p1f1_ICTP_RegCM5-0_v1-r1_1hr_200002210100-200002220000.nc
clt_CSAM-3_ERA5_evaluation_r1i1p1f1_ICTP_RegCM5-0_v1-r1_1hr_200002220100-200002230000.nc
clt_CSAM-3_ERA5_evaluation_r1i1p1f1_ICTP_RegCM5-0_v1-r1_1hr_200002230100-200002240000.nc
clt_CSAM-3_ERA5_evaluation_r1i1p1f1_ICTP_RegCM5-0_v1-r1_1hr_200002240100-200002250000.nc
clt_CSAM-3_ERA5_evaluation_r1i1p1f1_ICTP_RegCM5-0_v1-r1_1hr_200002250100-200002260000.nc
clt_CSAM-3_ERA5_evaluation_r1i1p1f1_ICTP_RegCM5-0_v1-r1_1hr_200002260100-200002270000.nc
clt_CSAM-3_ERA5_evaluation_r1i1p1f1_ICTP_RegCM5-0_v1-r1_1hr_200002270100-200002280000.nc
clt_CSAM-3_ERA5_evaluation_r1i1p1f1_ICTP_RegCM5-0_v1-r1_1hr_200002280100-200002290000.nc
clt_CSAM-3_ERA5_evaluation_r1i1p1f1_ICTP_RegCM5-0_v1-r1_1hr_200002290100-200003010000.nc
clt_CSAM-3_ERA5_evaluation_r1i1p1f1_ICTP_RegCM5-0_v1-r1_1hr_200003010100-200003020000.nc
clt_CSAM-3_ERA5_evaluation_r1i1p1f1_ICTP_RegCM5-0_v1-r1_1hr_200003020100-200003030000.nc
clt_CSAM-3_ERA5_evaluation_r1i1p1f1_ICTP_RegCM5-0_v1-r1_1hr_200003030100-200003040000.nc
clt_CSAM-3_ERA5_evaluation_r1i1p1f1_ICTP_RegCM5-0_v1-r1_1hr_200003040100-200003050000.nc
clt_CSAM-3_ERA5_evaluation_r1i1p1f1_ICTP_RegCM5-0_v1-r1_1hr_200003050100-200003060000.nc
clt_CSAM-3_ERA5_evaluation_r1i1p1f1_ICTP_RegCM5-0_v1-r1_1hr_200003060100-200003070000.nc
clt_CSAM-3_ERA5_evaluation_r1i1p1f1_ICTP_RegCM5-0_v1-r1_1hr_200003070100-200003080000.nc
clt_CSAM-3_ERA5_evaluation_r1i1p1f1_ICTP_RegCM5-0_v1-r1_1hr_200003080100-200003090000.nc
clt_CSAM-3_ERA5_evaluation_r1i1p1f1_ICTP_RegCM5-0_v1-r1_1hr_200003090100-200003100000.nc
clt_CSAM-3_ERA5_evaluation_r1i1p1f1_ICTP_RegCM5-0_v1-r1_1hr_200003100100-200003110000.nc
clt_CSAM-3_ERA5_evaluation_r1i1p1f1_ICTP_RegCM5-0_v1-r1_1hr_200003110100-200003120000.nc
clt_CSAM-3_ERA5_evaluation_r1i1p1f1_ICTP_RegCM5-0_v1-r1_1hr_200003120100-200003130000.nc
clt_CSAM-3_ERA5_evaluation_r1i1p1f1_ICTP_RegCM5-0_v1-r1_1hr_200003130100-200003140000.nc
clt_CSAM-3_ERA5_evaluation_r1i1p1f1_ICTP_RegCM5-0_v1-r1_1hr_200003140100-200003150000.nc
clt_CSAM-3_ERA5_evaluation_r1i1p1f1_ICTP_RegCM5-0_v1-r1_1hr_200003150100-200003160000.nc
clt_CSAM-3_ERA5_evaluation_r1i1p1f1_ICTP_RegCM5-0_v1-r1_1hr_200003160100-200003170000.nc
clt_CSAM-3_ERA5_evaluation_r1i1p1f1_ICTP_RegCM5-0_v1-r1_1hr_200003170100-200003180000.nc
clt_CSAM-3_ERA5_evaluation_r1i1p1f1_ICTP_RegCM5-0_v1-r1_1hr_200003180100-200003190000.nc
clt_CSAM-3_ERA5_evaluation_r1i1p1f1_ICTP_RegCM5-0_v1-r1_1hr_200003190100-200003200000.nc
clt_CSAM-3_ERA5_evaluation_r1i1p1f1_ICTP_RegCM5-0_v1-r1_1hr_200003200100-200003210000.nc
clt_CSAM-3_ERA5_evaluation_r1i1p1f1_ICTP_RegCM5-0_v1-r1_1hr_200003210100-200003220000.nc
clt_CSAM-3_ERA5_evaluation_r1i1p1f1_ICTP_RegCM5-0_v1-r1_1hr_200003220100-200003230000.nc
clt_CSAM-3_ERA5_evaluation_r1i1p1f1_ICTP_RegCM5-0_v1-r1_1hr_200003230100-200003240000.nc
clt_CSAM-3_ERA5_evaluation_r1i1p1f1_ICTP_RegCM5-0_v1-r1_1hr_200003240100-200003250000.nc
clt_CSAM-3_ERA5_evaluation_r1i1p1f1_ICTP_RegCM5-0_v1-r1_1hr_200003250100-200003260000.nc
clt_CSAM-3_ERA5_evaluation_r1i1p1f1_ICTP_RegCM5-0_v1-r1_1hr_200003260100-200003270000.nc
clt_CSAM-3_ERA5_evaluation_r1i1p1f1_ICTP_RegCM5-0_v1-r1_1hr_200003270100-200003280000.nc
clt_CSAM-3_ERA5_evaluation_r1i1p1f1_ICTP_RegCM5-0_v1-r1_1hr_200003280100-200003290000.nc
clt_CSAM-3_ERA5_evaluation_r1i1p1f1_ICTP_RegCM5-0_v1-r1_1hr_200003290100-200003300000.nc
clt_CSAM-3_ERA5_evaluation_r1i1p1f1_ICTP_RegCM5-0_v1-r1_1hr_200003300100-200003310000.nc
clt_CSAM-3_ERA5_evaluation_r1i1p1f1_ICTP_RegCM5-0_v1-r1_1hr_200003310100-200004010000.nc
clt_CSAM-3_ERA5_evaluation_r1i1p1f1_ICTP_RegCM5-0_v1-r1_1hr_200004010100-200004020000.nc
clt_CSAM-3_ERA5_evaluation_r1i1p1f1_ICTP_RegCM5-0_v1-r1_1hr_200004020100-200004030000.nc
clt_CSAM-3_ERA5_evaluation_r1i1p1f1_ICTP_RegCM5-0_v1-r1_1hr_200004030100-200004040000.nc
clt_CSAM-3_ERA5_evaluation_r1i1p1f1_ICTP_RegCM5-0_v1-r1_1hr_200004040100-200004050000.nc
clt_CSAM-3_ERA5_evaluation_r1i1p1f1_ICTP_RegCM5-0_v1-r1_1hr_200004050100-200004060000.nc
clt_CSAM-3_ERA5_evaluation_r1i1p1f1_ICTP_RegCM5-0_v1-r1_1hr_200004060100-200004070000.nc
clt_CSAM-3_ERA5_evaluation_r1i1p1f1_ICTP_RegCM5-0_v1-r1_1hr_200004070100-200004080000.nc
clt_CSAM-3_ERA5_evaluation_r1i1p1f1_ICTP_RegCM5-0_v1-r1_1hr_200004080100-200004090000.nc
clt_CSAM-3_ERA5_evaluation_r1i1p1f1_ICTP_RegCM5-0_v1-r1_1hr_200004090100-200004100000.nc
clt_CSAM-3_ERA5_evaluation_r1i1p1f1_ICTP_RegCM5-0_v1-r1_1hr_200004100100-200004110000.nc
clt_CSAM-3_ERA5_evaluation_r1i1p1f1_ICTP_RegCM5-0_v1-r1_1hr_200004110100-200004120000.nc
clt_CSAM-3_ERA5_evaluation_r1i1p1f1_ICTP_RegCM5-0_v1-r1_1hr_200004120100-200004130000.nc
clt_CSAM-3_ERA5_evaluation_r1i1p1f1_ICTP_RegCM5-0_v1-r1_1hr_200004130100-200004140000.nc
clt_CSAM-3_ERA5_evaluation_r1i1p1f1_ICTP_RegCM5-0_v1-r1_1hr_200004140100-200004150000.nc
clt_CSAM-3_ERA5_evaluation_r1i1p1f1_ICTP_RegCM5-0_v1-r1_1hr_200004150100-200004160000.nc
clt_CSAM-3_ERA5_evaluation_r1i1p1f1_ICTP_RegCM5-0_v1-r1_1hr_200004160100-200004170000.nc
clt_CSAM-3_ERA5_evaluation_r1i1p1f1_ICTP_RegCM5-0_v1-r1_1hr_200004170100-200004180000.nc
clt_CSAM-3_ERA5_evaluation_r1i1p1f1_ICTP_RegCM5-0_v1-r1_1hr_200004180100-200004190000.nc
clt_CSAM-3_ERA5_evaluation_r1i1p1f1_ICTP_RegCM5-0_v1-r1_1hr_200004190100-200004200000.nc
clt_CSAM-3_ERA5_evaluation_r1i1p1f1_ICTP_RegCM5-0_v1-r1_1hr_200004200100-200004210000.nc
clt_CSAM-3_ERA5_evaluation_r1i1p1f1_ICTP_RegCM5-0_v1-r1_1hr_200004210100-200004220000.nc
clt_CSAM-3_ERA5_evaluation_r1i1p1f1_ICTP_RegCM5-0_v1-r1_1hr_200004220100-200004230000.nc
clt_CSAM-3_ERA5_evaluation_r1i1p1f1_ICTP_RegCM5-0_v1-r1_1hr_200004230100-200004240000.nc
clt_CSAM-3_ERA5_evaluation_r1i1p1f1_ICTP_RegCM5-0_v1-r1_1hr_200004240100-200004250000.nc
clt_CSAM-3_ERA5_evaluation_r1i1p1f1_ICTP_RegCM5-0_v1-r1_1hr_200004250100-200004260000.nc
clt_CSAM-3_ERA5_evaluation_r1i1p1f1_ICTP_RegCM5-0_v1-r1_1hr_200004260100-200004270000.nc
clt_CSAM-3_ERA5_evaluation_r1i1p1f1_ICTP_RegCM5-0_v1-r1_1hr_200004270100-200004280000.nc
clt_CSAM-3_ERA5_evaluation_r1i1p1f1_ICTP_RegCM5-0_v1-r1_1hr_200004280100-200004290000.nc
clt_CSAM-3_ERA5_evaluation_r1i1p1f1_ICTP_RegCM5-0_v1-r1_1hr_200004290100-200004300000.nc
clt_CSAM-3_ERA5_evaluation_r1i1p1f1_ICTP_RegCM5-0_v1-r1_1hr_200004300100-200005010000.nc
clt_CSAM-3_ERA5_evaluation_r1i1p1f1_ICTP_RegCM5-0_v1-r1_1hr_200005010100-200005020000.nc
clt_CSAM-3_ERA5_evaluation_r1i1p1f1_ICTP_RegCM5-0_v1-r1_1hr_200005020100-200005030000.nc
clt_CSAM-3_ERA5_evaluation_r1i1p1f1_ICTP_RegCM5-0_v1-r1_1hr_200005030100-200005040000.nc
clt_CSAM-3_ERA5_evaluation_r1i1p1f1_ICTP_RegCM5-0_v1-r1_1hr_200005040100-200005050000.nc
clt_CSAM-3_ERA5_evaluation_r1i1p1f1_ICTP_RegCM5-0_v1-r1_1hr_200005050100-200005060000.nc
clt_CSAM-3_ERA5_evaluation_r1i1p1f1_ICTP_RegCM5-0_v1-r1_1hr_200005060100-200005070000.nc
clt_CSAM-3_ERA5_evaluation_r1i1p1f1_ICTP_RegCM5-0_v1-r1_1hr_200005070100-200005080000.nc
clt_CSAM-3_ERA5_evaluation_r1i1p1f1_ICTP_RegCM5-0_v1-r1_1hr_200005080100-200005090000.nc
clt_CSAM-3_ERA5_evaluation_r1i1p1f1_ICTP_RegCM5-0_v1-r1_1hr_200005090100-200005100000.nc
clt_CSAM-3_ERA5_evaluation_r1i1p1f1_ICTP_RegCM5-0_v1-r1_1hr_200005100100-200005110000.nc
clt_CSAM-3_ERA5_evaluation_r1i1p1f1_ICTP_RegCM5-0_v1-r1_1hr_200005110100-200005120000.nc
clt_CSAM-3_ERA5_evaluation_r1i1p1f1_ICTP_RegCM5-0_v1-r1_1hr_200005120100-200005130000.nc
clt_CSAM-3_ERA5_evaluation_r1i1p1f1_ICTP_RegCM5-0_v1-r1_1hr_200005130100-200005140000.nc
clt_CSAM-3_ERA5_evaluation_r1i1p1f1_ICTP_RegCM5-0_v1-r1_1hr_200005140100-200005150000.nc
clt_CSAM-3_ERA5_evaluation_r1i1p1f1_ICTP_RegCM5-0_v1-r1_1hr_200005150100-200005160000.nc
clt_CSAM-3_ERA5_evaluation_r1i1p1f1_ICTP_RegCM5-0_v1-r1_1hr_200005160100-200005170000.nc
clt_CSAM-3_ERA5_evaluation_r1i1p1f1_ICTP_RegCM5-0_v1-r1_1hr_200005170100-200005180000.nc
clt_CSAM-3_ERA5_evaluation_r1i1p1f1_ICTP_RegCM5-0_v1-r1_1hr_200005180100-200005190000.nc
clt_CSAM-3_ERA5_evaluation_r1i1p1f1_ICTP_RegCM5-0_v1-r1_1hr_200005190100-200005200000.nc
clt_CSAM-3_ERA5_evaluation_r1i1p1f1_ICTP_RegCM5-0_v1-r1_1hr_200005200100-200005210000.nc
clt_CSAM-3_ERA5_evaluation_r1i1p1f1_ICTP_RegCM5-0_v1-r1_1hr_200005210100-200005220000.nc
clt_CSAM-3_ERA5_evaluation_r1i1p1f1_ICTP_RegCM5-0_v1-r1_1hr_200005220100-200005230000.nc
clt_CSAM-3_ERA5_evaluation_r1i1p1f1_ICTP_RegCM5-0_v1-r1_1hr_200005230100-200005240000.nc
clt_CSAM-3_ERA5_evaluation_r1i1p1f1_ICTP_RegCM5-0_v1-r1_1hr_200005240100-200005250000.nc
clt_CSAM-3_ERA5_evaluation_r1i1p1f1_ICTP_RegCM5-0_v1-r1_1hr_200005250100-200005260000.nc
clt_CSAM-3_ERA5_evaluation_r1i1p1f1_ICTP_RegCM5-0_v1-r1_1hr_200005260100-200005270000.nc
clt_CSAM-3_ERA5_evaluation_r1i1p1f1_ICTP_RegCM5-0_v1-r1_1hr_200005270100-200005280000.nc
clt_CSAM-3_ERA5_evaluation_r1i1p1f1_ICTP_RegCM5-0_v1-r1_1hr_200005280100-200005290000.nc
clt_CSAM-3_ERA5_evaluation_r1i1p1f1_ICTP_RegCM5-0_v1-r1_1hr_200005290100-200005300000.nc
clt_CSAM-3_ERA5_evaluation_r1i1p1f1_ICTP_RegCM5-0_v1-r1_1hr_200005300100-200005310000.nc
clt_CSAM-3_ERA5_evaluation_r1i1p1f1_ICTP_RegCM5-0_v1-r1_1hr_200005310100-200006010000.nc
clt_CSAM-3_ERA5_evaluation_r1i1p1f1_ICTP_RegCM5-0_v1-r1_1hr_200006010100-200006020000.nc
clt_CSAM-3_ERA5_evaluation_r1i1p1f1_ICTP_RegCM5-0_v1-r1_1hr_200006020100-200006030000.nc
clt_CSAM-3_ERA5_evaluation_r1i1p1f1_ICTP_RegCM5-0_v1-r1_1hr_200006030100-200006040000.nc
clt_CSAM-3_ERA5_evaluation_r1i1p1f1_ICTP_RegCM5-0_v1-r1_1hr_200006040100-200006050000.nc
clt_CSAM-3_ERA5_evaluation_r1i1p1f1_ICTP_RegCM5-0_v1-r1_1hr_200006050100-200006060000.nc
clt_CSAM-3_ERA5_evaluation_r1i1p1f1_ICTP_RegCM5-0_v1-r1_1hr_200006060100-200006070000.nc
clt_CSAM-3_ERA5_evaluation_r1i1p1f1_ICTP_RegCM5-0_v1-r1_1hr_200006070100-200006080000.nc
clt_CSAM-3_ERA5_evaluation_r1i1p1f1_ICTP_RegCM5-0_v1-r1_1hr_200006080100-200006090000.nc
clt_CSAM-3_ERA5_evaluation_r1i1p1f1_ICTP_RegCM5-0_v1-r1_1hr_200006090100-200006100000.nc
clt_CSAM-3_ERA5_evaluation_r1i1p1f1_ICTP_RegCM5-0_v1-r1_1hr_200006100100-200006110000.nc
clt_CSAM-3_ERA5_evaluation_r1i1p1f1_ICTP_RegCM5-0_v1-r1_1hr_200006110100-200006120000.nc
clt_CSAM-3_ERA5_evaluation_r1i1p1f1_ICTP_RegCM5-0_v1-r1_1hr_200006120100-200006130000.nc
clt_CSAM-3_ERA5_evaluation_r1i1p1f1_ICTP_RegCM5-0_v1-r1_1hr_200006130100-200006140000.nc
clt_CSAM-3_ERA5_evaluation_r1i1p1f1_ICTP_RegCM5-0_v1-r1_1hr_200006140100-200006150000.nc
clt_CSAM-3_ERA5_evaluation_r1i1p1f1_ICTP_RegCM5-0_v1-r1_1hr_200006150100-200006160000.nc
clt_CSAM-3_ERA5_evaluation_r1i1p1f1_ICTP_RegCM5-0_v1-r1_1hr_200006160100-200006170000.nc
clt_CSAM-3_ERA5_evaluation_r1i1p1f1_ICTP_RegCM5-0_v1-r1_1hr_200006170100-200006180000.nc
clt_CSAM-3_ERA5_evaluation_r1i1p1f1_ICTP_RegCM5-0_v1-r1_1hr_200006180100-200006190000.nc
clt_CSAM-3_ERA5_evaluation_r1i1p1f1_ICTP_RegCM5-0_v1-r1_1hr_200006190100-200006200000.nc
clt_CSAM-3_ERA5_evaluation_r1i1p1f1_ICTP_RegCM5-0_v1-r1_1hr_200006200100-200006210000.nc
clt_CSAM-3_ERA5_evaluation_r1i1p1f1_ICTP_RegCM5-0_v1-r1_1hr_200006210100-200006220000.nc
clt_CSAM-3_ERA5_evaluation_r1i1p1f1_ICTP_RegCM5-0_v1-r1_1hr_200006220100-200006230000.nc
clt_CSAM-3_ERA5_evaluation_r1i1p1f1_ICTP_RegCM5-0_v1-r1_1hr_200006230100-200006240000.nc
clt_CSAM-3_ERA5_evaluation_r1i1p1f1_ICTP_RegCM5-0_v1-r1_1hr_200006240100-200006250000.nc
clt_CSAM-3_ERA5_evaluation_r1i1p1f1_ICTP_RegCM5-0_v1-r1_1hr_200006250100-200006260000.nc
clt_CSAM-3_ERA5_evaluation_r1i1p1f1_ICTP_RegCM5-0_v1-r1_1hr_200006260100-200006270000.nc
clt_CSAM-3_ERA5_evaluation_r1i1p1f1_ICTP_RegCM5-0_v1-r1_1hr_200006270100-200006280000.nc
clt_CSAM-3_ERA5_evaluation_r1i1p1f1_ICTP_RegCM5-0_v1-r1_1hr_200006280100-200006290000.nc
clt_CSAM-3_ERA5_evaluation_r1i1p1f1_ICTP_RegCM5-0_v1-r1_1hr_200006290100-200006300000.nc
clt_CSAM-3_ERA5_evaluation_r1i1p1f1_ICTP_RegCM5-0_v1-r1_1hr_200006300100-200007010000.nc
clt_CSAM-3_ERA5_evaluation_r1i1p1f1_ICTP_RegCM5-0_v1-r1_1hr_200007010100-200007020000.nc
clt_CSAM-3_ERA5_evaluation_r1i1p1f1_ICTP_RegCM5-0_v1-r1_1hr_200007020100-200007030000.nc
clt_CSAM-3_ERA5_evaluation_r1i1p1f1_ICTP_RegCM5-0_v1-r1_1hr_200007030100-200007040000.nc
clt_CSAM-3_ERA5_evaluation_r1i1p1f1_ICTP_RegCM5-0_v1-r1_1hr_200007040100-200007050000.nc
clt_CSAM-3_ERA5_evaluation_r1i1p1f1_ICTP_RegCM5-0_v1-r1_1hr_200007050100-200007060000.nc
clt_CSAM-3_ERA5_evaluation_r1i1p1f1_ICTP_RegCM5-0_v1-r1_1hr_200007060100-200007070000.nc
clt_CSAM-3_ERA5_evaluation_r1i1p1f1_ICTP_RegCM5-0_v1-r1_1hr_200007070100-200007080000.nc
clt_CSAM-3_ERA5_evaluation_r1i1p1f1_ICTP_RegCM5-0_v1-r1_1hr_200007080100-200007090000.nc
clt_CSAM-3_ERA5_evaluation_r1i1p1f1_ICTP_RegCM5-0_v1-r1_1hr_200007090100-200007100000.nc
clt_CSAM-3_ERA5_evaluation_r1i1p1f1_ICTP_RegCM5-0_v1-r1_1hr_200007100100-200007110000.nc
clt_CSAM-3_ERA5_evaluation_r1i1p1f1_ICTP_RegCM5-0_v1-r1_1hr_200007110100-200007120000.nc
clt_CSAM-3_ERA5_evaluation_r1i1p1f1_ICTP_RegCM5-0_v1-r1_1hr_200007120100-200007130000.nc
clt_CSAM-3_ERA5_evaluation_r1i1p1f1_ICTP_RegCM5-0_v1-r1_1hr_200007130100-200007140000.nc
clt_CSAM-3_ERA5_evaluation_r1i1p1f1_ICTP_RegCM5-0_v1-r1_1hr_200007140100-200007150000.nc
clt_CSAM-3_ERA5_evaluation_r1i1p1f1_ICTP_RegCM5-0_v1-r1_1hr_200007150100-200007160000.nc
clt_CSAM-3_ERA5_evaluation_r1i1p1f1_ICTP_RegCM5-0_v1-r1_1hr_200007160100-200007170000.nc
clt_CSAM-3_ERA5_evaluation_r1i1p1f1_ICTP_RegCM5-0_v1-r1_1hr_200007170100-200007180000.nc
clt_CSAM-3_ERA5_evaluation_r1i1p1f1_ICTP_RegCM5-0_v1-r1_1hr_200007180100-200007190000.nc
clt_CSAM-3_ERA5_evaluation_r1i1p1f1_ICTP_RegCM5-0_v1-r1_1hr_200007190100-200007200000.nc
clt_CSAM-3_ERA5_evaluation_r1i1p1f1_ICTP_RegCM5-0_v1-r1_1hr_200007200100-200007210000.nc
clt_CSAM-3_ERA5_evaluation_r1i1p1f1_ICTP_RegCM5-0_v1-r1_1hr_200007210100-200007220000.nc
clt_CSAM-3_ERA5_evaluation_r1i1p1f1_ICTP_RegCM5-0_v1-r1_1hr_200007220100-200007230000.nc
clt_CSAM-3_ERA5_evaluation_r1i1p1f1_ICTP_RegCM5-0_v1-r1_1hr_200007230100-200007240000.nc
clt_CSAM-3_ERA5_evaluation_r1i1p1f1_ICTP_RegCM5-0_v1-r1_1hr_200007240100-200007250000.nc
clt_CSAM-3_ERA5_evaluation_r1i1p1f1_ICTP_RegCM5-0_v1-r1_1hr_200007250100-200007260000.nc
clt_CSAM-3_ERA5_evaluation_r1i1p1f1_ICTP_RegCM5-0_v1-r1_1hr_200007260100-200007270000.nc
clt_CSAM-3_ERA5_evaluation_r1i1p1f1_ICTP_RegCM5-0_v1-r1_1hr_200007270100-200007280000.nc
clt_CSAM-3_ERA5_evaluation_r1i1p1f1_ICTP_RegCM5-0_v1-r1_1hr_200007280100-200007290000.nc
clt_CSAM-3_ERA5_evaluation_r1i1p1f1_ICTP_RegCM5-0_v1-r1_1hr_200007290100-200007300000.nc
clt_CSAM-3_ERA5_evaluation_r1i1p1f1_ICTP_RegCM5-0_v1-r1_1hr_200007300100-200007310000.nc
clt_CSAM-3_ERA5_evaluation_r1i1p1f1_ICTP_RegCM5-0_v1-r1_1hr_200007310100-200008010000.nc
clt_CSAM-3_ERA5_evaluation_r1i1p1f1_ICTP_RegCM5-0_v1-r1_1hr_200008010100-200008020000.nc
clt_CSAM-3_ERA5_evaluation_r1i1p1f1_ICTP_RegCM5-0_v1-r1_1hr_200008020100-200008030000.nc
clt_CSAM-3_ERA5_evaluation_r1i1p1f1_ICTP_RegCM5-0_v1-r1_1hr_200008030100-200008040000.nc
clt_CSAM-3_ERA5_evaluation_r1i1p1f1_ICTP_RegCM5-0_v1-r1_1hr_200008040100-200008050000.nc
clt_CSAM-3_ERA5_evaluation_r1i1p1f1_ICTP_RegCM5-0_v1-r1_1hr_200008050100-200008060000.nc
clt_CSAM-3_ERA5_evaluation_r1i1p1f1_ICTP_RegCM5-0_v1-r1_1hr_200008060100-200008070000.nc
clt_CSAM-3_ERA5_evaluation_r1i1p1f1_ICTP_RegCM5-0_v1-r1_1hr_200008070100-200008080000.nc
clt_CSAM-3_ERA5_evaluation_r1i1p1f1_ICTP_RegCM5-0_v1-r1_1hr_200008080100-200008090000.nc
clt_CSAM-3_ERA5_evaluation_r1i1p1f1_ICTP_RegCM5-0_v1-r1_1hr_200008090100-200008100000.nc
clt_CSAM-3_ERA5_evaluation_r1i1p1f1_ICTP_RegCM5-0_v1-r1_1hr_200008100100-200008110000.nc
clt_CSAM-3_ERA5_evaluation_r1i1p1f1_ICTP_RegCM5-0_v1-r1_1hr_200008110100-200008120000.nc
clt_CSAM-3_ERA5_evaluation_r1i1p1f1_ICTP_RegCM5-0_v1-r1_1hr_200008120100-200008130000.nc
clt_CSAM-3_ERA5_evaluation_r1i1p1f1_ICTP_RegCM5-0_v1-r1_1hr_200008130100-200008140000.nc
clt_CSAM-3_ERA5_evaluation_r1i1p1f1_ICTP_RegCM5-0_v1-r1_1hr_200008140100-200008150000.nc
clt_CSAM-3_ERA5_evaluation_r1i1p1f1_ICTP_RegCM5-0_v1-r1_1hr_200008150100-200008160000.nc
clt_CSAM-3_ERA5_evaluation_r1i1p1f1_ICTP_RegCM5-0_v1-r1_1hr_200008160100-200008170000.nc
clt_CSAM-3_ERA5_evaluation_r1i1p1f1_ICTP_RegCM5-0_v1-r1_1hr_200008170100-200008180000.nc
clt_CSAM-3_ERA5_evaluation_r1i1p1f1_ICTP_RegCM5-0_v1-r1_1hr_200008180100-200008190000.nc
clt_CSAM-3_ERA5_evaluation_r1i1p1f1_ICTP_RegCM5-0_v1-r1_1hr_200008190100-200008200000.nc
clt_CSAM-3_ERA5_evaluation_r1i1p1f1_ICTP_RegCM5-0_v1-r1_1hr_200008200100-200008210000.nc
clt_CSAM-3_ERA5_evaluation_r1i1p1f1_ICTP_RegCM5-0_v1-r1_1hr_200008210100-200008220000.nc
clt_CSAM-3_ERA5_evaluation_r1i1p1f1_ICTP_RegCM5-0_v1-r1_1hr_200008220100-200008230000.nc
clt_CSAM-3_ERA5_evaluation_r1i1p1f1_ICTP_RegCM5-0_v1-r1_1hr_200008230100-200008240000.nc
clt_CSAM-3_ERA5_evaluation_r1i1p1f1_ICTP_RegCM5-0_v1-r1_1hr_200008240100-200008250000.nc
clt_CSAM-3_ERA5_evaluation_r1i1p1f1_ICTP_RegCM5-0_v1-r1_1hr_200008250100-200008260000.nc
clt_CSAM-3_ERA5_evaluation_r1i1p1f1_ICTP_RegCM5-0_v1-r1_1hr_200008260100-200008270000.nc
clt_CSAM-3_ERA5_evaluation_r1i1p1f1_ICTP_RegCM5-0_v1-r1_1hr_200008270100-200008280000.nc
clt_CSAM-3_ERA5_evaluation_r1i1p1f1_ICTP_RegCM5-0_v1-r1_1hr_200008280100-200008290000.nc
clt_CSAM-3_ERA5_evaluation_r1i1p1f1_ICTP_RegCM5-0_v1-r1_1hr_200008290100-200008300000.nc
clt_CSAM-3_ERA5_evaluation_r1i1p1f1_ICTP_RegCM5-0_v1-r1_1hr_200008300100-200008310000.nc
clt_CSAM-3_ERA5_evaluation_r1i1p1f1_ICTP_RegCM5-0_v1-r1_1hr_200008310100-200009010000.nc
clt_CSAM-3_ERA5_evaluation_r1i1p1f1_ICTP_RegCM5-0_v1-r1_1hr_200009010100-200009020000.nc
clt_CSAM-3_ERA5_evaluation_r1i1p1f1_ICTP_RegCM5-0_v1-r1_1hr_200009020100-200009030000.nc
clt_CSAM-3_ERA5_evaluation_r1i1p1f1_ICTP_RegCM5-0_v1-r1_1hr_200009030100-200009040000.nc
clt_CSAM-3_ERA5_evaluation_r1i1p1f1_ICTP_RegCM5-0_v1-r1_1hr_200009040100-200009050000.nc
clt_CSAM-3_ERA5_evaluation_r1i1p1f1_ICTP_RegCM5-0_v1-r1_1hr_200009050100-200009060000.nc
clt_CSAM-3_ERA5_evaluation_r1i1p1f1_ICTP_RegCM5-0_v1-r1_1hr_200009060100-200009070000.nc
clt_CSAM-3_ERA5_evaluation_r1i1p1f1_ICTP_RegCM5-0_v1-r1_1hr_200009070100-200009080000.nc
clt_CSAM-3_ERA5_evaluation_r1i1p1f1_ICTP_RegCM5-0_v1-r1_1hr_200009080100-200009090000.nc
clt_CSAM-3_ERA5_evaluation_r1i1p1f1_ICTP_RegCM5-0_v1-r1_1hr_200009090100-200009100000.nc
clt_CSAM-3_ERA5_evaluation_r1i1p1f1_ICTP_RegCM5-0_v1-r1_1hr_200009100100-200009110000.nc
clt_CSAM-3_ERA5_evaluation_r1i1p1f1_ICTP_RegCM5-0_v1-r1_1hr_200009110100-200009120000.nc
clt_CSAM-3_ERA5_evaluation_r1i1p1f1_ICTP_RegCM5-0_v1-r1_1hr_200009120100-200009130000.nc
clt_CSAM-3_ERA5_evaluation_r1i1p1f1_ICTP_RegCM5-0_v1-r1_1hr_200009130100-200009140000.nc
clt_CSAM-3_ERA5_evaluation_r1i1p1f1_ICTP_RegCM5-0_v1-r1_1hr_200009140100-200009150000.nc
clt_CSAM-3_ERA5_evaluation_r1i1p1f1_ICTP_RegCM5-0_v1-r1_1hr_200009150100-200009160000.nc
clt_CSAM-3_ERA5_evaluation_r1i1p1f1_ICTP_RegCM5-0_v1-r1_1hr_200009160100-200009170000.nc
clt_CSAM-3_ERA5_evaluation_r1i1p1f1_ICTP_RegCM5-0_v1-r1_1hr_200009170100-200009180000.nc
clt_CSAM-3_ERA5_evaluation_r1i1p1f1_ICTP_RegCM5-0_v1-r1_1hr_200009180100-200009190000.nc
clt_CSAM-3_ERA5_evaluation_r1i1p1f1_ICTP_RegCM5-0_v1-r1_1hr_200009190100-200009200000.nc
clt_CSAM-3_ERA5_evaluation_r1i1p1f1_ICTP_RegCM5-0_v1-r1_1hr_200009200100-200009210000.nc
clt_CSAM-3_ERA5_evaluation_r1i1p1f1_ICTP_RegCM5-0_v1-r1_1hr_200009210100-200009220000.nc
clt_CSAM-3_ERA5_evaluation_r1i1p1f1_ICTP_RegCM5-0_v1-r1_1hr_200009220100-200009230000.nc
clt_CSAM-3_ERA5_evaluation_r1i1p1f1_ICTP_RegCM5-0_v1-r1_1hr_200009230100-200009240000.nc
clt_CSAM-3_ERA5_evaluation_r1i1p1f1_ICTP_RegCM5-0_v1-r1_1hr_200009240100-200009250000.nc
clt_CSAM-3_ERA5_evaluation_r1i1p1f1_ICTP_RegCM5-0_v1-r1_1hr_200009250100-200009260000.nc
clt_CSAM-3_ERA5_evaluation_r1i1p1f1_ICTP_RegCM5-0_v1-r1_1hr_200009260100-200009270000.nc
clt_CSAM-3_ERA5_evaluation_r1i1p1f1_ICTP_RegCM5-0_v1-r1_1hr_200009270100-200009280000.nc
clt_CSAM-3_ERA5_evaluation_r1i1p1f1_ICTP_RegCM5-0_v1-r1_1hr_200009280100-200009290000.nc
clt_CSAM-3_ERA5_evaluation_r1i1p1f1_ICTP_RegCM5-0_v1-r1_1hr_200009290100-200009300000.nc
clt_CSAM-3_ERA5_evaluation_r1i1p1f1_ICTP_RegCM5-0_v1-r1_1hr_200009300100-200010010000.nc
clt_CSAM-3_ERA5_evaluation_r1i1p1f1_ICTP_RegCM5-0_v1-r1_1hr_200010010100-200010020000.nc
clt_CSAM-3_ERA5_evaluation_r1i1p1f1_ICTP_RegCM5-0_v1-r1_1hr_200010020100-200010030000.nc
clt_CSAM-3_ERA5_evaluation_r1i1p1f1_ICTP_RegCM5-0_v1-r1_1hr_200010030100-200010040000.nc
clt_CSAM-3_ERA5_evaluation_r1i1p1f1_ICTP_RegCM5-0_v1-r1_1hr_200010040100-200010050000.nc
clt_CSAM-3_ERA5_evaluation_r1i1p1f1_ICTP_RegCM5-0_v1-r1_1hr_200010050100-200010060000.nc
clt_CSAM-3_ERA5_evaluation_r1i1p1f1_ICTP_RegCM5-0_v1-r1_1hr_200010060100-200010070000.nc
clt_CSAM-3_ERA5_evaluation_r1i1p1f1_ICTP_RegCM5-0_v1-r1_1hr_200010070100-200010080000.nc
clt_CSAM-3_ERA5_evaluation_r1i1p1f1_ICTP_RegCM5-0_v1-r1_1hr_200010080100-200010090000.nc
clt_CSAM-3_ERA5_evaluation_r1i1p1f1_ICTP_RegCM5-0_v1-r1_1hr_200010090100-200010100000.nc
clt_CSAM-3_ERA5_evaluation_r1i1p1f1_ICTP_RegCM5-0_v1-r1_1hr_200010100100-200010110000.nc
clt_CSAM-3_ERA5_evaluation_r1i1p1f1_ICTP_RegCM5-0_v1-r1_1hr_200010110100-200010120000.nc
clt_CSAM-3_ERA5_evaluation_r1i1p1f1_ICTP_RegCM5-0_v1-r1_1hr_200010120100-200010130000.nc
clt_CSAM-3_ERA5_evaluation_r1i1p1f1_ICTP_RegCM5-0_v1-r1_1hr_200010130100-200010140000.nc
clt_CSAM-3_ERA5_evaluation_r1i1p1f1_ICTP_RegCM5-0_v1-r1_1hr_200010140100-200010150000.nc
clt_CSAM-3_ERA5_evaluation_r1i1p1f1_ICTP_RegCM5-0_v1-r1_1hr_200010150100-200010160000.nc
clt_CSAM-3_ERA5_evaluation_r1i1p1f1_ICTP_RegCM5-0_v1-r1_1hr_200010160100-200010170000.nc
clt_CSAM-3_ERA5_evaluation_r1i1p1f1_ICTP_RegCM5-0_v1-r1_1hr_200010170100-200010180000.nc
clt_CSAM-3_ERA5_evaluation_r1i1p1f1_ICTP_RegCM5-0_v1-r1_1hr_200010180100-200010190000.nc
clt_CSAM-3_ERA5_evaluation_r1i1p1f1_ICTP_RegCM5-0_v1-r1_1hr_200010190100-200010200000.nc
clt_CSAM-3_ERA5_evaluation_r1i1p1f1_ICTP_RegCM5-0_v1-r1_1hr_200010200100-200010210000.nc
clt_CSAM-3_ERA5_evaluation_r1i1p1f1_ICTP_RegCM5-0_v1-r1_1hr_200010210100-200010220000.nc
clt_CSAM-3_ERA5_evaluation_r1i1p1f1_ICTP_RegCM5-0_v1-r1_1hr_200010220100-200010230000.nc
clt_CSAM-3_ERA5_evaluation_r1i1p1f1_ICTP_RegCM5-0_v1-r1_1hr_200010230100-200010240000.nc
clt_CSAM-3_ERA5_evaluation_r1i1p1f1_ICTP_RegCM5-0_v1-r1_1hr_200010240100-200010250000.nc
clt_CSAM-3_ERA5_evaluation_r1i1p1f1_ICTP_RegCM5-0_v1-r1_1hr_200010250100-200010260000.nc
clt_CSAM-3_ERA5_evaluation_r1i1p1f1_ICTP_RegCM5-0_v1-r1_1hr_200010260100-200010270000.nc
clt_CSAM-3_ERA5_evaluation_r1i1p1f1_ICTP_RegCM5-0_v1-r1_1hr_200010270100-200010280000.nc
clt_CSAM-3_ERA5_evaluation_r1i1p1f1_ICTP_RegCM5-0_v1-r1_1hr_200010280100-200010290000.nc
clt_CSAM-3_ERA5_evaluation_r1i1p1f1_ICTP_RegCM5-0_v1-r1_1hr_200010290100-200010300000.nc
clt_CSAM-3_ERA5_evaluation_r1i1p1f1_ICTP_RegCM5-0_v1-r1_1hr_200010300100-200010310000.nc
clt_CSAM-3_ERA5_evaluation_r1i1p1f1_ICTP_RegCM5-0_v1-r1_1hr_200010310100-200011010000.nc
clt_CSAM-3_ERA5_evaluation_r1i1p1f1_ICTP_RegCM5-0_v1-r1_1hr_200011010100-200011020000.nc
clt_CSAM-3_ERA5_evaluation_r1i1p1f1_ICTP_RegCM5-0_v1-r1_1hr_200011020100-200011030000.nc
clt_CSAM-3_ERA5_evaluation_r1i1p1f1_ICTP_RegCM5-0_v1-r1_1hr_200011030100-200011040000.nc
clt_CSAM-3_ERA5_evaluation_r1i1p1f1_ICTP_RegCM5-0_v1-r1_1hr_200011040100-200011050000.nc
clt_CSAM-3_ERA5_evaluation_r1i1p1f1_ICTP_RegCM5-0_v1-r1_1hr_200011050100-200011060000.nc
clt_CSAM-3_ERA5_evaluation_r1i1p1f1_ICTP_RegCM5-0_v1-r1_1hr_200011060100-200011070000.nc
clt_CSAM-3_ERA5_evaluation_r1i1p1f1_ICTP_RegCM5-0_v1-r1_1hr_200011070100-200011080000.nc
clt_CSAM-3_ERA5_evaluation_r1i1p1f1_ICTP_RegCM5-0_v1-r1_1hr_200011080100-200011090000.nc
clt_CSAM-3_ERA5_evaluation_r1i1p1f1_ICTP_RegCM5-0_v1-r1_1hr_200011090100-200011100000.nc
clt_CSAM-3_ERA5_evaluation_r1i1p1f1_ICTP_RegCM5-0_v1-r1_1hr_200011100100-200011110000.nc
clt_CSAM-3_ERA5_evaluation_r1i1p1f1_ICTP_RegCM5-0_v1-r1_1hr_200011110100-200011120000.nc
clt_CSAM-3_ERA5_evaluation_r1i1p1f1_ICTP_RegCM5-0_v1-r1_1hr_200011120100-200011130000.nc
clt_CSAM-3_ERA5_evaluation_r1i1p1f1_ICTP_RegCM5-0_v1-r1_1hr_200011130100-200011140000.nc
clt_CSAM-3_ERA5_evaluation_r1i1p1f1_ICTP_RegCM5-0_v1-r1_1hr_200011140100-200011150000.nc
clt_CSAM-3_ERA5_evaluation_r1i1p1f1_ICTP_RegCM5-0_v1-r1_1hr_200011150100-200011160000.nc
clt_CSAM-3_ERA5_evaluation_r1i1p1f1_ICTP_RegCM5-0_v1-r1_1hr_200011160100-200011170000.nc
clt_CSAM-3_ERA5_evaluation_r1i1p1f1_ICTP_RegCM5-0_v1-r1_1hr_200011170100-200011180000.nc
clt_CSAM-3_ERA5_evaluation_r1i1p1f1_ICTP_RegCM5-0_v1-r1_1hr_200011180100-200011190000.nc
clt_CSAM-3_ERA5_evaluation_r1i1p1f1_ICTP_RegCM5-0_v1-r1_1hr_200011190100-200011200000.nc
clt_CSAM-3_ERA5_evaluation_r1i1p1f1_ICTP_RegCM5-0_v1-r1_1hr_200011200100-200011210000.nc
clt_CSAM-3_ERA5_evaluation_r1i1p1f1_ICTP_RegCM5-0_v1-r1_1hr_200011210100-200011220000.nc
clt_CSAM-3_ERA5_evaluation_r1i1p1f1_ICTP_RegCM5-0_v1-r1_1hr_200011220100-200011230000.nc
clt_CSAM-3_ERA5_evaluation_r1i1p1f1_ICTP_RegCM5-0_v1-r1_1hr_200011230100-200011240000.nc
clt_CSAM-3_ERA5_evaluation_r1i1p1f1_ICTP_RegCM5-0_v1-r1_1hr_200011240100-200011250000.nc
clt_CSAM-3_ERA5_evaluation_r1i1p1f1_ICTP_RegCM5-0_v1-r1_1hr_200011250100-200011260000.nc
clt_CSAM-3_ERA5_evaluation_r1i1p1f1_ICTP_RegCM5-0_v1-r1_1hr_200011260100-200011270000.nc
clt_CSAM-3_ERA5_evaluation_r1i1p1f1_ICTP_RegCM5-0_v1-r1_1hr_200011270100-200011280000.nc
clt_CSAM-3_ERA5_evaluation_r1i1p1f1_ICTP_RegCM5-0_v1-r1_1hr_200011280100-200011290000.nc
clt_CSAM-3_ERA5_evaluation_r1i1p1f1_ICTP_RegCM5-0_v1-r1_1hr_200011290100-200011300000.nc
clt_CSAM-3_ERA5_evaluation_r1i1p1f1_ICTP_RegCM5-0_v1-r1_1hr_200011300100-200012010000.nc
clt_CSAM-3_ERA5_evaluation_r1i1p1f1_ICTP_RegCM5-0_v1-r1_1hr_200012010100-200012020000.nc
clt_CSAM-3_ERA5_evaluation_r1i1p1f1_ICTP_RegCM5-0_v1-r1_1hr_200012020100-200012030000.nc
clt_CSAM-3_ERA5_evaluation_r1i1p1f1_ICTP_RegCM5-0_v1-r1_1hr_200012030100-200012040000.nc
clt_CSAM-3_ERA5_evaluation_r1i1p1f1_ICTP_RegCM5-0_v1-r1_1hr_200012040100-200012050000.nc
clt_CSAM-3_ERA5_evaluation_r1i1p1f1_ICTP_RegCM5-0_v1-r1_1hr_200012050100-200012060000.nc
clt_CSAM-3_ERA5_evaluation_r1i1p1f1_ICTP_RegCM5-0_v1-r1_1hr_200012060100-200012070000.nc
clt_CSAM-3_ERA5_evaluation_r1i1p1f1_ICTP_RegCM5-0_v1-r1_1hr_200012070100-200012080000.nc
clt_CSAM-3_ERA5_evaluation_r1i1p1f1_ICTP_RegCM5-0_v1-r1_1hr_200012080100-200012090000.nc
clt_CSAM-3_ERA5_evaluation_r1i1p1f1_ICTP_RegCM5-0_v1-r1_1hr_200012090100-200012100000.nc
clt_CSAM-3_ERA5_evaluation_r1i1p1f1_ICTP_RegCM5-0_v1-r1_1hr_200012100100-200012110000.nc
clt_CSAM-3_ERA5_evaluation_r1i1p1f1_ICTP_RegCM5-0_v1-r1_1hr_200012110100-200012120000.nc
clt_CSAM-3_ERA5_evaluation_r1i1p1f1_ICTP_RegCM5-0_v1-r1_1hr_200012120100-200012130000.nc
clt_CSAM-3_ERA5_evaluation_r1i1p1f1_ICTP_RegCM5-0_v1-r1_1hr_200012130100-200012140000.nc
clt_CSAM-3_ERA5_evaluation_r1i1p1f1_ICTP_RegCM5-0_v1-r1_1hr_200012140100-200012150000.nc
clt_CSAM-3_ERA5_evaluation_r1i1p1f1_ICTP_RegCM5-0_v1-r1_1hr_200012150100-200012160000.nc
clt_CSAM-3_ERA5_evaluation_r1i1p1f1_ICTP_RegCM5-0_v1-r1_1hr_200012160100-200012170000.nc
clt_CSAM-3_ERA5_evaluation_r1i1p1f1_ICTP_RegCM5-0_v1-r1_1hr_200012170100-200012180000.nc
clt_CSAM-3_ERA5_evaluation_r1i1p1f1_ICTP_RegCM5-0_v1-r1_1hr_200012180100-200012190000.nc
clt_CSAM-3_ERA5_evaluation_r1i1p1f1_ICTP_RegCM5-0_v1-r1_1hr_200012190100-200012200000.nc
clt_CSAM-3_ERA5_evaluation_r1i1p1f1_ICTP_RegCM5-0_v1-r1_1hr_200012200100-200012210000.nc
clt_CSAM-3_ERA5_evaluation_r1i1p1f1_ICTP_RegCM5-0_v1-r1_1hr_200012210100-200012220000.nc
clt_CSAM-3_ERA5_evaluation_r1i1p1f1_ICTP_RegCM5-0_v1-r1_1hr_200012220100-200012230000.nc
clt_CSAM-3_ERA5_evaluation_r1i1p1f1_ICTP_RegCM5-0_v1-r1_1hr_200012230100-200012240000.nc
clt_CSAM-3_ERA5_evaluation_r1i1p1f1_ICTP_RegCM5-0_v1-r1_1hr_200012240100-200012250000.nc
clt_CSAM-3_ERA5_evaluation_r1i1p1f1_ICTP_RegCM5-0_v1-r1_1hr_200012250100-200012260000.nc
clt_CSAM-3_ERA5_evaluation_r1i1p1f1_ICTP_RegCM5-0_v1-r1_1hr_200012260100-200012270000.nc
clt_CSAM-3_ERA5_evaluation_r1i1p1f1_ICTP_RegCM5-0_v1-r1_1hr_200012270100-200012280000.nc
clt_CSAM-3_ERA5_evaluation_r1i1p1f1_ICTP_RegCM5-0_v1-r1_1hr_200012280100-200012290000.nc
clt_CSAM-3_ERA5_evaluation_r1i1p1f1_ICTP_RegCM5-0_v1-r1_1hr_200012290100-200012300000.nc
clt_CSAM-3_ERA5_evaluation_r1i1p1f1_ICTP_RegCM5-0_v1-r1_1hr_200012300100-200012310000.nc
clt_CSAM-3_ERA5_evaluation_r1i1p1f1_ICTP_RegCM5-0_v1-r1_1hr_200012310100-200101010000.nc
Files: clwvi_CSAM-3_ERA5_evaluation_r1i1p1f1_ICTP_RegCM5-0_v1-r1_1hr_200001010100-200001020000.nc
clwvi_CSAM-3_ERA5_evaluation_r1i1p1f1_ICTP_RegCM5-0_v1-r1_1hr_200001020100-200001030000.nc
clwvi_CSAM-3_ERA5_evaluation_r1i1p1f1_ICTP_RegCM5-0_v1-r1_1hr_200001030100-200001040000.nc
clwvi_CSAM-3_ERA5_evaluation_r1i1p1f1_ICTP_RegCM5-0_v1-r1_1hr_200001040100-200001050000.nc
clwvi_CSAM-3_ERA5_evaluation_r1i1p1f1_ICTP_RegCM5-0_v1-r1_1hr_200001050100-200001060000.nc
clwvi_CSAM-3_ERA5_evaluation_r1i1p1f1_ICTP_RegCM5-0_v1-r1_1hr_200001060100-200001070000.nc
clwvi_CSAM-3_ERA5_evaluation_r1i1p1f1_ICTP_RegCM5-0_v1-r1_1hr_200001070100-200001080000.nc
clwvi_CSAM-3_ERA5_evaluation_r1i1p1f1_ICTP_RegCM5-0_v1-r1_1hr_200001080100-200001090000.nc
clwvi_CSAM-3_ERA5_evaluation_r1i1p1f1_ICTP_RegCM5-0_v1-r1_1hr_200001090100-200001100000.nc
clwvi_CSAM-3_ERA5_evaluation_r1i1p1f1_ICTP_RegCM5-0_v1-r1_1hr_200001100100-200001110000.nc
clwvi_CSAM-3_ERA5_evaluation_r1i1p1f1_ICTP_RegCM5-0_v1-r1_1hr_200001110100-200001120000.nc
clwvi_CSAM-3_ERA5_evaluation_r1i1p1f1_ICTP_RegCM5-0_v1-r1_1hr_200001120100-200001130000.nc
clwvi_CSAM-3_ERA5_evaluation_r1i1p1f1_ICTP_RegCM5-0_v1-r1_1hr_200001130100-200001140000.nc
clwvi_CSAM-3_ERA5_evaluation_r1i1p1f1_ICTP_RegCM5-0_v1-r1_1hr_200001140100-200001150000.nc
clwvi_CSAM-3_ERA5_evaluation_r1i1p1f1_ICTP_RegCM5-0_v1-r1_1hr_200001150100-200001160000.nc
clwvi_CSAM-3_ERA5_evaluation_r1i1p1f1_ICTP_RegCM5-0_v1-r1_1hr_200001160100-200001170000.nc
clwvi_CSAM-3_ERA5_evaluation_r1i1p1f1_ICTP_RegCM5-0_v1-r1_1hr_200001170100-200001180000.nc
clwvi_CSAM-3_ERA5_evaluation_r1i1p1f1_ICTP_RegCM5-0_v1-r1_1hr_200001180100-200001190000.nc
clwvi_CSAM-3_ERA5_evaluation_r1i1p1f1_ICTP_RegCM5-0_v1-r1_1hr_200001190100-200001200000.nc
clwvi_CSAM-3_ERA5_evaluation_r1i1p1f1_ICTP_RegCM5-0_v1-r1_1hr_200001200100-200001210000.nc
clwvi_CSAM-3_ERA5_evaluation_r1i1p1f1_ICTP_RegCM5-0_v1-r1_1hr_200001210100-200001220000.nc
clwvi_CSAM-3_ERA5_evaluation_r1i1p1f1_ICTP_RegCM5-0_v1-r1_1hr_200001220100-200001230000.nc
clwvi_CSAM-3_ERA5_evaluation_r1i1p1f1_ICTP_RegCM5-0_v1-r1_1hr_200001230100-200001240000.nc
clwvi_CSAM-3_ERA5_evaluation_r1i1p1f1_ICTP_RegCM5-0_v1-r1_1hr_200001240100-200001250000.nc
clwvi_CSAM-3_ERA5_evaluation_r1i1p1f1_ICTP_RegCM5-0_v1-r1_1hr_200001250100-200001260000.nc
clwvi_CSAM-3_ERA5_evaluation_r1i1p1f1_ICTP_RegCM5-0_v1-r1_1hr_200001260100-200001270000.nc
clwvi_CSAM-3_ERA5_evaluation_r1i1p1f1_ICTP_RegCM5-0_v1-r1_1hr_200001270100-200001280000.nc
clwvi_CSAM-3_ERA5_evaluation_r1i1p1f1_ICTP_RegCM5-0_v1-r1_1hr_200001280100-200001290000.nc
clwvi_CSAM-3_ERA5_evaluation_r1i1p1f1_ICTP_RegCM5-0_v1-r1_1hr_200001290100-200001300000.nc
clwvi_CSAM-3_ERA5_evaluation_r1i1p1f1_ICTP_RegCM5-0_v1-r1_1hr_200001300100-200001310000.nc
clwvi_CSAM-3_ERA5_evaluation_r1i1p1f1_ICTP_RegCM5-0_v1-r1_1hr_200001310100-200002010000.nc
clwvi_CSAM-3_ERA5_evaluation_r1i1p1f1_ICTP_RegCM5-0_v1-r1_1hr_200002010100-200002020000.nc
clwvi_CSAM-3_ERA5_evaluation_r1i1p1f1_ICTP_RegCM5-0_v1-r1_1hr_200002020100-200002030000.nc
clwvi_CSAM-3_ERA5_evaluation_r1i1p1f1_ICTP_RegCM5-0_v1-r1_1hr_200002030100-200002040000.nc
clwvi_CSAM-3_ERA5_evaluation_r1i1p1f1_ICTP_RegCM5-0_v1-r1_1hr_200002040100-200002050000.nc
clwvi_CSAM-3_ERA5_evaluation_r1i1p1f1_ICTP_RegCM5-0_v1-r1_1hr_200002050100-200002060000.nc
clwvi_CSAM-3_ERA5_evaluation_r1i1p1f1_ICTP_RegCM5-0_v1-r1_1hr_200002060100-200002070000.nc
clwvi_CSAM-3_ERA5_evaluation_r1i1p1f1_ICTP_RegCM5-0_v1-r1_1hr_200002070100-200002080000.nc
clwvi_CSAM-3_ERA5_evaluation_r1i1p1f1_ICTP_RegCM5-0_v1-r1_1hr_200002080100-200002090000.nc
clwvi_CSAM-3_ERA5_evaluation_r1i1p1f1_ICTP_RegCM5-0_v1-r1_1hr_200002090100-200002100000.nc
clwvi_CSAM-3_ERA5_evaluation_r1i1p1f1_ICTP_RegCM5-0_v1-r1_1hr_200002100100-200002110000.nc
clwvi_CSAM-3_ERA5_evaluation_r1i1p1f1_ICTP_RegCM5-0_v1-r1_1hr_200002110100-200002120000.nc
clwvi_CSAM-3_ERA5_evaluation_r1i1p1f1_ICTP_RegCM5-0_v1-r1_1hr_200002120100-200002130000.nc
clwvi_CSAM-3_ERA5_evaluation_r1i1p1f1_ICTP_RegCM5-0_v1-r1_1hr_200002130100-200002140000.nc
clwvi_CSAM-3_ERA5_evaluation_r1i1p1f1_ICTP_RegCM5-0_v1-r1_1hr_200002140100-200002150000.nc
clwvi_CSAM-3_ERA5_evaluation_r1i1p1f1_ICTP_RegCM5-0_v1-r1_1hr_200002150100-200002160000.nc
clwvi_CSAM-3_ERA5_evaluation_r1i1p1f1_ICTP_RegCM5-0_v1-r1_1hr_200002160100-200002170000.nc
clwvi_CSAM-3_ERA5_evaluation_r1i1p1f1_ICTP_RegCM5-0_v1-r1_1hr_200002170100-200002180000.nc
clwvi_CSAM-3_ERA5_evaluation_r1i1p1f1_ICTP_RegCM5-0_v1-r1_1hr_200002180100-200002190000.nc
clwvi_CSAM-3_ERA5_evaluation_r1i1p1f1_ICTP_RegCM5-0_v1-r1_1hr_200002190100-200002200000.nc
clwvi_CSAM-3_ERA5_evaluation_r1i1p1f1_ICTP_RegCM5-0_v1-r1_1hr_200002200100-200002210000.nc
clwvi_CSAM-3_ERA5_evaluation_r1i1p1f1_ICTP_RegCM5-0_v1-r1_1hr_200002210100-200002220000.nc
clwvi_CSAM-3_ERA5_evaluation_r1i1p1f1_ICTP_RegCM5-0_v1-r1_1hr_200002220100-200002230000.nc
clwvi_CSAM-3_ERA5_evaluation_r1i1p1f1_ICTP_RegCM5-0_v1-r1_1hr_200002230100-200002240000.nc
clwvi_CSAM-3_ERA5_evaluation_r1i1p1f1_ICTP_RegCM5-0_v1-r1_1hr_200002240100-200002250000.nc
clwvi_CSAM-3_ERA5_evaluation_r1i1p1f1_ICTP_RegCM5-0_v1-r1_1hr_200002250100-200002260000.nc
clwvi_CSAM-3_ERA5_evaluation_r1i1p1f1_ICTP_RegCM5-0_v1-r1_1hr_200002260100-200002270000.nc
clwvi_CSAM-3_ERA5_evaluation_r1i1p1f1_ICTP_RegCM5-0_v1-r1_1hr_200002270100-200002280000.nc
clwvi_CSAM-3_ERA5_evaluation_r1i1p1f1_ICTP_RegCM5-0_v1-r1_1hr_200002280100-200002290000.nc
clwvi_CSAM-3_ERA5_evaluation_r1i1p1f1_ICTP_RegCM5-0_v1-r1_1hr_200002290100-200003010000.nc
clwvi_CSAM-3_ERA5_evaluation_r1i1p1f1_ICTP_RegCM5-0_v1-r1_1hr_200003010100-200003020000.nc
clwvi_CSAM-3_ERA5_evaluation_r1i1p1f1_ICTP_RegCM5-0_v1-r1_1hr_200003020100-200003030000.nc
clwvi_CSAM-3_ERA5_evaluation_r1i1p1f1_ICTP_RegCM5-0_v1-r1_1hr_200003030100-200003040000.nc
clwvi_CSAM-3_ERA5_evaluation_r1i1p1f1_ICTP_RegCM5-0_v1-r1_1hr_200003040100-200003050000.nc
clwvi_CSAM-3_ERA5_evaluation_r1i1p1f1_ICTP_RegCM5-0_v1-r1_1hr_200003050100-200003060000.nc
clwvi_CSAM-3_ERA5_evaluation_r1i1p1f1_ICTP_RegCM5-0_v1-r1_1hr_200003060100-200003070000.nc
clwvi_CSAM-3_ERA5_evaluation_r1i1p1f1_ICTP_RegCM5-0_v1-r1_1hr_200003070100-200003080000.nc
clwvi_CSAM-3_ERA5_evaluation_r1i1p1f1_ICTP_RegCM5-0_v1-r1_1hr_200003080100-200003090000.nc
clwvi_CSAM-3_ERA5_evaluation_r1i1p1f1_ICTP_RegCM5-0_v1-r1_1hr_200003090100-200003100000.nc
clwvi_CSAM-3_ERA5_evaluation_r1i1p1f1_ICTP_RegCM5-0_v1-r1_1hr_200003100100-200003110000.nc
clwvi_CSAM-3_ERA5_evaluation_r1i1p1f1_ICTP_RegCM5-0_v1-r1_1hr_200003110100-200003120000.nc
clwvi_CSAM-3_ERA5_evaluation_r1i1p1f1_ICTP_RegCM5-0_v1-r1_1hr_200003120100-200003130000.nc
clwvi_CSAM-3_ERA5_evaluation_r1i1p1f1_ICTP_RegCM5-0_v1-r1_1hr_200003130100-200003140000.nc
clwvi_CSAM-3_ERA5_evaluation_r1i1p1f1_ICTP_RegCM5-0_v1-r1_1hr_200003140100-200003150000.nc
clwvi_CSAM-3_ERA5_evaluation_r1i1p1f1_ICTP_RegCM5-0_v1-r1_1hr_200003150100-200003160000.nc
clwvi_CSAM-3_ERA5_evaluation_r1i1p1f1_ICTP_RegCM5-0_v1-r1_1hr_200003160100-200003170000.nc
clwvi_CSAM-3_ERA5_evaluation_r1i1p1f1_ICTP_RegCM5-0_v1-r1_1hr_200003170100-200003180000.nc
clwvi_CSAM-3_ERA5_evaluation_r1i1p1f1_ICTP_RegCM5-0_v1-r1_1hr_200003180100-200003190000.nc
clwvi_CSAM-3_ERA5_evaluation_r1i1p1f1_ICTP_RegCM5-0_v1-r1_1hr_200003190100-200003200000.nc
clwvi_CSAM-3_ERA5_evaluation_r1i1p1f1_ICTP_RegCM5-0_v1-r1_1hr_200003200100-200003210000.nc
clwvi_CSAM-3_ERA5_evaluation_r1i1p1f1_ICTP_RegCM5-0_v1-r1_1hr_200003210100-200003220000.nc
clwvi_CSAM-3_ERA5_evaluation_r1i1p1f1_ICTP_RegCM5-0_v1-r1_1hr_200003220100-200003230000.nc
clwvi_CSAM-3_ERA5_evaluation_r1i1p1f1_ICTP_RegCM5-0_v1-r1_1hr_200003230100-200003240000.nc
clwvi_CSAM-3_ERA5_evaluation_r1i1p1f1_ICTP_RegCM5-0_v1-r1_1hr_200003240100-200003250000.nc
clwvi_CSAM-3_ERA5_evaluation_r1i1p1f1_ICTP_RegCM5-0_v1-r1_1hr_200003250100-200003260000.nc
clwvi_CSAM-3_ERA5_evaluation_r1i1p1f1_ICTP_RegCM5-0_v1-r1_1hr_200003260100-200003270000.nc
clwvi_CSAM-3_ERA5_evaluation_r1i1p1f1_ICTP_RegCM5-0_v1-r1_1hr_200003270100-200003280000.nc
clwvi_CSAM-3_ERA5_evaluation_r1i1p1f1_ICTP_RegCM5-0_v1-r1_1hr_200003280100-200003290000.nc
clwvi_CSAM-3_ERA5_evaluation_r1i1p1f1_ICTP_RegCM5-0_v1-r1_1hr_200003290100-200003300000.nc
clwvi_CSAM-3_ERA5_evaluation_r1i1p1f1_ICTP_RegCM5-0_v1-r1_1hr_200003300100-200003310000.nc
clwvi_CSAM-3_ERA5_evaluation_r1i1p1f1_ICTP_RegCM5-0_v1-r1_1hr_200003310100-200004010000.nc
clwvi_CSAM-3_ERA5_evaluation_r1i1p1f1_ICTP_RegCM5-0_v1-r1_1hr_200004010100-200004020000.nc
clwvi_CSAM-3_ERA5_evaluation_r1i1p1f1_ICTP_RegCM5-0_v1-r1_1hr_200004020100-200004030000.nc
clwvi_CSAM-3_ERA5_evaluation_r1i1p1f1_ICTP_RegCM5-0_v1-r1_1hr_200004030100-200004040000.nc
clwvi_CSAM-3_ERA5_evaluation_r1i1p1f1_ICTP_RegCM5-0_v1-r1_1hr_200004040100-200004050000.nc
clwvi_CSAM-3_ERA5_evaluation_r1i1p1f1_ICTP_RegCM5-0_v1-r1_1hr_200004050100-200004060000.nc
clwvi_CSAM-3_ERA5_evaluation_r1i1p1f1_ICTP_RegCM5-0_v1-r1_1hr_200004060100-200004070000.nc
clwvi_CSAM-3_ERA5_evaluation_r1i1p1f1_ICTP_RegCM5-0_v1-r1_1hr_200004070100-200004080000.nc
clwvi_CSAM-3_ERA5_evaluation_r1i1p1f1_ICTP_RegCM5-0_v1-r1_1hr_200004080100-200004090000.nc
clwvi_CSAM-3_ERA5_evaluation_r1i1p1f1_ICTP_RegCM5-0_v1-r1_1hr_200004090100-200004100000.nc
clwvi_CSAM-3_ERA5_evaluation_r1i1p1f1_ICTP_RegCM5-0_v1-r1_1hr_200004100100-200004110000.nc
clwvi_CSAM-3_ERA5_evaluation_r1i1p1f1_ICTP_RegCM5-0_v1-r1_1hr_200004110100-200004120000.nc
clwvi_CSAM-3_ERA5_evaluation_r1i1p1f1_ICTP_RegCM5-0_v1-r1_1hr_200004120100-200004130000.nc
clwvi_CSAM-3_ERA5_evaluation_r1i1p1f1_ICTP_RegCM5-0_v1-r1_1hr_200004130100-200004140000.nc
clwvi_CSAM-3_ERA5_evaluation_r1i1p1f1_ICTP_RegCM5-0_v1-r1_1hr_200004140100-200004150000.nc
clwvi_CSAM-3_ERA5_evaluation_r1i1p1f1_ICTP_RegCM5-0_v1-r1_1hr_200004150100-200004160000.nc
clwvi_CSAM-3_ERA5_evaluation_r1i1p1f1_ICTP_RegCM5-0_v1-r1_1hr_200004160100-200004170000.nc
clwvi_CSAM-3_ERA5_evaluation_r1i1p1f1_ICTP_RegCM5-0_v1-r1_1hr_200004170100-200004180000.nc
clwvi_CSAM-3_ERA5_evaluation_r1i1p1f1_ICTP_RegCM5-0_v1-r1_1hr_200004180100-200004190000.nc
clwvi_CSAM-3_ERA5_evaluation_r1i1p1f1_ICTP_RegCM5-0_v1-r1_1hr_200004190100-200004200000.nc
clwvi_CSAM-3_ERA5_evaluation_r1i1p1f1_ICTP_RegCM5-0_v1-r1_1hr_200004200100-200004210000.nc
clwvi_CSAM-3_ERA5_evaluation_r1i1p1f1_ICTP_RegCM5-0_v1-r1_1hr_200004210100-200004220000.nc
clwvi_CSAM-3_ERA5_evaluation_r1i1p1f1_ICTP_RegCM5-0_v1-r1_1hr_200004220100-200004230000.nc
clwvi_CSAM-3_ERA5_evaluation_r1i1p1f1_ICTP_RegCM5-0_v1-r1_1hr_200004230100-200004240000.nc
clwvi_CSAM-3_ERA5_evaluation_r1i1p1f1_ICTP_RegCM5-0_v1-r1_1hr_200004240100-200004250000.nc
clwvi_CSAM-3_ERA5_evaluation_r1i1p1f1_ICTP_RegCM5-0_v1-r1_1hr_200004250100-200004260000.nc
clwvi_CSAM-3_ERA5_evaluation_r1i1p1f1_ICTP_RegCM5-0_v1-r1_1hr_200004260100-200004270000.nc
clwvi_CSAM-3_ERA5_evaluation_r1i1p1f1_ICTP_RegCM5-0_v1-r1_1hr_200004270100-200004280000.nc
clwvi_CSAM-3_ERA5_evaluation_r1i1p1f1_ICTP_RegCM5-0_v1-r1_1hr_200004280100-200004290000.nc
clwvi_CSAM-3_ERA5_evaluation_r1i1p1f1_ICTP_RegCM5-0_v1-r1_1hr_200004290100-200004300000.nc
clwvi_CSAM-3_ERA5_evaluation_r1i1p1f1_ICTP_RegCM5-0_v1-r1_1hr_200004300100-200005010000.nc
clwvi_CSAM-3_ERA5_evaluation_r1i1p1f1_ICTP_RegCM5-0_v1-r1_1hr_200005010100-200005020000.nc
clwvi_CSAM-3_ERA5_evaluation_r1i1p1f1_ICTP_RegCM5-0_v1-r1_1hr_200005020100-200005030000.nc
clwvi_CSAM-3_ERA5_evaluation_r1i1p1f1_ICTP_RegCM5-0_v1-r1_1hr_200005030100-200005040000.nc
clwvi_CSAM-3_ERA5_evaluation_r1i1p1f1_ICTP_RegCM5-0_v1-r1_1hr_200005040100-200005050000.nc
clwvi_CSAM-3_ERA5_evaluation_r1i1p1f1_ICTP_RegCM5-0_v1-r1_1hr_200005050100-200005060000.nc
clwvi_CSAM-3_ERA5_evaluation_r1i1p1f1_ICTP_RegCM5-0_v1-r1_1hr_200005060100-200005070000.nc
clwvi_CSAM-3_ERA5_evaluation_r1i1p1f1_ICTP_RegCM5-0_v1-r1_1hr_200005070100-200005080000.nc
clwvi_CSAM-3_ERA5_evaluation_r1i1p1f1_ICTP_RegCM5-0_v1-r1_1hr_200005080100-200005090000.nc
clwvi_CSAM-3_ERA5_evaluation_r1i1p1f1_ICTP_RegCM5-0_v1-r1_1hr_200005090100-200005100000.nc
clwvi_CSAM-3_ERA5_evaluation_r1i1p1f1_ICTP_RegCM5-0_v1-r1_1hr_200005100100-200005110000.nc
clwvi_CSAM-3_ERA5_evaluation_r1i1p1f1_ICTP_RegCM5-0_v1-r1_1hr_200005110100-200005120000.nc
clwvi_CSAM-3_ERA5_evaluation_r1i1p1f1_ICTP_RegCM5-0_v1-r1_1hr_200005120100-200005130000.nc
clwvi_CSAM-3_ERA5_evaluation_r1i1p1f1_ICTP_RegCM5-0_v1-r1_1hr_200005130100-200005140000.nc
clwvi_CSAM-3_ERA5_evaluation_r1i1p1f1_ICTP_RegCM5-0_v1-r1_1hr_200005140100-200005150000.nc
clwvi_CSAM-3_ERA5_evaluation_r1i1p1f1_ICTP_RegCM5-0_v1-r1_1hr_200005150100-200005160000.nc
clwvi_CSAM-3_ERA5_evaluation_r1i1p1f1_ICTP_RegCM5-0_v1-r1_1hr_200005160100-200005170000.nc
clwvi_CSAM-3_ERA5_evaluation_r1i1p1f1_ICTP_RegCM5-0_v1-r1_1hr_200005170100-200005180000.nc
clwvi_CSAM-3_ERA5_evaluation_r1i1p1f1_ICTP_RegCM5-0_v1-r1_1hr_200005180100-200005190000.nc
clwvi_CSAM-3_ERA5_evaluation_r1i1p1f1_ICTP_RegCM5-0_v1-r1_1hr_200005190100-200005200000.nc
clwvi_CSAM-3_ERA5_evaluation_r1i1p1f1_ICTP_RegCM5-0_v1-r1_1hr_200005200100-200005210000.nc
clwvi_CSAM-3_ERA5_evaluation_r1i1p1f1_ICTP_RegCM5-0_v1-r1_1hr_200005210100-200005220000.nc
clwvi_CSAM-3_ERA5_evaluation_r1i1p1f1_ICTP_RegCM5-0_v1-r1_1hr_200005220100-200005230000.nc
clwvi_CSAM-3_ERA5_evaluation_r1i1p1f1_ICTP_RegCM5-0_v1-r1_1hr_200005230100-200005240000.nc
clwvi_CSAM-3_ERA5_evaluation_r1i1p1f1_ICTP_RegCM5-0_v1-r1_1hr_200005240100-200005250000.nc
clwvi_CSAM-3_ERA5_evaluation_r1i1p1f1_ICTP_RegCM5-0_v1-r1_1hr_200005250100-200005260000.nc
clwvi_CSAM-3_ERA5_evaluation_r1i1p1f1_ICTP_RegCM5-0_v1-r1_1hr_200005260100-200005270000.nc
clwvi_CSAM-3_ERA5_evaluation_r1i1p1f1_ICTP_RegCM5-0_v1-r1_1hr_200005270100-200005280000.nc
clwvi_CSAM-3_ERA5_evaluation_r1i1p1f1_ICTP_RegCM5-0_v1-r1_1hr_200005280100-200005290000.nc
clwvi_CSAM-3_ERA5_evaluation_r1i1p1f1_ICTP_RegCM5-0_v1-r1_1hr_200005290100-200005300000.nc
clwvi_CSAM-3_ERA5_evaluation_r1i1p1f1_ICTP_RegCM5-0_v1-r1_1hr_200005300100-200005310000.nc
clwvi_CSAM-3_ERA5_evaluation_r1i1p1f1_ICTP_RegCM5-0_v1-r1_1hr_200005310100-200006010000.nc
clwvi_CSAM-3_ERA5_evaluation_r1i1p1f1_ICTP_RegCM5-0_v1-r1_1hr_200006010100-200006020000.nc
clwvi_CSAM-3_ERA5_evaluation_r1i1p1f1_ICTP_RegCM5-0_v1-r1_1hr_200006020100-200006030000.nc
clwvi_CSAM-3_ERA5_evaluation_r1i1p1f1_ICTP_RegCM5-0_v1-r1_1hr_200006030100-200006040000.nc
clwvi_CSAM-3_ERA5_evaluation_r1i1p1f1_ICTP_RegCM5-0_v1-r1_1hr_200006040100-200006050000.nc
clwvi_CSAM-3_ERA5_evaluation_r1i1p1f1_ICTP_RegCM5-0_v1-r1_1hr_200006050100-200006060000.nc
clwvi_CSAM-3_ERA5_evaluation_r1i1p1f1_ICTP_RegCM5-0_v1-r1_1hr_200006060100-200006070000.nc
clwvi_CSAM-3_ERA5_evaluation_r1i1p1f1_ICTP_RegCM5-0_v1-r1_1hr_200006070100-200006080000.nc
clwvi_CSAM-3_ERA5_evaluation_r1i1p1f1_ICTP_RegCM5-0_v1-r1_1hr_200006080100-200006090000.nc
clwvi_CSAM-3_ERA5_evaluation_r1i1p1f1_ICTP_RegCM5-0_v1-r1_1hr_200006090100-200006100000.nc
clwvi_CSAM-3_ERA5_evaluation_r1i1p1f1_ICTP_RegCM5-0_v1-r1_1hr_200006100100-200006110000.nc
clwvi_CSAM-3_ERA5_evaluation_r1i1p1f1_ICTP_RegCM5-0_v1-r1_1hr_200006110100-200006120000.nc
clwvi_CSAM-3_ERA5_evaluation_r1i1p1f1_ICTP_RegCM5-0_v1-r1_1hr_200006120100-200006130000.nc
clwvi_CSAM-3_ERA5_evaluation_r1i1p1f1_ICTP_RegCM5-0_v1-r1_1hr_200006130100-200006140000.nc
clwvi_CSAM-3_ERA5_evaluation_r1i1p1f1_ICTP_RegCM5-0_v1-r1_1hr_200006140100-200006150000.nc
clwvi_CSAM-3_ERA5_evaluation_r1i1p1f1_ICTP_RegCM5-0_v1-r1_1hr_200006150100-200006160000.nc
clwvi_CSAM-3_ERA5_evaluation_r1i1p1f1_ICTP_RegCM5-0_v1-r1_1hr_200006160100-200006170000.nc
clwvi_CSAM-3_ERA5_evaluation_r1i1p1f1_ICTP_RegCM5-0_v1-r1_1hr_200006170100-200006180000.nc
clwvi_CSAM-3_ERA5_evaluation_r1i1p1f1_ICTP_RegCM5-0_v1-r1_1hr_200006180100-200006190000.nc
clwvi_CSAM-3_ERA5_evaluation_r1i1p1f1_ICTP_RegCM5-0_v1-r1_1hr_200006190100-200006200000.nc
clwvi_CSAM-3_ERA5_evaluation_r1i1p1f1_ICTP_RegCM5-0_v1-r1_1hr_200006200100-200006210000.nc
clwvi_CSAM-3_ERA5_evaluation_r1i1p1f1_ICTP_RegCM5-0_v1-r1_1hr_200006210100-200006220000.nc
clwvi_CSAM-3_ERA5_evaluation_r1i1p1f1_ICTP_RegCM5-0_v1-r1_1hr_200006220100-200006230000.nc
clwvi_CSAM-3_ERA5_evaluation_r1i1p1f1_ICTP_RegCM5-0_v1-r1_1hr_200006230100-200006240000.nc
clwvi_CSAM-3_ERA5_evaluation_r1i1p1f1_ICTP_RegCM5-0_v1-r1_1hr_200006240100-200006250000.nc
clwvi_CSAM-3_ERA5_evaluation_r1i1p1f1_ICTP_RegCM5-0_v1-r1_1hr_200006250100-200006260000.nc
clwvi_CSAM-3_ERA5_evaluation_r1i1p1f1_ICTP_RegCM5-0_v1-r1_1hr_200006260100-200006270000.nc
clwvi_CSAM-3_ERA5_evaluation_r1i1p1f1_ICTP_RegCM5-0_v1-r1_1hr_200006270100-200006280000.nc
clwvi_CSAM-3_ERA5_evaluation_r1i1p1f1_ICTP_RegCM5-0_v1-r1_1hr_200006280100-200006290000.nc
clwvi_CSAM-3_ERA5_evaluation_r1i1p1f1_ICTP_RegCM5-0_v1-r1_1hr_200006290100-200006300000.nc
clwvi_CSAM-3_ERA5_evaluation_r1i1p1f1_ICTP_RegCM5-0_v1-r1_1hr_200006300100-200007010000.nc
clwvi_CSAM-3_ERA5_evaluation_r1i1p1f1_ICTP_RegCM5-0_v1-r1_1hr_200007010100-200007020000.nc
clwvi_CSAM-3_ERA5_evaluation_r1i1p1f1_ICTP_RegCM5-0_v1-r1_1hr_200007020100-200007030000.nc
clwvi_CSAM-3_ERA5_evaluation_r1i1p1f1_ICTP_RegCM5-0_v1-r1_1hr_200007030100-200007040000.nc
clwvi_CSAM-3_ERA5_evaluation_r1i1p1f1_ICTP_RegCM5-0_v1-r1_1hr_200007040100-200007050000.nc
clwvi_CSAM-3_ERA5_evaluation_r1i1p1f1_ICTP_RegCM5-0_v1-r1_1hr_200007050100-200007060000.nc
clwvi_CSAM-3_ERA5_evaluation_r1i1p1f1_ICTP_RegCM5-0_v1-r1_1hr_200007060100-200007070000.nc
clwvi_CSAM-3_ERA5_evaluation_r1i1p1f1_ICTP_RegCM5-0_v1-r1_1hr_200007070100-200007080000.nc
clwvi_CSAM-3_ERA5_evaluation_r1i1p1f1_ICTP_RegCM5-0_v1-r1_1hr_200007080100-200007090000.nc
clwvi_CSAM-3_ERA5_evaluation_r1i1p1f1_ICTP_RegCM5-0_v1-r1_1hr_200007090100-200007100000.nc
clwvi_CSAM-3_ERA5_evaluation_r1i1p1f1_ICTP_RegCM5-0_v1-r1_1hr_200007100100-200007110000.nc
clwvi_CSAM-3_ERA5_evaluation_r1i1p1f1_ICTP_RegCM5-0_v1-r1_1hr_200007110100-200007120000.nc
clwvi_CSAM-3_ERA5_evaluation_r1i1p1f1_ICTP_RegCM5-0_v1-r1_1hr_200007120100-200007130000.nc
clwvi_CSAM-3_ERA5_evaluation_r1i1p1f1_ICTP_RegCM5-0_v1-r1_1hr_200007130100-200007140000.nc
clwvi_CSAM-3_ERA5_evaluation_r1i1p1f1_ICTP_RegCM5-0_v1-r1_1hr_200007140100-200007150000.nc
clwvi_CSAM-3_ERA5_evaluation_r1i1p1f1_ICTP_RegCM5-0_v1-r1_1hr_200007150100-200007160000.nc
clwvi_CSAM-3_ERA5_evaluation_r1i1p1f1_ICTP_RegCM5-0_v1-r1_1hr_200007160100-200007170000.nc
clwvi_CSAM-3_ERA5_evaluation_r1i1p1f1_ICTP_RegCM5-0_v1-r1_1hr_200007170100-200007180000.nc
clwvi_CSAM-3_ERA5_evaluation_r1i1p1f1_ICTP_RegCM5-0_v1-r1_1hr_200007180100-200007190000.nc
clwvi_CSAM-3_ERA5_evaluation_r1i1p1f1_ICTP_RegCM5-0_v1-r1_1hr_200007190100-200007200000.nc
clwvi_CSAM-3_ERA5_evaluation_r1i1p1f1_ICTP_RegCM5-0_v1-r1_1hr_200007200100-200007210000.nc
clwvi_CSAM-3_ERA5_evaluation_r1i1p1f1_ICTP_RegCM5-0_v1-r1_1hr_200007210100-200007220000.nc
clwvi_CSAM-3_ERA5_evaluation_r1i1p1f1_ICTP_RegCM5-0_v1-r1_1hr_200007220100-200007230000.nc
clwvi_CSAM-3_ERA5_evaluation_r1i1p1f1_ICTP_RegCM5-0_v1-r1_1hr_200007230100-200007240000.nc
clwvi_CSAM-3_ERA5_evaluation_r1i1p1f1_ICTP_RegCM5-0_v1-r1_1hr_200007240100-200007250000.nc
clwvi_CSAM-3_ERA5_evaluation_r1i1p1f1_ICTP_RegCM5-0_v1-r1_1hr_200007250100-200007260000.nc
clwvi_CSAM-3_ERA5_evaluation_r1i1p1f1_ICTP_RegCM5-0_v1-r1_1hr_200007260100-200007270000.nc
clwvi_CSAM-3_ERA5_evaluation_r1i1p1f1_ICTP_RegCM5-0_v1-r1_1hr_200007270100-200007280000.nc
clwvi_CSAM-3_ERA5_evaluation_r1i1p1f1_ICTP_RegCM5-0_v1-r1_1hr_200007280100-200007290000.nc
clwvi_CSAM-3_ERA5_evaluation_r1i1p1f1_ICTP_RegCM5-0_v1-r1_1hr_200007290100-200007300000.nc
clwvi_CSAM-3_ERA5_evaluation_r1i1p1f1_ICTP_RegCM5-0_v1-r1_1hr_200007300100-200007310000.nc
clwvi_CSAM-3_ERA5_evaluation_r1i1p1f1_ICTP_RegCM5-0_v1-r1_1hr_200007310100-200008010000.nc
clwvi_CSAM-3_ERA5_evaluation_r1i1p1f1_ICTP_RegCM5-0_v1-r1_1hr_200008010100-200008020000.nc
clwvi_CSAM-3_ERA5_evaluation_r1i1p1f1_ICTP_RegCM5-0_v1-r1_1hr_200008020100-200008030000.nc
clwvi_CSAM-3_ERA5_evaluation_r1i1p1f1_ICTP_RegCM5-0_v1-r1_1hr_200008030100-200008040000.nc
clwvi_CSAM-3_ERA5_evaluation_r1i1p1f1_ICTP_RegCM5-0_v1-r1_1hr_200008040100-200008050000.nc
clwvi_CSAM-3_ERA5_evaluation_r1i1p1f1_ICTP_RegCM5-0_v1-r1_1hr_200008050100-200008060000.nc
clwvi_CSAM-3_ERA5_evaluation_r1i1p1f1_ICTP_RegCM5-0_v1-r1_1hr_200008060100-200008070000.nc
clwvi_CSAM-3_ERA5_evaluation_r1i1p1f1_ICTP_RegCM5-0_v1-r1_1hr_200008070100-200008080000.nc
clwvi_CSAM-3_ERA5_evaluation_r1i1p1f1_ICTP_RegCM5-0_v1-r1_1hr_200008080100-200008090000.nc
clwvi_CSAM-3_ERA5_evaluation_r1i1p1f1_ICTP_RegCM5-0_v1-r1_1hr_200008090100-200008100000.nc
clwvi_CSAM-3_ERA5_evaluation_r1i1p1f1_ICTP_RegCM5-0_v1-r1_1hr_200008100100-200008110000.nc
clwvi_CSAM-3_ERA5_evaluation_r1i1p1f1_ICTP_RegCM5-0_v1-r1_1hr_200008110100-200008120000.nc
clwvi_CSAM-3_ERA5_evaluation_r1i1p1f1_ICTP_RegCM5-0_v1-r1_1hr_200008120100-200008130000.nc
clwvi_CSAM-3_ERA5_evaluation_r1i1p1f1_ICTP_RegCM5-0_v1-r1_1hr_200008130100-200008140000.nc
clwvi_CSAM-3_ERA5_evaluation_r1i1p1f1_ICTP_RegCM5-0_v1-r1_1hr_200008140100-200008150000.nc
clwvi_CSAM-3_ERA5_evaluation_r1i1p1f1_ICTP_RegCM5-0_v1-r1_1hr_200008150100-200008160000.nc
clwvi_CSAM-3_ERA5_evaluation_r1i1p1f1_ICTP_RegCM5-0_v1-r1_1hr_200008160100-200008170000.nc
clwvi_CSAM-3_ERA5_evaluation_r1i1p1f1_ICTP_RegCM5-0_v1-r1_1hr_200008170100-200008180000.nc
clwvi_CSAM-3_ERA5_evaluation_r1i1p1f1_ICTP_RegCM5-0_v1-r1_1hr_200008180100-200008190000.nc
clwvi_CSAM-3_ERA5_evaluation_r1i1p1f1_ICTP_RegCM5-0_v1-r1_1hr_200008190100-200008200000.nc
clwvi_CSAM-3_ERA5_evaluation_r1i1p1f1_ICTP_RegCM5-0_v1-r1_1hr_200008200100-200008210000.nc
clwvi_CSAM-3_ERA5_evaluation_r1i1p1f1_ICTP_RegCM5-0_v1-r1_1hr_200008210100-200008220000.nc
clwvi_CSAM-3_ERA5_evaluation_r1i1p1f1_ICTP_RegCM5-0_v1-r1_1hr_200008220100-200008230000.nc
clwvi_CSAM-3_ERA5_evaluation_r1i1p1f1_ICTP_RegCM5-0_v1-r1_1hr_200008230100-200008240000.nc
clwvi_CSAM-3_ERA5_evaluation_r1i1p1f1_ICTP_RegCM5-0_v1-r1_1hr_200008240100-200008250000.nc
clwvi_CSAM-3_ERA5_evaluation_r1i1p1f1_ICTP_RegCM5-0_v1-r1_1hr_200008250100-200008260000.nc
clwvi_CSAM-3_ERA5_evaluation_r1i1p1f1_ICTP_RegCM5-0_v1-r1_1hr_200008260100-200008270000.nc
clwvi_CSAM-3_ERA5_evaluation_r1i1p1f1_ICTP_RegCM5-0_v1-r1_1hr_200008270100-200008280000.nc
clwvi_CSAM-3_ERA5_evaluation_r1i1p1f1_ICTP_RegCM5-0_v1-r1_1hr_200008280100-200008290000.nc
clwvi_CSAM-3_ERA5_evaluation_r1i1p1f1_ICTP_RegCM5-0_v1-r1_1hr_200008290100-200008300000.nc
clwvi_CSAM-3_ERA5_evaluation_r1i1p1f1_ICTP_RegCM5-0_v1-r1_1hr_200008300100-200008310000.nc
clwvi_CSAM-3_ERA5_evaluation_r1i1p1f1_ICTP_RegCM5-0_v1-r1_1hr_200008310100-200009010000.nc
clwvi_CSAM-3_ERA5_evaluation_r1i1p1f1_ICTP_RegCM5-0_v1-r1_1hr_200009010100-200009020000.nc
clwvi_CSAM-3_ERA5_evaluation_r1i1p1f1_ICTP_RegCM5-0_v1-r1_1hr_200009020100-200009030000.nc
clwvi_CSAM-3_ERA5_evaluation_r1i1p1f1_ICTP_RegCM5-0_v1-r1_1hr_200009030100-200009040000.nc
clwvi_CSAM-3_ERA5_evaluation_r1i1p1f1_ICTP_RegCM5-0_v1-r1_1hr_200009040100-200009050000.nc
clwvi_CSAM-3_ERA5_evaluation_r1i1p1f1_ICTP_RegCM5-0_v1-r1_1hr_200009050100-200009060000.nc
clwvi_CSAM-3_ERA5_evaluation_r1i1p1f1_ICTP_RegCM5-0_v1-r1_1hr_200009060100-200009070000.nc
clwvi_CSAM-3_ERA5_evaluation_r1i1p1f1_ICTP_RegCM5-0_v1-r1_1hr_200009070100-200009080000.nc
clwvi_CSAM-3_ERA5_evaluation_r1i1p1f1_ICTP_RegCM5-0_v1-r1_1hr_200009080100-200009090000.nc
clwvi_CSAM-3_ERA5_evaluation_r1i1p1f1_ICTP_RegCM5-0_v1-r1_1hr_200009090100-200009100000.nc
clwvi_CSAM-3_ERA5_evaluation_r1i1p1f1_ICTP_RegCM5-0_v1-r1_1hr_200009100100-200009110000.nc
clwvi_CSAM-3_ERA5_evaluation_r1i1p1f1_ICTP_RegCM5-0_v1-r1_1hr_200009110100-200009120000.nc
clwvi_CSAM-3_ERA5_evaluation_r1i1p1f1_ICTP_RegCM5-0_v1-r1_1hr_200009120100-200009130000.nc
clwvi_CSAM-3_ERA5_evaluation_r1i1p1f1_ICTP_RegCM5-0_v1-r1_1hr_200009130100-200009140000.nc
clwvi_CSAM-3_ERA5_evaluation_r1i1p1f1_ICTP_RegCM5-0_v1-r1_1hr_200009140100-200009150000.nc
clwvi_CSAM-3_ERA5_evaluation_r1i1p1f1_ICTP_RegCM5-0_v1-r1_1hr_200009150100-200009160000.nc
clwvi_CSAM-3_ERA5_evaluation_r1i1p1f1_ICTP_RegCM5-0_v1-r1_1hr_200009160100-200009170000.nc
clwvi_CSAM-3_ERA5_evaluation_r1i1p1f1_ICTP_RegCM5-0_v1-r1_1hr_200009170100-200009180000.nc
clwvi_CSAM-3_ERA5_evaluation_r1i1p1f1_ICTP_RegCM5-0_v1-r1_1hr_200009180100-200009190000.nc
clwvi_CSAM-3_ERA5_evaluation_r1i1p1f1_ICTP_RegCM5-0_v1-r1_1hr_200009190100-200009200000.nc
clwvi_CSAM-3_ERA5_evaluation_r1i1p1f1_ICTP_RegCM5-0_v1-r1_1hr_200009200100-200009210000.nc
clwvi_CSAM-3_ERA5_evaluation_r1i1p1f1_ICTP_RegCM5-0_v1-r1_1hr_200009210100-200009220000.nc
clwvi_CSAM-3_ERA5_evaluation_r1i1p1f1_ICTP_RegCM5-0_v1-r1_1hr_200009220100-200009230000.nc
clwvi_CSAM-3_ERA5_evaluation_r1i1p1f1_ICTP_RegCM5-0_v1-r1_1hr_200009230100-200009240000.nc
clwvi_CSAM-3_ERA5_evaluation_r1i1p1f1_ICTP_RegCM5-0_v1-r1_1hr_200009240100-200009250000.nc
clwvi_CSAM-3_ERA5_evaluation_r1i1p1f1_ICTP_RegCM5-0_v1-r1_1hr_200009250100-200009260000.nc
clwvi_CSAM-3_ERA5_evaluation_r1i1p1f1_ICTP_RegCM5-0_v1-r1_1hr_200009260100-200009270000.nc
clwvi_CSAM-3_ERA5_evaluation_r1i1p1f1_ICTP_RegCM5-0_v1-r1_1hr_200009270100-200009280000.nc
clwvi_CSAM-3_ERA5_evaluation_r1i1p1f1_ICTP_RegCM5-0_v1-r1_1hr_200009280100-200009290000.nc
clwvi_CSAM-3_ERA5_evaluation_r1i1p1f1_ICTP_RegCM5-0_v1-r1_1hr_200009290100-200009300000.nc
clwvi_CSAM-3_ERA5_evaluation_r1i1p1f1_ICTP_RegCM5-0_v1-r1_1hr_200009300100-200010010000.nc
clwvi_CSAM-3_ERA5_evaluation_r1i1p1f1_ICTP_RegCM5-0_v1-r1_1hr_200010010100-200010020000.nc
clwvi_CSAM-3_ERA5_evaluation_r1i1p1f1_ICTP_RegCM5-0_v1-r1_1hr_200010020100-200010030000.nc
clwvi_CSAM-3_ERA5_evaluation_r1i1p1f1_ICTP_RegCM5-0_v1-r1_1hr_200010030100-200010040000.nc
clwvi_CSAM-3_ERA5_evaluation_r1i1p1f1_ICTP_RegCM5-0_v1-r1_1hr_200010040100-200010050000.nc
clwvi_CSAM-3_ERA5_evaluation_r1i1p1f1_ICTP_RegCM5-0_v1-r1_1hr_200010050100-200010060000.nc
clwvi_CSAM-3_ERA5_evaluation_r1i1p1f1_ICTP_RegCM5-0_v1-r1_1hr_200010060100-200010070000.nc
clwvi_CSAM-3_ERA5_evaluation_r1i1p1f1_ICTP_RegCM5-0_v1-r1_1hr_200010070100-200010080000.nc
clwvi_CSAM-3_ERA5_evaluation_r1i1p1f1_ICTP_RegCM5-0_v1-r1_1hr_200010080100-200010090000.nc
clwvi_CSAM-3_ERA5_evaluation_r1i1p1f1_ICTP_RegCM5-0_v1-r1_1hr_200010090100-200010100000.nc
clwvi_CSAM-3_ERA5_evaluation_r1i1p1f1_ICTP_RegCM5-0_v1-r1_1hr_200010100100-200010110000.nc
clwvi_CSAM-3_ERA5_evaluation_r1i1p1f1_ICTP_RegCM5-0_v1-r1_1hr_200010110100-200010120000.nc
clwvi_CSAM-3_ERA5_evaluation_r1i1p1f1_ICTP_RegCM5-0_v1-r1_1hr_200010120100-200010130000.nc
clwvi_CSAM-3_ERA5_evaluation_r1i1p1f1_ICTP_RegCM5-0_v1-r1_1hr_200010130100-200010140000.nc
clwvi_CSAM-3_ERA5_evaluation_r1i1p1f1_ICTP_RegCM5-0_v1-r1_1hr_200010140100-200010150000.nc
clwvi_CSAM-3_ERA5_evaluation_r1i1p1f1_ICTP_RegCM5-0_v1-r1_1hr_200010150100-200010160000.nc
clwvi_CSAM-3_ERA5_evaluation_r1i1p1f1_ICTP_RegCM5-0_v1-r1_1hr_200010160100-200010170000.nc
clwvi_CSAM-3_ERA5_evaluation_r1i1p1f1_ICTP_RegCM5-0_v1-r1_1hr_200010170100-200010180000.nc
clwvi_CSAM-3_ERA5_evaluation_r1i1p1f1_ICTP_RegCM5-0_v1-r1_1hr_200010180100-200010190000.nc
clwvi_CSAM-3_ERA5_evaluation_r1i1p1f1_ICTP_RegCM5-0_v1-r1_1hr_200010190100-200010200000.nc
clwvi_CSAM-3_ERA5_evaluation_r1i1p1f1_ICTP_RegCM5-0_v1-r1_1hr_200010200100-200010210000.nc
clwvi_CSAM-3_ERA5_evaluation_r1i1p1f1_ICTP_RegCM5-0_v1-r1_1hr_200010210100-200010220000.nc
clwvi_CSAM-3_ERA5_evaluation_r1i1p1f1_ICTP_RegCM5-0_v1-r1_1hr_200010220100-200010230000.nc
clwvi_CSAM-3_ERA5_evaluation_r1i1p1f1_ICTP_RegCM5-0_v1-r1_1hr_200010230100-200010240000.nc
clwvi_CSAM-3_ERA5_evaluation_r1i1p1f1_ICTP_RegCM5-0_v1-r1_1hr_200010240100-200010250000.nc
clwvi_CSAM-3_ERA5_evaluation_r1i1p1f1_ICTP_RegCM5-0_v1-r1_1hr_200010250100-200010260000.nc
clwvi_CSAM-3_ERA5_evaluation_r1i1p1f1_ICTP_RegCM5-0_v1-r1_1hr_200010260100-200010270000.nc
clwvi_CSAM-3_ERA5_evaluation_r1i1p1f1_ICTP_RegCM5-0_v1-r1_1hr_200010270100-200010280000.nc
clwvi_CSAM-3_ERA5_evaluation_r1i1p1f1_ICTP_RegCM5-0_v1-r1_1hr_200010280100-200010290000.nc
clwvi_CSAM-3_ERA5_evaluation_r1i1p1f1_ICTP_RegCM5-0_v1-r1_1hr_200010290100-200010300000.nc
clwvi_CSAM-3_ERA5_evaluation_r1i1p1f1_ICTP_RegCM5-0_v1-r1_1hr_200010300100-200010310000.nc
clwvi_CSAM-3_ERA5_evaluation_r1i1p1f1_ICTP_RegCM5-0_v1-r1_1hr_200010310100-200011010000.nc
clwvi_CSAM-3_ERA5_evaluation_r1i1p1f1_ICTP_RegCM5-0_v1-r1_1hr_200011010100-200011020000.nc
clwvi_CSAM-3_ERA5_evaluation_r1i1p1f1_ICTP_RegCM5-0_v1-r1_1hr_200011020100-200011030000.nc
clwvi_CSAM-3_ERA5_evaluation_r1i1p1f1_ICTP_RegCM5-0_v1-r1_1hr_200011030100-200011040000.nc
clwvi_CSAM-3_ERA5_evaluation_r1i1p1f1_ICTP_RegCM5-0_v1-r1_1hr_200011040100-200011050000.nc
clwvi_CSAM-3_ERA5_evaluation_r1i1p1f1_ICTP_RegCM5-0_v1-r1_1hr_200011050100-200011060000.nc
clwvi_CSAM-3_ERA5_evaluation_r1i1p1f1_ICTP_RegCM5-0_v1-r1_1hr_200011060100-200011070000.nc
clwvi_CSAM-3_ERA5_evaluation_r1i1p1f1_ICTP_RegCM5-0_v1-r1_1hr_200011070100-200011080000.nc
clwvi_CSAM-3_ERA5_evaluation_r1i1p1f1_ICTP_RegCM5-0_v1-r1_1hr_200011080100-200011090000.nc
clwvi_CSAM-3_ERA5_evaluation_r1i1p1f1_ICTP_RegCM5-0_v1-r1_1hr_200011090100-200011100000.nc
clwvi_CSAM-3_ERA5_evaluation_r1i1p1f1_ICTP_RegCM5-0_v1-r1_1hr_200011100100-200011110000.nc
clwvi_CSAM-3_ERA5_evaluation_r1i1p1f1_ICTP_RegCM5-0_v1-r1_1hr_200011110100-200011120000.nc
clwvi_CSAM-3_ERA5_evaluation_r1i1p1f1_ICTP_RegCM5-0_v1-r1_1hr_200011120100-200011130000.nc
clwvi_CSAM-3_ERA5_evaluation_r1i1p1f1_ICTP_RegCM5-0_v1-r1_1hr_200011130100-200011140000.nc
clwvi_CSAM-3_ERA5_evaluation_r1i1p1f1_ICTP_RegCM5-0_v1-r1_1hr_200011140100-200011150000.nc
clwvi_CSAM-3_ERA5_evaluation_r1i1p1f1_ICTP_RegCM5-0_v1-r1_1hr_200011150100-200011160000.nc
clwvi_CSAM-3_ERA5_evaluation_r1i1p1f1_ICTP_RegCM5-0_v1-r1_1hr_200011160100-200011170000.nc
clwvi_CSAM-3_ERA5_evaluation_r1i1p1f1_ICTP_RegCM5-0_v1-r1_1hr_200011170100-200011180000.nc
clwvi_CSAM-3_ERA5_evaluation_r1i1p1f1_ICTP_RegCM5-0_v1-r1_1hr_200011180100-200011190000.nc
clwvi_CSAM-3_ERA5_evaluation_r1i1p1f1_ICTP_RegCM5-0_v1-r1_1hr_200011190100-200011200000.nc
clwvi_CSAM-3_ERA5_evaluation_r1i1p1f1_ICTP_RegCM5-0_v1-r1_1hr_200011200100-200011210000.nc
clwvi_CSAM-3_ERA5_evaluation_r1i1p1f1_ICTP_RegCM5-0_v1-r1_1hr_200011210100-200011220000.nc
clwvi_CSAM-3_ERA5_evaluation_r1i1p1f1_ICTP_RegCM5-0_v1-r1_1hr_200011220100-200011230000.nc
clwvi_CSAM-3_ERA5_evaluation_r1i1p1f1_ICTP_RegCM5-0_v1-r1_1hr_200011230100-200011240000.nc
clwvi_CSAM-3_ERA5_evaluation_r1i1p1f1_ICTP_RegCM5-0_v1-r1_1hr_200011240100-200011250000.nc
clwvi_CSAM-3_ERA5_evaluation_r1i1p1f1_ICTP_RegCM5-0_v1-r1_1hr_200011250100-200011260000.nc
clwvi_CSAM-3_ERA5_evaluation_r1i1p1f1_ICTP_RegCM5-0_v1-r1_1hr_200011260100-200011270000.nc
clwvi_CSAM-3_ERA5_evaluation_r1i1p1f1_ICTP_RegCM5-0_v1-r1_1hr_200011270100-200011280000.nc
clwvi_CSAM-3_ERA5_evaluation_r1i1p1f1_ICTP_RegCM5-0_v1-r1_1hr_200011280100-200011290000.nc
clwvi_CSAM-3_ERA5_evaluation_r1i1p1f1_ICTP_RegCM5-0_v1-r1_1hr_200011290100-200011300000.nc
clwvi_CSAM-3_ERA5_evaluation_r1i1p1f1_ICTP_RegCM5-0_v1-r1_1hr_200011300100-200012010000.nc
clwvi_CSAM-3_ERA5_evaluation_r1i1p1f1_ICTP_RegCM5-0_v1-r1_1hr_200012010100-200012020000.nc
clwvi_CSAM-3_ERA5_evaluation_r1i1p1f1_ICTP_RegCM5-0_v1-r1_1hr_200012020100-200012030000.nc
clwvi_CSAM-3_ERA5_evaluation_r1i1p1f1_ICTP_RegCM5-0_v1-r1_1hr_200012030100-200012040000.nc
clwvi_CSAM-3_ERA5_evaluation_r1i1p1f1_ICTP_RegCM5-0_v1-r1_1hr_200012040100-200012050000.nc
clwvi_CSAM-3_ERA5_evaluation_r1i1p1f1_ICTP_RegCM5-0_v1-r1_1hr_200012050100-200012060000.nc
clwvi_CSAM-3_ERA5_evaluation_r1i1p1f1_ICTP_RegCM5-0_v1-r1_1hr_200012060100-200012070000.nc
clwvi_CSAM-3_ERA5_evaluation_r1i1p1f1_ICTP_RegCM5-0_v1-r1_1hr_200012070100-200012080000.nc
clwvi_CSAM-3_ERA5_evaluation_r1i1p1f1_ICTP_RegCM5-0_v1-r1_1hr_200012080100-200012090000.nc
clwvi_CSAM-3_ERA5_evaluation_r1i1p1f1_ICTP_RegCM5-0_v1-r1_1hr_200012090100-200012100000.nc
clwvi_CSAM-3_ERA5_evaluation_r1i1p1f1_ICTP_RegCM5-0_v1-r1_1hr_200012100100-200012110000.nc
clwvi_CSAM-3_ERA5_evaluation_r1i1p1f1_ICTP_RegCM5-0_v1-r1_1hr_200012110100-200012120000.nc
clwvi_CSAM-3_ERA5_evaluation_r1i1p1f1_ICTP_RegCM5-0_v1-r1_1hr_200012120100-200012130000.nc
clwvi_CSAM-3_ERA5_evaluation_r1i1p1f1_ICTP_RegCM5-0_v1-r1_1hr_200012130100-200012140000.nc
clwvi_CSAM-3_ERA5_evaluation_r1i1p1f1_ICTP_RegCM5-0_v1-r1_1hr_200012140100-200012150000.nc
clwvi_CSAM-3_ERA5_evaluation_r1i1p1f1_ICTP_RegCM5-0_v1-r1_1hr_200012150100-200012160000.nc
clwvi_CSAM-3_ERA5_evaluation_r1i1p1f1_ICTP_RegCM5-0_v1-r1_1hr_200012160100-200012170000.nc
clwvi_CSAM-3_ERA5_evaluation_r1i1p1f1_ICTP_RegCM5-0_v1-r1_1hr_200012170100-200012180000.nc
clwvi_CSAM-3_ERA5_evaluation_r1i1p1f1_ICTP_RegCM5-0_v1-r1_1hr_200012180100-200012190000.nc
clwvi_CSAM-3_ERA5_evaluation_r1i1p1f1_ICTP_RegCM5-0_v1-r1_1hr_200012190100-200012200000.nc
clwvi_CSAM-3_ERA5_evaluation_r1i1p1f1_ICTP_RegCM5-0_v1-r1_1hr_200012200100-200012210000.nc
clwvi_CSAM-3_ERA5_evaluation_r1i1p1f1_ICTP_RegCM5-0_v1-r1_1hr_200012210100-200012220000.nc
clwvi_CSAM-3_ERA5_evaluation_r1i1p1f1_ICTP_RegCM5-0_v1-r1_1hr_200012220100-200012230000.nc
clwvi_CSAM-3_ERA5_evaluation_r1i1p1f1_ICTP_RegCM5-0_v1-r1_1hr_200012230100-200012240000.nc
clwvi_CSAM-3_ERA5_evaluation_r1i1p1f1_ICTP_RegCM5-0_v1-r1_1hr_200012240100-200012250000.nc
clwvi_CSAM-3_ERA5_evaluation_r1i1p1f1_ICTP_RegCM5-0_v1-r1_1hr_200012250100-200012260000.nc
clwvi_CSAM-3_ERA5_evaluation_r1i1p1f1_ICTP_RegCM5-0_v1-r1_1hr_200012260100-200012270000.nc
clwvi_CSAM-3_ERA5_evaluation_r1i1p1f1_ICTP_RegCM5-0_v1-r1_1hr_200012270100-200012280000.nc
clwvi_CSAM-3_ERA5_evaluation_r1i1p1f1_ICTP_RegCM5-0_v1-r1_1hr_200012280100-200012290000.nc
clwvi_CSAM-3_ERA5_evaluation_r1i1p1f1_ICTP_RegCM5-0_v1-r1_1hr_200012290100-200012300000.nc
clwvi_CSAM-3_ERA5_evaluation_r1i1p1f1_ICTP_RegCM5-0_v1-r1_1hr_200012300100-200012310000.nc
clwvi_CSAM-3_ERA5_evaluation_r1i1p1f1_ICTP_RegCM5-0_v1-r1_1hr_200012310100-200101010000.nc
Files: evspsbl_CSAM-3_ERA5_evaluation_r1i1p1f1_ICTP_RegCM5-0_v1-r1_1hr_200001010100-200001020000.nc
evspsbl_CSAM-3_ERA5_evaluation_r1i1p1f1_ICTP_RegCM5-0_v1-r1_1hr_200001020100-200001030000.nc
evspsbl_CSAM-3_ERA5_evaluation_r1i1p1f1_ICTP_RegCM5-0_v1-r1_1hr_200001030100-200001040000.nc
evspsbl_CSAM-3_ERA5_evaluation_r1i1p1f1_ICTP_RegCM5-0_v1-r1_1hr_200001040100-200001050000.nc
evspsbl_CSAM-3_ERA5_evaluation_r1i1p1f1_ICTP_RegCM5-0_v1-r1_1hr_200001050100-200001060000.nc
evspsbl_CSAM-3_ERA5_evaluation_r1i1p1f1_ICTP_RegCM5-0_v1-r1_1hr_200001060100-200001070000.nc
evspsbl_CSAM-3_ERA5_evaluation_r1i1p1f1_ICTP_RegCM5-0_v1-r1_1hr_200001070100-200001080000.nc
evspsbl_CSAM-3_ERA5_evaluation_r1i1p1f1_ICTP_RegCM5-0_v1-r1_1hr_200001080100-200001090000.nc
evspsbl_CSAM-3_ERA5_evaluation_r1i1p1f1_ICTP_RegCM5-0_v1-r1_1hr_200001090100-200001100000.nc
evspsbl_CSAM-3_ERA5_evaluation_r1i1p1f1_ICTP_RegCM5-0_v1-r1_1hr_200001100100-200001110000.nc
evspsbl_CSAM-3_ERA5_evaluation_r1i1p1f1_ICTP_RegCM5-0_v1-r1_1hr_200001110100-200001120000.nc
evspsbl_CSAM-3_ERA5_evaluation_r1i1p1f1_ICTP_RegCM5-0_v1-r1_1hr_200001120100-200001130000.nc
evspsbl_CSAM-3_ERA5_evaluation_r1i1p1f1_ICTP_RegCM5-0_v1-r1_1hr_200001130100-200001140000.nc
evspsbl_CSAM-3_ERA5_evaluation_r1i1p1f1_ICTP_RegCM5-0_v1-r1_1hr_200001140100-200001150000.nc
evspsbl_CSAM-3_ERA5_evaluation_r1i1p1f1_ICTP_RegCM5-0_v1-r1_1hr_200001150100-200001160000.nc
evspsbl_CSAM-3_ERA5_evaluation_r1i1p1f1_ICTP_RegCM5-0_v1-r1_1hr_200001160100-200001170000.nc
evspsbl_CSAM-3_ERA5_evaluation_r1i1p1f1_ICTP_RegCM5-0_v1-r1_1hr_200001170100-200001180000.nc
evspsbl_CSAM-3_ERA5_evaluation_r1i1p1f1_ICTP_RegCM5-0_v1-r1_1hr_200001180100-200001190000.nc
evspsbl_CSAM-3_ERA5_evaluation_r1i1p1f1_ICTP_RegCM5-0_v1-r1_1hr_200001190100-200001200000.nc
evspsbl_CSAM-3_ERA5_evaluation_r1i1p1f1_ICTP_RegCM5-0_v1-r1_1hr_200001200100-200001210000.nc
evspsbl_CSAM-3_ERA5_evaluation_r1i1p1f1_ICTP_RegCM5-0_v1-r1_1hr_200001210100-200001220000.nc
evspsbl_CSAM-3_ERA5_evaluation_r1i1p1f1_ICTP_RegCM5-0_v1-r1_1hr_200001220100-200001230000.nc
evspsbl_CSAM-3_ERA5_evaluation_r1i1p1f1_ICTP_RegCM5-0_v1-r1_1hr_200001230100-200001240000.nc
evspsbl_CSAM-3_ERA5_evaluation_r1i1p1f1_ICTP_RegCM5-0_v1-r1_1hr_200001240100-200001250000.nc
evspsbl_CSAM-3_ERA5_evaluation_r1i1p1f1_ICTP_RegCM5-0_v1-r1_1hr_200001250100-200001260000.nc
evspsbl_CSAM-3_ERA5_evaluation_r1i1p1f1_ICTP_RegCM5-0_v1-r1_1hr_200001260100-200001270000.nc
evspsbl_CSAM-3_ERA5_evaluation_r1i1p1f1_ICTP_RegCM5-0_v1-r1_1hr_200001270100-200001280000.nc
evspsbl_CSAM-3_ERA5_evaluation_r1i1p1f1_ICTP_RegCM5-0_v1-r1_1hr_200001280100-200001290000.nc
evspsbl_CSAM-3_ERA5_evaluation_r1i1p1f1_ICTP_RegCM5-0_v1-r1_1hr_200001290100-200001300000.nc
evspsbl_CSAM-3_ERA5_evaluation_r1i1p1f1_ICTP_RegCM5-0_v1-r1_1hr_200001300100-200001310000.nc
evspsbl_CSAM-3_ERA5_evaluation_r1i1p1f1_ICTP_RegCM5-0_v1-r1_1hr_200001310100-200002010000.nc
evspsbl_CSAM-3_ERA5_evaluation_r1i1p1f1_ICTP_RegCM5-0_v1-r1_1hr_200002010100-200002020000.nc
evspsbl_CSAM-3_ERA5_evaluation_r1i1p1f1_ICTP_RegCM5-0_v1-r1_1hr_200002020100-200002030000.nc
evspsbl_CSAM-3_ERA5_evaluation_r1i1p1f1_ICTP_RegCM5-0_v1-r1_1hr_200002030100-200002040000.nc
evspsbl_CSAM-3_ERA5_evaluation_r1i1p1f1_ICTP_RegCM5-0_v1-r1_1hr_200002040100-200002050000.nc
evspsbl_CSAM-3_ERA5_evaluation_r1i1p1f1_ICTP_RegCM5-0_v1-r1_1hr_200002050100-200002060000.nc
evspsbl_CSAM-3_ERA5_evaluation_r1i1p1f1_ICTP_RegCM5-0_v1-r1_1hr_200002060100-200002070000.nc
evspsbl_CSAM-3_ERA5_evaluation_r1i1p1f1_ICTP_RegCM5-0_v1-r1_1hr_200002070100-200002080000.nc
evspsbl_CSAM-3_ERA5_evaluation_r1i1p1f1_ICTP_RegCM5-0_v1-r1_1hr_200002080100-200002090000.nc
evspsbl_CSAM-3_ERA5_evaluation_r1i1p1f1_ICTP_RegCM5-0_v1-r1_1hr_200002090100-200002100000.nc
evspsbl_CSAM-3_ERA5_evaluation_r1i1p1f1_ICTP_RegCM5-0_v1-r1_1hr_200002100100-200002110000.nc
evspsbl_CSAM-3_ERA5_evaluation_r1i1p1f1_ICTP_RegCM5-0_v1-r1_1hr_200002110100-200002120000.nc
evspsbl_CSAM-3_ERA5_evaluation_r1i1p1f1_ICTP_RegCM5-0_v1-r1_1hr_200002120100-200002130000.nc
evspsbl_CSAM-3_ERA5_evaluation_r1i1p1f1_ICTP_RegCM5-0_v1-r1_1hr_200002130100-200002140000.nc
evspsbl_CSAM-3_ERA5_evaluation_r1i1p1f1_ICTP_RegCM5-0_v1-r1_1hr_200002140100-200002150000.nc
evspsbl_CSAM-3_ERA5_evaluation_r1i1p1f1_ICTP_RegCM5-0_v1-r1_1hr_200002150100-200002160000.nc
evspsbl_CSAM-3_ERA5_evaluation_r1i1p1f1_ICTP_RegCM5-0_v1-r1_1hr_200002160100-200002170000.nc
evspsbl_CSAM-3_ERA5_evaluation_r1i1p1f1_ICTP_RegCM5-0_v1-r1_1hr_200002170100-200002180000.nc
evspsbl_CSAM-3_ERA5_evaluation_r1i1p1f1_ICTP_RegCM5-0_v1-r1_1hr_200002180100-200002190000.nc
evspsbl_CSAM-3_ERA5_evaluation_r1i1p1f1_ICTP_RegCM5-0_v1-r1_1hr_200002190100-200002200000.nc
evspsbl_CSAM-3_ERA5_evaluation_r1i1p1f1_ICTP_RegCM5-0_v1-r1_1hr_200002200100-200002210000.nc
evspsbl_CSAM-3_ERA5_evaluation_r1i1p1f1_ICTP_RegCM5-0_v1-r1_1hr_200002210100-200002220000.nc
evspsbl_CSAM-3_ERA5_evaluation_r1i1p1f1_ICTP_RegCM5-0_v1-r1_1hr_200002220100-200002230000.nc
evspsbl_CSAM-3_ERA5_evaluation_r1i1p1f1_ICTP_RegCM5-0_v1-r1_1hr_200002230100-200002240000.nc
evspsbl_CSAM-3_ERA5_evaluation_r1i1p1f1_ICTP_RegCM5-0_v1-r1_1hr_200002240100-200002250000.nc
evspsbl_CSAM-3_ERA5_evaluation_r1i1p1f1_ICTP_RegCM5-0_v1-r1_1hr_200002250100-200002260000.nc
evspsbl_CSAM-3_ERA5_evaluation_r1i1p1f1_ICTP_RegCM5-0_v1-r1_1hr_200002260100-200002270000.nc
evspsbl_CSAM-3_ERA5_evaluation_r1i1p1f1_ICTP_RegCM5-0_v1-r1_1hr_200002270100-200002280000.nc
evspsbl_CSAM-3_ERA5_evaluation_r1i1p1f1_ICTP_RegCM5-0_v1-r1_1hr_200002280100-200002290000.nc
evspsbl_CSAM-3_ERA5_evaluation_r1i1p1f1_ICTP_RegCM5-0_v1-r1_1hr_200002290100-200003010000.nc
evspsbl_CSAM-3_ERA5_evaluation_r1i1p1f1_ICTP_RegCM5-0_v1-r1_1hr_200003010100-200003020000.nc
evspsbl_CSAM-3_ERA5_evaluation_r1i1p1f1_ICTP_RegCM5-0_v1-r1_1hr_200003020100-200003030000.nc
evspsbl_CSAM-3_ERA5_evaluation_r1i1p1f1_ICTP_RegCM5-0_v1-r1_1hr_200003030100-200003040000.nc
evspsbl_CSAM-3_ERA5_evaluation_r1i1p1f1_ICTP_RegCM5-0_v1-r1_1hr_200003040100-200003050000.nc
evspsbl_CSAM-3_ERA5_evaluation_r1i1p1f1_ICTP_RegCM5-0_v1-r1_1hr_200003050100-200003060000.nc
evspsbl_CSAM-3_ERA5_evaluation_r1i1p1f1_ICTP_RegCM5-0_v1-r1_1hr_200003060100-200003070000.nc
evspsbl_CSAM-3_ERA5_evaluation_r1i1p1f1_ICTP_RegCM5-0_v1-r1_1hr_200003070100-200003080000.nc
evspsbl_CSAM-3_ERA5_evaluation_r1i1p1f1_ICTP_RegCM5-0_v1-r1_1hr_200003080100-200003090000.nc
evspsbl_CSAM-3_ERA5_evaluation_r1i1p1f1_ICTP_RegCM5-0_v1-r1_1hr_200003090100-200003100000.nc
evspsbl_CSAM-3_ERA5_evaluation_r1i1p1f1_ICTP_RegCM5-0_v1-r1_1hr_200003100100-200003110000.nc
evspsbl_CSAM-3_ERA5_evaluation_r1i1p1f1_ICTP_RegCM5-0_v1-r1_1hr_200003110100-200003120000.nc
evspsbl_CSAM-3_ERA5_evaluation_r1i1p1f1_ICTP_RegCM5-0_v1-r1_1hr_200003120100-200003130000.nc
evspsbl_CSAM-3_ERA5_evaluation_r1i1p1f1_ICTP_RegCM5-0_v1-r1_1hr_200003130100-200003140000.nc
evspsbl_CSAM-3_ERA5_evaluation_r1i1p1f1_ICTP_RegCM5-0_v1-r1_1hr_200003140100-200003150000.nc
evspsbl_CSAM-3_ERA5_evaluation_r1i1p1f1_ICTP_RegCM5-0_v1-r1_1hr_200003150100-200003160000.nc
evspsbl_CSAM-3_ERA5_evaluation_r1i1p1f1_ICTP_RegCM5-0_v1-r1_1hr_200003160100-200003170000.nc
evspsbl_CSAM-3_ERA5_evaluation_r1i1p1f1_ICTP_RegCM5-0_v1-r1_1hr_200003170100-200003180000.nc
evspsbl_CSAM-3_ERA5_evaluation_r1i1p1f1_ICTP_RegCM5-0_v1-r1_1hr_200003180100-200003190000.nc
evspsbl_CSAM-3_ERA5_evaluation_r1i1p1f1_ICTP_RegCM5-0_v1-r1_1hr_200003190100-200003200000.nc
evspsbl_CSAM-3_ERA5_evaluation_r1i1p1f1_ICTP_RegCM5-0_v1-r1_1hr_200003200100-200003210000.nc
evspsbl_CSAM-3_ERA5_evaluation_r1i1p1f1_ICTP_RegCM5-0_v1-r1_1hr_200003210100-200003220000.nc
evspsbl_CSAM-3_ERA5_evaluation_r1i1p1f1_ICTP_RegCM5-0_v1-r1_1hr_200003220100-200003230000.nc
evspsbl_CSAM-3_ERA5_evaluation_r1i1p1f1_ICTP_RegCM5-0_v1-r1_1hr_200003230100-200003240000.nc
evspsbl_CSAM-3_ERA5_evaluation_r1i1p1f1_ICTP_RegCM5-0_v1-r1_1hr_200003240100-200003250000.nc
evspsbl_CSAM-3_ERA5_evaluation_r1i1p1f1_ICTP_RegCM5-0_v1-r1_1hr_200003250100-200003260000.nc
evspsbl_CSAM-3_ERA5_evaluation_r1i1p1f1_ICTP_RegCM5-0_v1-r1_1hr_200003260100-200003270000.nc
evspsbl_CSAM-3_ERA5_evaluation_r1i1p1f1_ICTP_RegCM5-0_v1-r1_1hr_200003270100-200003280000.nc
evspsbl_CSAM-3_ERA5_evaluation_r1i1p1f1_ICTP_RegCM5-0_v1-r1_1hr_200003280100-200003290000.nc
evspsbl_CSAM-3_ERA5_evaluation_r1i1p1f1_ICTP_RegCM5-0_v1-r1_1hr_200003290100-200003300000.nc
evspsbl_CSAM-3_ERA5_evaluation_r1i1p1f1_ICTP_RegCM5-0_v1-r1_1hr_200003300100-200003310000.nc
evspsbl_CSAM-3_ERA5_evaluation_r1i1p1f1_ICTP_RegCM5-0_v1-r1_1hr_200003310100-200004010000.nc
evspsbl_CSAM-3_ERA5_evaluation_r1i1p1f1_ICTP_RegCM5-0_v1-r1_1hr_200004010100-200004020000.nc
evspsbl_CSAM-3_ERA5_evaluation_r1i1p1f1_ICTP_RegCM5-0_v1-r1_1hr_200004020100-200004030000.nc
evspsbl_CSAM-3_ERA5_evaluation_r1i1p1f1_ICTP_RegCM5-0_v1-r1_1hr_200004030100-200004040000.nc
evspsbl_CSAM-3_ERA5_evaluation_r1i1p1f1_ICTP_RegCM5-0_v1-r1_1hr_200004040100-200004050000.nc
evspsbl_CSAM-3_ERA5_evaluation_r1i1p1f1_ICTP_RegCM5-0_v1-r1_1hr_200004050100-200004060000.nc
evspsbl_CSAM-3_ERA5_evaluation_r1i1p1f1_ICTP_RegCM5-0_v1-r1_1hr_200004060100-200004070000.nc
evspsbl_CSAM-3_ERA5_evaluation_r1i1p1f1_ICTP_RegCM5-0_v1-r1_1hr_200004070100-200004080000.nc
evspsbl_CSAM-3_ERA5_evaluation_r1i1p1f1_ICTP_RegCM5-0_v1-r1_1hr_200004080100-200004090000.nc
evspsbl_CSAM-3_ERA5_evaluation_r1i1p1f1_ICTP_RegCM5-0_v1-r1_1hr_200004090100-200004100000.nc
evspsbl_CSAM-3_ERA5_evaluation_r1i1p1f1_ICTP_RegCM5-0_v1-r1_1hr_200004100100-200004110000.nc
evspsbl_CSAM-3_ERA5_evaluation_r1i1p1f1_ICTP_RegCM5-0_v1-r1_1hr_200004110100-200004120000.nc
evspsbl_CSAM-3_ERA5_evaluation_r1i1p1f1_ICTP_RegCM5-0_v1-r1_1hr_200004120100-200004130000.nc
evspsbl_CSAM-3_ERA5_evaluation_r1i1p1f1_ICTP_RegCM5-0_v1-r1_1hr_200004130100-200004140000.nc
evspsbl_CSAM-3_ERA5_evaluation_r1i1p1f1_ICTP_RegCM5-0_v1-r1_1hr_200004140100-200004150000.nc
evspsbl_CSAM-3_ERA5_evaluation_r1i1p1f1_ICTP_RegCM5-0_v1-r1_1hr_200004150100-200004160000.nc
evspsbl_CSAM-3_ERA5_evaluation_r1i1p1f1_ICTP_RegCM5-0_v1-r1_1hr_200004160100-200004170000.nc
evspsbl_CSAM-3_ERA5_evaluation_r1i1p1f1_ICTP_RegCM5-0_v1-r1_1hr_200004170100-200004180000.nc
evspsbl_CSAM-3_ERA5_evaluation_r1i1p1f1_ICTP_RegCM5-0_v1-r1_1hr_200004180100-200004190000.nc
evspsbl_CSAM-3_ERA5_evaluation_r1i1p1f1_ICTP_RegCM5-0_v1-r1_1hr_200004190100-200004200000.nc
evspsbl_CSAM-3_ERA5_evaluation_r1i1p1f1_ICTP_RegCM5-0_v1-r1_1hr_200004200100-200004210000.nc
evspsbl_CSAM-3_ERA5_evaluation_r1i1p1f1_ICTP_RegCM5-0_v1-r1_1hr_200004210100-200004220000.nc
evspsbl_CSAM-3_ERA5_evaluation_r1i1p1f1_ICTP_RegCM5-0_v1-r1_1hr_200004220100-200004230000.nc
evspsbl_CSAM-3_ERA5_evaluation_r1i1p1f1_ICTP_RegCM5-0_v1-r1_1hr_200004230100-200004240000.nc
evspsbl_CSAM-3_ERA5_evaluation_r1i1p1f1_ICTP_RegCM5-0_v1-r1_1hr_200004240100-200004250000.nc
evspsbl_CSAM-3_ERA5_evaluation_r1i1p1f1_ICTP_RegCM5-0_v1-r1_1hr_200004250100-200004260000.nc
evspsbl_CSAM-3_ERA5_evaluation_r1i1p1f1_ICTP_RegCM5-0_v1-r1_1hr_200004260100-200004270000.nc
evspsbl_CSAM-3_ERA5_evaluation_r1i1p1f1_ICTP_RegCM5-0_v1-r1_1hr_200004270100-200004280000.nc
evspsbl_CSAM-3_ERA5_evaluation_r1i1p1f1_ICTP_RegCM5-0_v1-r1_1hr_200004280100-200004290000.nc
evspsbl_CSAM-3_ERA5_evaluation_r1i1p1f1_ICTP_RegCM5-0_v1-r1_1hr_200004290100-200004300000.nc
evspsbl_CSAM-3_ERA5_evaluation_r1i1p1f1_ICTP_RegCM5-0_v1-r1_1hr_200004300100-200005010000.nc
evspsbl_CSAM-3_ERA5_evaluation_r1i1p1f1_ICTP_RegCM5-0_v1-r1_1hr_200005010100-200005020000.nc
evspsbl_CSAM-3_ERA5_evaluation_r1i1p1f1_ICTP_RegCM5-0_v1-r1_1hr_200005020100-200005030000.nc
evspsbl_CSAM-3_ERA5_evaluation_r1i1p1f1_ICTP_RegCM5-0_v1-r1_1hr_200005030100-200005040000.nc
evspsbl_CSAM-3_ERA5_evaluation_r1i1p1f1_ICTP_RegCM5-0_v1-r1_1hr_200005040100-200005050000.nc
evspsbl_CSAM-3_ERA5_evaluation_r1i1p1f1_ICTP_RegCM5-0_v1-r1_1hr_200005050100-200005060000.nc
evspsbl_CSAM-3_ERA5_evaluation_r1i1p1f1_ICTP_RegCM5-0_v1-r1_1hr_200005060100-200005070000.nc
evspsbl_CSAM-3_ERA5_evaluation_r1i1p1f1_ICTP_RegCM5-0_v1-r1_1hr_200005070100-200005080000.nc
evspsbl_CSAM-3_ERA5_evaluation_r1i1p1f1_ICTP_RegCM5-0_v1-r1_1hr_200005080100-200005090000.nc
evspsbl_CSAM-3_ERA5_evaluation_r1i1p1f1_ICTP_RegCM5-0_v1-r1_1hr_200005090100-200005100000.nc
evspsbl_CSAM-3_ERA5_evaluation_r1i1p1f1_ICTP_RegCM5-0_v1-r1_1hr_200005100100-200005110000.nc
evspsbl_CSAM-3_ERA5_evaluation_r1i1p1f1_ICTP_RegCM5-0_v1-r1_1hr_200005110100-200005120000.nc
evspsbl_CSAM-3_ERA5_evaluation_r1i1p1f1_ICTP_RegCM5-0_v1-r1_1hr_200005120100-200005130000.nc
evspsbl_CSAM-3_ERA5_evaluation_r1i1p1f1_ICTP_RegCM5-0_v1-r1_1hr_200005130100-200005140000.nc
evspsbl_CSAM-3_ERA5_evaluation_r1i1p1f1_ICTP_RegCM5-0_v1-r1_1hr_200005140100-200005150000.nc
evspsbl_CSAM-3_ERA5_evaluation_r1i1p1f1_ICTP_RegCM5-0_v1-r1_1hr_200005150100-200005160000.nc
evspsbl_CSAM-3_ERA5_evaluation_r1i1p1f1_ICTP_RegCM5-0_v1-r1_1hr_200005160100-200005170000.nc
evspsbl_CSAM-3_ERA5_evaluation_r1i1p1f1_ICTP_RegCM5-0_v1-r1_1hr_200005170100-200005180000.nc
evspsbl_CSAM-3_ERA5_evaluation_r1i1p1f1_ICTP_RegCM5-0_v1-r1_1hr_200005180100-200005190000.nc
evspsbl_CSAM-3_ERA5_evaluation_r1i1p1f1_ICTP_RegCM5-0_v1-r1_1hr_200005190100-200005200000.nc
evspsbl_CSAM-3_ERA5_evaluation_r1i1p1f1_ICTP_RegCM5-0_v1-r1_1hr_200005200100-200005210000.nc
evspsbl_CSAM-3_ERA5_evaluation_r1i1p1f1_ICTP_RegCM5-0_v1-r1_1hr_200005210100-200005220000.nc
evspsbl_CSAM-3_ERA5_evaluation_r1i1p1f1_ICTP_RegCM5-0_v1-r1_1hr_200005220100-200005230000.nc
evspsbl_CSAM-3_ERA5_evaluation_r1i1p1f1_ICTP_RegCM5-0_v1-r1_1hr_200005230100-200005240000.nc
evspsbl_CSAM-3_ERA5_evaluation_r1i1p1f1_ICTP_RegCM5-0_v1-r1_1hr_200005240100-200005250000.nc
evspsbl_CSAM-3_ERA5_evaluation_r1i1p1f1_ICTP_RegCM5-0_v1-r1_1hr_200005250100-200005260000.nc
evspsbl_CSAM-3_ERA5_evaluation_r1i1p1f1_ICTP_RegCM5-0_v1-r1_1hr_200005260100-200005270000.nc
evspsbl_CSAM-3_ERA5_evaluation_r1i1p1f1_ICTP_RegCM5-0_v1-r1_1hr_200005270100-200005280000.nc
evspsbl_CSAM-3_ERA5_evaluation_r1i1p1f1_ICTP_RegCM5-0_v1-r1_1hr_200005280100-200005290000.nc
evspsbl_CSAM-3_ERA5_evaluation_r1i1p1f1_ICTP_RegCM5-0_v1-r1_1hr_200005290100-200005300000.nc
evspsbl_CSAM-3_ERA5_evaluation_r1i1p1f1_ICTP_RegCM5-0_v1-r1_1hr_200005300100-200005310000.nc
evspsbl_CSAM-3_ERA5_evaluation_r1i1p1f1_ICTP_RegCM5-0_v1-r1_1hr_200005310100-200006010000.nc
evspsbl_CSAM-3_ERA5_evaluation_r1i1p1f1_ICTP_RegCM5-0_v1-r1_1hr_200006010100-200006020000.nc
evspsbl_CSAM-3_ERA5_evaluation_r1i1p1f1_ICTP_RegCM5-0_v1-r1_1hr_200006020100-200006030000.nc
evspsbl_CSAM-3_ERA5_evaluation_r1i1p1f1_ICTP_RegCM5-0_v1-r1_1hr_200006030100-200006040000.nc
evspsbl_CSAM-3_ERA5_evaluation_r1i1p1f1_ICTP_RegCM5-0_v1-r1_1hr_200006040100-200006050000.nc
evspsbl_CSAM-3_ERA5_evaluation_r1i1p1f1_ICTP_RegCM5-0_v1-r1_1hr_200006050100-200006060000.nc
evspsbl_CSAM-3_ERA5_evaluation_r1i1p1f1_ICTP_RegCM5-0_v1-r1_1hr_200006060100-200006070000.nc
evspsbl_CSAM-3_ERA5_evaluation_r1i1p1f1_ICTP_RegCM5-0_v1-r1_1hr_200006070100-200006080000.nc
evspsbl_CSAM-3_ERA5_evaluation_r1i1p1f1_ICTP_RegCM5-0_v1-r1_1hr_200006080100-200006090000.nc
evspsbl_CSAM-3_ERA5_evaluation_r1i1p1f1_ICTP_RegCM5-0_v1-r1_1hr_200006090100-200006100000.nc
evspsbl_CSAM-3_ERA5_evaluation_r1i1p1f1_ICTP_RegCM5-0_v1-r1_1hr_200006100100-200006110000.nc
evspsbl_CSAM-3_ERA5_evaluation_r1i1p1f1_ICTP_RegCM5-0_v1-r1_1hr_200006110100-200006120000.nc
evspsbl_CSAM-3_ERA5_evaluation_r1i1p1f1_ICTP_RegCM5-0_v1-r1_1hr_200006120100-200006130000.nc
evspsbl_CSAM-3_ERA5_evaluation_r1i1p1f1_ICTP_RegCM5-0_v1-r1_1hr_200006130100-200006140000.nc
evspsbl_CSAM-3_ERA5_evaluation_r1i1p1f1_ICTP_RegCM5-0_v1-r1_1hr_200006140100-200006150000.nc
evspsbl_CSAM-3_ERA5_evaluation_r1i1p1f1_ICTP_RegCM5-0_v1-r1_1hr_200006150100-200006160000.nc
evspsbl_CSAM-3_ERA5_evaluation_r1i1p1f1_ICTP_RegCM5-0_v1-r1_1hr_200006160100-200006170000.nc
evspsbl_CSAM-3_ERA5_evaluation_r1i1p1f1_ICTP_RegCM5-0_v1-r1_1hr_200006170100-200006180000.nc
evspsbl_CSAM-3_ERA5_evaluation_r1i1p1f1_ICTP_RegCM5-0_v1-r1_1hr_200006180100-200006190000.nc
evspsbl_CSAM-3_ERA5_evaluation_r1i1p1f1_ICTP_RegCM5-0_v1-r1_1hr_200006190100-200006200000.nc
evspsbl_CSAM-3_ERA5_evaluation_r1i1p1f1_ICTP_RegCM5-0_v1-r1_1hr_200006200100-200006210000.nc
evspsbl_CSAM-3_ERA5_evaluation_r1i1p1f1_ICTP_RegCM5-0_v1-r1_1hr_200006210100-200006220000.nc
evspsbl_CSAM-3_ERA5_evaluation_r1i1p1f1_ICTP_RegCM5-0_v1-r1_1hr_200006220100-200006230000.nc
evspsbl_CSAM-3_ERA5_evaluation_r1i1p1f1_ICTP_RegCM5-0_v1-r1_1hr_200006230100-200006240000.nc
evspsbl_CSAM-3_ERA5_evaluation_r1i1p1f1_ICTP_RegCM5-0_v1-r1_1hr_200006240100-200006250000.nc
evspsbl_CSAM-3_ERA5_evaluation_r1i1p1f1_ICTP_RegCM5-0_v1-r1_1hr_200006250100-200006260000.nc
evspsbl_CSAM-3_ERA5_evaluation_r1i1p1f1_ICTP_RegCM5-0_v1-r1_1hr_200006260100-200006270000.nc
evspsbl_CSAM-3_ERA5_evaluation_r1i1p1f1_ICTP_RegCM5-0_v1-r1_1hr_200006270100-200006280000.nc
evspsbl_CSAM-3_ERA5_evaluation_r1i1p1f1_ICTP_RegCM5-0_v1-r1_1hr_200006280100-200006290000.nc
evspsbl_CSAM-3_ERA5_evaluation_r1i1p1f1_ICTP_RegCM5-0_v1-r1_1hr_200006290100-200006300000.nc
evspsbl_CSAM-3_ERA5_evaluation_r1i1p1f1_ICTP_RegCM5-0_v1-r1_1hr_200006300100-200007010000.nc
evspsbl_CSAM-3_ERA5_evaluation_r1i1p1f1_ICTP_RegCM5-0_v1-r1_1hr_200007010100-200007020000.nc
evspsbl_CSAM-3_ERA5_evaluation_r1i1p1f1_ICTP_RegCM5-0_v1-r1_1hr_200007020100-200007030000.nc
evspsbl_CSAM-3_ERA5_evaluation_r1i1p1f1_ICTP_RegCM5-0_v1-r1_1hr_200007030100-200007040000.nc
evspsbl_CSAM-3_ERA5_evaluation_r1i1p1f1_ICTP_RegCM5-0_v1-r1_1hr_200007040100-200007050000.nc
evspsbl_CSAM-3_ERA5_evaluation_r1i1p1f1_ICTP_RegCM5-0_v1-r1_1hr_200007050100-200007060000.nc
evspsbl_CSAM-3_ERA5_evaluation_r1i1p1f1_ICTP_RegCM5-0_v1-r1_1hr_200007060100-200007070000.nc
evspsbl_CSAM-3_ERA5_evaluation_r1i1p1f1_ICTP_RegCM5-0_v1-r1_1hr_200007070100-200007080000.nc
evspsbl_CSAM-3_ERA5_evaluation_r1i1p1f1_ICTP_RegCM5-0_v1-r1_1hr_200007080100-200007090000.nc
evspsbl_CSAM-3_ERA5_evaluation_r1i1p1f1_ICTP_RegCM5-0_v1-r1_1hr_200007090100-200007100000.nc
evspsbl_CSAM-3_ERA5_evaluation_r1i1p1f1_ICTP_RegCM5-0_v1-r1_1hr_200007100100-200007110000.nc
evspsbl_CSAM-3_ERA5_evaluation_r1i1p1f1_ICTP_RegCM5-0_v1-r1_1hr_200007110100-200007120000.nc
evspsbl_CSAM-3_ERA5_evaluation_r1i1p1f1_ICTP_RegCM5-0_v1-r1_1hr_200007120100-200007130000.nc
evspsbl_CSAM-3_ERA5_evaluation_r1i1p1f1_ICTP_RegCM5-0_v1-r1_1hr_200007130100-200007140000.nc
evspsbl_CSAM-3_ERA5_evaluation_r1i1p1f1_ICTP_RegCM5-0_v1-r1_1hr_200007140100-200007150000.nc
evspsbl_CSAM-3_ERA5_evaluation_r1i1p1f1_ICTP_RegCM5-0_v1-r1_1hr_200007150100-200007160000.nc
evspsbl_CSAM-3_ERA5_evaluation_r1i1p1f1_ICTP_RegCM5-0_v1-r1_1hr_200007160100-200007170000.nc
evspsbl_CSAM-3_ERA5_evaluation_r1i1p1f1_ICTP_RegCM5-0_v1-r1_1hr_200007170100-200007180000.nc
evspsbl_CSAM-3_ERA5_evaluation_r1i1p1f1_ICTP_RegCM5-0_v1-r1_1hr_200007180100-200007190000.nc
evspsbl_CSAM-3_ERA5_evaluation_r1i1p1f1_ICTP_RegCM5-0_v1-r1_1hr_200007190100-200007200000.nc
evspsbl_CSAM-3_ERA5_evaluation_r1i1p1f1_ICTP_RegCM5-0_v1-r1_1hr_200007200100-200007210000.nc
evspsbl_CSAM-3_ERA5_evaluation_r1i1p1f1_ICTP_RegCM5-0_v1-r1_1hr_200007210100-200007220000.nc
evspsbl_CSAM-3_ERA5_evaluation_r1i1p1f1_ICTP_RegCM5-0_v1-r1_1hr_200007220100-200007230000.nc
evspsbl_CSAM-3_ERA5_evaluation_r1i1p1f1_ICTP_RegCM5-0_v1-r1_1hr_200007230100-200007240000.nc
evspsbl_CSAM-3_ERA5_evaluation_r1i1p1f1_ICTP_RegCM5-0_v1-r1_1hr_200007240100-200007250000.nc
evspsbl_CSAM-3_ERA5_evaluation_r1i1p1f1_ICTP_RegCM5-0_v1-r1_1hr_200007250100-200007260000.nc
evspsbl_CSAM-3_ERA5_evaluation_r1i1p1f1_ICTP_RegCM5-0_v1-r1_1hr_200007260100-200007270000.nc
evspsbl_CSAM-3_ERA5_evaluation_r1i1p1f1_ICTP_RegCM5-0_v1-r1_1hr_200007270100-200007280000.nc
evspsbl_CSAM-3_ERA5_evaluation_r1i1p1f1_ICTP_RegCM5-0_v1-r1_1hr_200007280100-200007290000.nc
evspsbl_CSAM-3_ERA5_evaluation_r1i1p1f1_ICTP_RegCM5-0_v1-r1_1hr_200007290100-200007300000.nc
evspsbl_CSAM-3_ERA5_evaluation_r1i1p1f1_ICTP_RegCM5-0_v1-r1_1hr_200007300100-200007310000.nc
evspsbl_CSAM-3_ERA5_evaluation_r1i1p1f1_ICTP_RegCM5-0_v1-r1_1hr_200007310100-200008010000.nc
evspsbl_CSAM-3_ERA5_evaluation_r1i1p1f1_ICTP_RegCM5-0_v1-r1_1hr_200008010100-200008020000.nc
evspsbl_CSAM-3_ERA5_evaluation_r1i1p1f1_ICTP_RegCM5-0_v1-r1_1hr_200008020100-200008030000.nc
evspsbl_CSAM-3_ERA5_evaluation_r1i1p1f1_ICTP_RegCM5-0_v1-r1_1hr_200008030100-200008040000.nc
evspsbl_CSAM-3_ERA5_evaluation_r1i1p1f1_ICTP_RegCM5-0_v1-r1_1hr_200008040100-200008050000.nc
evspsbl_CSAM-3_ERA5_evaluation_r1i1p1f1_ICTP_RegCM5-0_v1-r1_1hr_200008050100-200008060000.nc
evspsbl_CSAM-3_ERA5_evaluation_r1i1p1f1_ICTP_RegCM5-0_v1-r1_1hr_200008060100-200008070000.nc
evspsbl_CSAM-3_ERA5_evaluation_r1i1p1f1_ICTP_RegCM5-0_v1-r1_1hr_200008070100-200008080000.nc
evspsbl_CSAM-3_ERA5_evaluation_r1i1p1f1_ICTP_RegCM5-0_v1-r1_1hr_200008080100-200008090000.nc
evspsbl_CSAM-3_ERA5_evaluation_r1i1p1f1_ICTP_RegCM5-0_v1-r1_1hr_200008090100-200008100000.nc
evspsbl_CSAM-3_ERA5_evaluation_r1i1p1f1_ICTP_RegCM5-0_v1-r1_1hr_200008100100-200008110000.nc
evspsbl_CSAM-3_ERA5_evaluation_r1i1p1f1_ICTP_RegCM5-0_v1-r1_1hr_200008110100-200008120000.nc
evspsbl_CSAM-3_ERA5_evaluation_r1i1p1f1_ICTP_RegCM5-0_v1-r1_1hr_200008120100-200008130000.nc
evspsbl_CSAM-3_ERA5_evaluation_r1i1p1f1_ICTP_RegCM5-0_v1-r1_1hr_200008130100-200008140000.nc
evspsbl_CSAM-3_ERA5_evaluation_r1i1p1f1_ICTP_RegCM5-0_v1-r1_1hr_200008140100-200008150000.nc
evspsbl_CSAM-3_ERA5_evaluation_r1i1p1f1_ICTP_RegCM5-0_v1-r1_1hr_200008150100-200008160000.nc
evspsbl_CSAM-3_ERA5_evaluation_r1i1p1f1_ICTP_RegCM5-0_v1-r1_1hr_200008160100-200008170000.nc
evspsbl_CSAM-3_ERA5_evaluation_r1i1p1f1_ICTP_RegCM5-0_v1-r1_1hr_200008170100-200008180000.nc
evspsbl_CSAM-3_ERA5_evaluation_r1i1p1f1_ICTP_RegCM5-0_v1-r1_1hr_200008180100-200008190000.nc
evspsbl_CSAM-3_ERA5_evaluation_r1i1p1f1_ICTP_RegCM5-0_v1-r1_1hr_200008190100-200008200000.nc
evspsbl_CSAM-3_ERA5_evaluation_r1i1p1f1_ICTP_RegCM5-0_v1-r1_1hr_200008200100-200008210000.nc
evspsbl_CSAM-3_ERA5_evaluation_r1i1p1f1_ICTP_RegCM5-0_v1-r1_1hr_200008210100-200008220000.nc
evspsbl_CSAM-3_ERA5_evaluation_r1i1p1f1_ICTP_RegCM5-0_v1-r1_1hr_200008220100-200008230000.nc
evspsbl_CSAM-3_ERA5_evaluation_r1i1p1f1_ICTP_RegCM5-0_v1-r1_1hr_200008230100-200008240000.nc
evspsbl_CSAM-3_ERA5_evaluation_r1i1p1f1_ICTP_RegCM5-0_v1-r1_1hr_200008240100-200008250000.nc
evspsbl_CSAM-3_ERA5_evaluation_r1i1p1f1_ICTP_RegCM5-0_v1-r1_1hr_200008250100-200008260000.nc
evspsbl_CSAM-3_ERA5_evaluation_r1i1p1f1_ICTP_RegCM5-0_v1-r1_1hr_200008260100-200008270000.nc
evspsbl_CSAM-3_ERA5_evaluation_r1i1p1f1_ICTP_RegCM5-0_v1-r1_1hr_200008270100-200008280000.nc
evspsbl_CSAM-3_ERA5_evaluation_r1i1p1f1_ICTP_RegCM5-0_v1-r1_1hr_200008280100-200008290000.nc
evspsbl_CSAM-3_ERA5_evaluation_r1i1p1f1_ICTP_RegCM5-0_v1-r1_1hr_200008290100-200008300000.nc
evspsbl_CSAM-3_ERA5_evaluation_r1i1p1f1_ICTP_RegCM5-0_v1-r1_1hr_200008300100-200008310000.nc
evspsbl_CSAM-3_ERA5_evaluation_r1i1p1f1_ICTP_RegCM5-0_v1-r1_1hr_200008310100-200009010000.nc
evspsbl_CSAM-3_ERA5_evaluation_r1i1p1f1_ICTP_RegCM5-0_v1-r1_1hr_200009010100-200009020000.nc
evspsbl_CSAM-3_ERA5_evaluation_r1i1p1f1_ICTP_RegCM5-0_v1-r1_1hr_200009020100-200009030000.nc
evspsbl_CSAM-3_ERA5_evaluation_r1i1p1f1_ICTP_RegCM5-0_v1-r1_1hr_200009030100-200009040000.nc
evspsbl_CSAM-3_ERA5_evaluation_r1i1p1f1_ICTP_RegCM5-0_v1-r1_1hr_200009040100-200009050000.nc
evspsbl_CSAM-3_ERA5_evaluation_r1i1p1f1_ICTP_RegCM5-0_v1-r1_1hr_200009050100-200009060000.nc
evspsbl_CSAM-3_ERA5_evaluation_r1i1p1f1_ICTP_RegCM5-0_v1-r1_1hr_200009060100-200009070000.nc
evspsbl_CSAM-3_ERA5_evaluation_r1i1p1f1_ICTP_RegCM5-0_v1-r1_1hr_200009070100-200009080000.nc
evspsbl_CSAM-3_ERA5_evaluation_r1i1p1f1_ICTP_RegCM5-0_v1-r1_1hr_200009080100-200009090000.nc
evspsbl_CSAM-3_ERA5_evaluation_r1i1p1f1_ICTP_RegCM5-0_v1-r1_1hr_200009090100-200009100000.nc
evspsbl_CSAM-3_ERA5_evaluation_r1i1p1f1_ICTP_RegCM5-0_v1-r1_1hr_200009100100-200009110000.nc
evspsbl_CSAM-3_ERA5_evaluation_r1i1p1f1_ICTP_RegCM5-0_v1-r1_1hr_200009110100-200009120000.nc
evspsbl_CSAM-3_ERA5_evaluation_r1i1p1f1_ICTP_RegCM5-0_v1-r1_1hr_200009120100-200009130000.nc
evspsbl_CSAM-3_ERA5_evaluation_r1i1p1f1_ICTP_RegCM5-0_v1-r1_1hr_200009130100-200009140000.nc
evspsbl_CSAM-3_ERA5_evaluation_r1i1p1f1_ICTP_RegCM5-0_v1-r1_1hr_200009140100-200009150000.nc
evspsbl_CSAM-3_ERA5_evaluation_r1i1p1f1_ICTP_RegCM5-0_v1-r1_1hr_200009150100-200009160000.nc
evspsbl_CSAM-3_ERA5_evaluation_r1i1p1f1_ICTP_RegCM5-0_v1-r1_1hr_200009160100-200009170000.nc
evspsbl_CSAM-3_ERA5_evaluation_r1i1p1f1_ICTP_RegCM5-0_v1-r1_1hr_200009170100-200009180000.nc
evspsbl_CSAM-3_ERA5_evaluation_r1i1p1f1_ICTP_RegCM5-0_v1-r1_1hr_200009180100-200009190000.nc
evspsbl_CSAM-3_ERA5_evaluation_r1i1p1f1_ICTP_RegCM5-0_v1-r1_1hr_200009190100-200009200000.nc
evspsbl_CSAM-3_ERA5_evaluation_r1i1p1f1_ICTP_RegCM5-0_v1-r1_1hr_200009200100-200009210000.nc
evspsbl_CSAM-3_ERA5_evaluation_r1i1p1f1_ICTP_RegCM5-0_v1-r1_1hr_200009210100-200009220000.nc
evspsbl_CSAM-3_ERA5_evaluation_r1i1p1f1_ICTP_RegCM5-0_v1-r1_1hr_200009220100-200009230000.nc
evspsbl_CSAM-3_ERA5_evaluation_r1i1p1f1_ICTP_RegCM5-0_v1-r1_1hr_200009230100-200009240000.nc
evspsbl_CSAM-3_ERA5_evaluation_r1i1p1f1_ICTP_RegCM5-0_v1-r1_1hr_200009240100-200009250000.nc
evspsbl_CSAM-3_ERA5_evaluation_r1i1p1f1_ICTP_RegCM5-0_v1-r1_1hr_200009250100-200009260000.nc
evspsbl_CSAM-3_ERA5_evaluation_r1i1p1f1_ICTP_RegCM5-0_v1-r1_1hr_200009260100-200009270000.nc
evspsbl_CSAM-3_ERA5_evaluation_r1i1p1f1_ICTP_RegCM5-0_v1-r1_1hr_200009270100-200009280000.nc
evspsbl_CSAM-3_ERA5_evaluation_r1i1p1f1_ICTP_RegCM5-0_v1-r1_1hr_200009280100-200009290000.nc
evspsbl_CSAM-3_ERA5_evaluation_r1i1p1f1_ICTP_RegCM5-0_v1-r1_1hr_200009290100-200009300000.nc
evspsbl_CSAM-3_ERA5_evaluation_r1i1p1f1_ICTP_RegCM5-0_v1-r1_1hr_200009300100-200010010000.nc
evspsbl_CSAM-3_ERA5_evaluation_r1i1p1f1_ICTP_RegCM5-0_v1-r1_1hr_200010010100-200010020000.nc
evspsbl_CSAM-3_ERA5_evaluation_r1i1p1f1_ICTP_RegCM5-0_v1-r1_1hr_200010020100-200010030000.nc
evspsbl_CSAM-3_ERA5_evaluation_r1i1p1f1_ICTP_RegCM5-0_v1-r1_1hr_200010030100-200010040000.nc
evspsbl_CSAM-3_ERA5_evaluation_r1i1p1f1_ICTP_RegCM5-0_v1-r1_1hr_200010040100-200010050000.nc
evspsbl_CSAM-3_ERA5_evaluation_r1i1p1f1_ICTP_RegCM5-0_v1-r1_1hr_200010050100-200010060000.nc
evspsbl_CSAM-3_ERA5_evaluation_r1i1p1f1_ICTP_RegCM5-0_v1-r1_1hr_200010060100-200010070000.nc
evspsbl_CSAM-3_ERA5_evaluation_r1i1p1f1_ICTP_RegCM5-0_v1-r1_1hr_200010070100-200010080000.nc
evspsbl_CSAM-3_ERA5_evaluation_r1i1p1f1_ICTP_RegCM5-0_v1-r1_1hr_200010080100-200010090000.nc
evspsbl_CSAM-3_ERA5_evaluation_r1i1p1f1_ICTP_RegCM5-0_v1-r1_1hr_200010090100-200010100000.nc
evspsbl_CSAM-3_ERA5_evaluation_r1i1p1f1_ICTP_RegCM5-0_v1-r1_1hr_200010100100-200010110000.nc
evspsbl_CSAM-3_ERA5_evaluation_r1i1p1f1_ICTP_RegCM5-0_v1-r1_1hr_200010110100-200010120000.nc
evspsbl_CSAM-3_ERA5_evaluation_r1i1p1f1_ICTP_RegCM5-0_v1-r1_1hr_200010120100-200010130000.nc
evspsbl_CSAM-3_ERA5_evaluation_r1i1p1f1_ICTP_RegCM5-0_v1-r1_1hr_200010130100-200010140000.nc
evspsbl_CSAM-3_ERA5_evaluation_r1i1p1f1_ICTP_RegCM5-0_v1-r1_1hr_200010140100-200010150000.nc
evspsbl_CSAM-3_ERA5_evaluation_r1i1p1f1_ICTP_RegCM5-0_v1-r1_1hr_200010150100-200010160000.nc
evspsbl_CSAM-3_ERA5_evaluation_r1i1p1f1_ICTP_RegCM5-0_v1-r1_1hr_200010160100-200010170000.nc
evspsbl_CSAM-3_ERA5_evaluation_r1i1p1f1_ICTP_RegCM5-0_v1-r1_1hr_200010170100-200010180000.nc
evspsbl_CSAM-3_ERA5_evaluation_r1i1p1f1_ICTP_RegCM5-0_v1-r1_1hr_200010180100-200010190000.nc
evspsbl_CSAM-3_ERA5_evaluation_r1i1p1f1_ICTP_RegCM5-0_v1-r1_1hr_200010190100-200010200000.nc
evspsbl_CSAM-3_ERA5_evaluation_r1i1p1f1_ICTP_RegCM5-0_v1-r1_1hr_200010200100-200010210000.nc
evspsbl_CSAM-3_ERA5_evaluation_r1i1p1f1_ICTP_RegCM5-0_v1-r1_1hr_200010210100-200010220000.nc
evspsbl_CSAM-3_ERA5_evaluation_r1i1p1f1_ICTP_RegCM5-0_v1-r1_1hr_200010220100-200010230000.nc
evspsbl_CSAM-3_ERA5_evaluation_r1i1p1f1_ICTP_RegCM5-0_v1-r1_1hr_200010230100-200010240000.nc
evspsbl_CSAM-3_ERA5_evaluation_r1i1p1f1_ICTP_RegCM5-0_v1-r1_1hr_200010240100-200010250000.nc
evspsbl_CSAM-3_ERA5_evaluation_r1i1p1f1_ICTP_RegCM5-0_v1-r1_1hr_200010250100-200010260000.nc
evspsbl_CSAM-3_ERA5_evaluation_r1i1p1f1_ICTP_RegCM5-0_v1-r1_1hr_200010260100-200010270000.nc
evspsbl_CSAM-3_ERA5_evaluation_r1i1p1f1_ICTP_RegCM5-0_v1-r1_1hr_200010270100-200010280000.nc
evspsbl_CSAM-3_ERA5_evaluation_r1i1p1f1_ICTP_RegCM5-0_v1-r1_1hr_200010280100-200010290000.nc
evspsbl_CSAM-3_ERA5_evaluation_r1i1p1f1_ICTP_RegCM5-0_v1-r1_1hr_200010290100-200010300000.nc
evspsbl_CSAM-3_ERA5_evaluation_r1i1p1f1_ICTP_RegCM5-0_v1-r1_1hr_200010300100-200010310000.nc
evspsbl_CSAM-3_ERA5_evaluation_r1i1p1f1_ICTP_RegCM5-0_v1-r1_1hr_200010310100-200011010000.nc
evspsbl_CSAM-3_ERA5_evaluation_r1i1p1f1_ICTP_RegCM5-0_v1-r1_1hr_200011010100-200011020000.nc
evspsbl_CSAM-3_ERA5_evaluation_r1i1p1f1_ICTP_RegCM5-0_v1-r1_1hr_200011020100-200011030000.nc
evspsbl_CSAM-3_ERA5_evaluation_r1i1p1f1_ICTP_RegCM5-0_v1-r1_1hr_200011030100-200011040000.nc
evspsbl_CSAM-3_ERA5_evaluation_r1i1p1f1_ICTP_RegCM5-0_v1-r1_1hr_200011040100-200011050000.nc
evspsbl_CSAM-3_ERA5_evaluation_r1i1p1f1_ICTP_RegCM5-0_v1-r1_1hr_200011050100-200011060000.nc
evspsbl_CSAM-3_ERA5_evaluation_r1i1p1f1_ICTP_RegCM5-0_v1-r1_1hr_200011060100-200011070000.nc
evspsbl_CSAM-3_ERA5_evaluation_r1i1p1f1_ICTP_RegCM5-0_v1-r1_1hr_200011070100-200011080000.nc
evspsbl_CSAM-3_ERA5_evaluation_r1i1p1f1_ICTP_RegCM5-0_v1-r1_1hr_200011080100-200011090000.nc
evspsbl_CSAM-3_ERA5_evaluation_r1i1p1f1_ICTP_RegCM5-0_v1-r1_1hr_200011090100-200011100000.nc
evspsbl_CSAM-3_ERA5_evaluation_r1i1p1f1_ICTP_RegCM5-0_v1-r1_1hr_200011100100-200011110000.nc
evspsbl_CSAM-3_ERA5_evaluation_r1i1p1f1_ICTP_RegCM5-0_v1-r1_1hr_200011110100-200011120000.nc
evspsbl_CSAM-3_ERA5_evaluation_r1i1p1f1_ICTP_RegCM5-0_v1-r1_1hr_200011120100-200011130000.nc
evspsbl_CSAM-3_ERA5_evaluation_r1i1p1f1_ICTP_RegCM5-0_v1-r1_1hr_200011130100-200011140000.nc
evspsbl_CSAM-3_ERA5_evaluation_r1i1p1f1_ICTP_RegCM5-0_v1-r1_1hr_200011140100-200011150000.nc
evspsbl_CSAM-3_ERA5_evaluation_r1i1p1f1_ICTP_RegCM5-0_v1-r1_1hr_200011150100-200011160000.nc
evspsbl_CSAM-3_ERA5_evaluation_r1i1p1f1_ICTP_RegCM5-0_v1-r1_1hr_200011160100-200011170000.nc
evspsbl_CSAM-3_ERA5_evaluation_r1i1p1f1_ICTP_RegCM5-0_v1-r1_1hr_200011170100-200011180000.nc
evspsbl_CSAM-3_ERA5_evaluation_r1i1p1f1_ICTP_RegCM5-0_v1-r1_1hr_200011180100-200011190000.nc
evspsbl_CSAM-3_ERA5_evaluation_r1i1p1f1_ICTP_RegCM5-0_v1-r1_1hr_200011190100-200011200000.nc
evspsbl_CSAM-3_ERA5_evaluation_r1i1p1f1_ICTP_RegCM5-0_v1-r1_1hr_200011200100-200011210000.nc
evspsbl_CSAM-3_ERA5_evaluation_r1i1p1f1_ICTP_RegCM5-0_v1-r1_1hr_200011210100-200011220000.nc
evspsbl_CSAM-3_ERA5_evaluation_r1i1p1f1_ICTP_RegCM5-0_v1-r1_1hr_200011220100-200011230000.nc
evspsbl_CSAM-3_ERA5_evaluation_r1i1p1f1_ICTP_RegCM5-0_v1-r1_1hr_200011230100-200011240000.nc
evspsbl_CSAM-3_ERA5_evaluation_r1i1p1f1_ICTP_RegCM5-0_v1-r1_1hr_200011240100-200011250000.nc
evspsbl_CSAM-3_ERA5_evaluation_r1i1p1f1_ICTP_RegCM5-0_v1-r1_1hr_200011250100-200011260000.nc
evspsbl_CSAM-3_ERA5_evaluation_r1i1p1f1_ICTP_RegCM5-0_v1-r1_1hr_200011260100-200011270000.nc
evspsbl_CSAM-3_ERA5_evaluation_r1i1p1f1_ICTP_RegCM5-0_v1-r1_1hr_200011270100-200011280000.nc
evspsbl_CSAM-3_ERA5_evaluation_r1i1p1f1_ICTP_RegCM5-0_v1-r1_1hr_200011280100-200011290000.nc
evspsbl_CSAM-3_ERA5_evaluation_r1i1p1f1_ICTP_RegCM5-0_v1-r1_1hr_200011290100-200011300000.nc
evspsbl_CSAM-3_ERA5_evaluation_r1i1p1f1_ICTP_RegCM5-0_v1-r1_1hr_200011300100-200012010000.nc
evspsbl_CSAM-3_ERA5_evaluation_r1i1p1f1_ICTP_RegCM5-0_v1-r1_1hr_200012010100-200012020000.nc
evspsbl_CSAM-3_ERA5_evaluation_r1i1p1f1_ICTP_RegCM5-0_v1-r1_1hr_200012020100-200012030000.nc
evspsbl_CSAM-3_ERA5_evaluation_r1i1p1f1_ICTP_RegCM5-0_v1-r1_1hr_200012030100-200012040000.nc
evspsbl_CSAM-3_ERA5_evaluation_r1i1p1f1_ICTP_RegCM5-0_v1-r1_1hr_200012040100-200012050000.nc
evspsbl_CSAM-3_ERA5_evaluation_r1i1p1f1_ICTP_RegCM5-0_v1-r1_1hr_200012050100-200012060000.nc
evspsbl_CSAM-3_ERA5_evaluation_r1i1p1f1_ICTP_RegCM5-0_v1-r1_1hr_200012060100-200012070000.nc
evspsbl_CSAM-3_ERA5_evaluation_r1i1p1f1_ICTP_RegCM5-0_v1-r1_1hr_200012070100-200012080000.nc
evspsbl_CSAM-3_ERA5_evaluation_r1i1p1f1_ICTP_RegCM5-0_v1-r1_1hr_200012080100-200012090000.nc
evspsbl_CSAM-3_ERA5_evaluation_r1i1p1f1_ICTP_RegCM5-0_v1-r1_1hr_200012090100-200012100000.nc
evspsbl_CSAM-3_ERA5_evaluation_r1i1p1f1_ICTP_RegCM5-0_v1-r1_1hr_200012100100-200012110000.nc
evspsbl_CSAM-3_ERA5_evaluation_r1i1p1f1_ICTP_RegCM5-0_v1-r1_1hr_200012110100-200012120000.nc
evspsbl_CSAM-3_ERA5_evaluation_r1i1p1f1_ICTP_RegCM5-0_v1-r1_1hr_200012120100-200012130000.nc
evspsbl_CSAM-3_ERA5_evaluation_r1i1p1f1_ICTP_RegCM5-0_v1-r1_1hr_200012130100-200012140000.nc
evspsbl_CSAM-3_ERA5_evaluation_r1i1p1f1_ICTP_RegCM5-0_v1-r1_1hr_200012140100-200012150000.nc
evspsbl_CSAM-3_ERA5_evaluation_r1i1p1f1_ICTP_RegCM5-0_v1-r1_1hr_200012150100-200012160000.nc
evspsbl_CSAM-3_ERA5_evaluation_r1i1p1f1_ICTP_RegCM5-0_v1-r1_1hr_200012160100-200012170000.nc
evspsbl_CSAM-3_ERA5_evaluation_r1i1p1f1_ICTP_RegCM5-0_v1-r1_1hr_200012170100-200012180000.nc
evspsbl_CSAM-3_ERA5_evaluation_r1i1p1f1_ICTP_RegCM5-0_v1-r1_1hr_200012180100-200012190000.nc
evspsbl_CSAM-3_ERA5_evaluation_r1i1p1f1_ICTP_RegCM5-0_v1-r1_1hr_200012190100-200012200000.nc
evspsbl_CSAM-3_ERA5_evaluation_r1i1p1f1_ICTP_RegCM5-0_v1-r1_1hr_200012200100-200012210000.nc
evspsbl_CSAM-3_ERA5_evaluation_r1i1p1f1_ICTP_RegCM5-0_v1-r1_1hr_200012210100-200012220000.nc
evspsbl_CSAM-3_ERA5_evaluation_r1i1p1f1_ICTP_RegCM5-0_v1-r1_1hr_200012220100-200012230000.nc
evspsbl_CSAM-3_ERA5_evaluation_r1i1p1f1_ICTP_RegCM5-0_v1-r1_1hr_200012230100-200012240000.nc
evspsbl_CSAM-3_ERA5_evaluation_r1i1p1f1_ICTP_RegCM5-0_v1-r1_1hr_200012240100-200012250000.nc
evspsbl_CSAM-3_ERA5_evaluation_r1i1p1f1_ICTP_RegCM5-0_v1-r1_1hr_200012250100-200012260000.nc
evspsbl_CSAM-3_ERA5_evaluation_r1i1p1f1_ICTP_RegCM5-0_v1-r1_1hr_200012260100-200012270000.nc
evspsbl_CSAM-3_ERA5_evaluation_r1i1p1f1_ICTP_RegCM5-0_v1-r1_1hr_200012270100-200012280000.nc
evspsbl_CSAM-3_ERA5_evaluation_r1i1p1f1_ICTP_RegCM5-0_v1-r1_1hr_200012280100-200012290000.nc
evspsbl_CSAM-3_ERA5_evaluation_r1i1p1f1_ICTP_RegCM5-0_v1-r1_1hr_200012290100-200012300000.nc
evspsbl_CSAM-3_ERA5_evaluation_r1i1p1f1_ICTP_RegCM5-0_v1-r1_1hr_200012300100-200012310000.nc
evspsbl_CSAM-3_ERA5_evaluation_r1i1p1f1_ICTP_RegCM5-0_v1-r1_1hr_200012310100-200101010000.nc
Files: evspsblpot_CSAM-3_ERA5_evaluation_r1i1p1f1_ICTP_RegCM5-0_v1-r1_1hr_200001010100-200001020000.nc
evspsblpot_CSAM-3_ERA5_evaluation_r1i1p1f1_ICTP_RegCM5-0_v1-r1_1hr_200001020100-200001030000.nc
evspsblpot_CSAM-3_ERA5_evaluation_r1i1p1f1_ICTP_RegCM5-0_v1-r1_1hr_200001030100-200001040000.nc
evspsblpot_CSAM-3_ERA5_evaluation_r1i1p1f1_ICTP_RegCM5-0_v1-r1_1hr_200001040100-200001050000.nc
evspsblpot_CSAM-3_ERA5_evaluation_r1i1p1f1_ICTP_RegCM5-0_v1-r1_1hr_200001050100-200001060000.nc
evspsblpot_CSAM-3_ERA5_evaluation_r1i1p1f1_ICTP_RegCM5-0_v1-r1_1hr_200001060100-200001070000.nc
evspsblpot_CSAM-3_ERA5_evaluation_r1i1p1f1_ICTP_RegCM5-0_v1-r1_1hr_200001070100-200001080000.nc
evspsblpot_CSAM-3_ERA5_evaluation_r1i1p1f1_ICTP_RegCM5-0_v1-r1_1hr_200001080100-200001090000.nc
evspsblpot_CSAM-3_ERA5_evaluation_r1i1p1f1_ICTP_RegCM5-0_v1-r1_1hr_200001090100-200001100000.nc
evspsblpot_CSAM-3_ERA5_evaluation_r1i1p1f1_ICTP_RegCM5-0_v1-r1_1hr_200001100100-200001110000.nc
evspsblpot_CSAM-3_ERA5_evaluation_r1i1p1f1_ICTP_RegCM5-0_v1-r1_1hr_200001110100-200001120000.nc
evspsblpot_CSAM-3_ERA5_evaluation_r1i1p1f1_ICTP_RegCM5-0_v1-r1_1hr_200001120100-200001130000.nc
evspsblpot_CSAM-3_ERA5_evaluation_r1i1p1f1_ICTP_RegCM5-0_v1-r1_1hr_200001130100-200001140000.nc
evspsblpot_CSAM-3_ERA5_evaluation_r1i1p1f1_ICTP_RegCM5-0_v1-r1_1hr_200001140100-200001150000.nc
evspsblpot_CSAM-3_ERA5_evaluation_r1i1p1f1_ICTP_RegCM5-0_v1-r1_1hr_200001150100-200001160000.nc
evspsblpot_CSAM-3_ERA5_evaluation_r1i1p1f1_ICTP_RegCM5-0_v1-r1_1hr_200001160100-200001170000.nc
evspsblpot_CSAM-3_ERA5_evaluation_r1i1p1f1_ICTP_RegCM5-0_v1-r1_1hr_200001170100-200001180000.nc
evspsblpot_CSAM-3_ERA5_evaluation_r1i1p1f1_ICTP_RegCM5-0_v1-r1_1hr_200001180100-200001190000.nc
evspsblpot_CSAM-3_ERA5_evaluation_r1i1p1f1_ICTP_RegCM5-0_v1-r1_1hr_200001190100-200001200000.nc
evspsblpot_CSAM-3_ERA5_evaluation_r1i1p1f1_ICTP_RegCM5-0_v1-r1_1hr_200001200100-200001210000.nc
evspsblpot_CSAM-3_ERA5_evaluation_r1i1p1f1_ICTP_RegCM5-0_v1-r1_1hr_200001210100-200001220000.nc
evspsblpot_CSAM-3_ERA5_evaluation_r1i1p1f1_ICTP_RegCM5-0_v1-r1_1hr_200001220100-200001230000.nc
evspsblpot_CSAM-3_ERA5_evaluation_r1i1p1f1_ICTP_RegCM5-0_v1-r1_1hr_200001230100-200001240000.nc
evspsblpot_CSAM-3_ERA5_evaluation_r1i1p1f1_ICTP_RegCM5-0_v1-r1_1hr_200001240100-200001250000.nc
evspsblpot_CSAM-3_ERA5_evaluation_r1i1p1f1_ICTP_RegCM5-0_v1-r1_1hr_200001250100-200001260000.nc
evspsblpot_CSAM-3_ERA5_evaluation_r1i1p1f1_ICTP_RegCM5-0_v1-r1_1hr_200001260100-200001270000.nc
evspsblpot_CSAM-3_ERA5_evaluation_r1i1p1f1_ICTP_RegCM5-0_v1-r1_1hr_200001270100-200001280000.nc
evspsblpot_CSAM-3_ERA5_evaluation_r1i1p1f1_ICTP_RegCM5-0_v1-r1_1hr_200001280100-200001290000.nc
evspsblpot_CSAM-3_ERA5_evaluation_r1i1p1f1_ICTP_RegCM5-0_v1-r1_1hr_200001290100-200001300000.nc
evspsblpot_CSAM-3_ERA5_evaluation_r1i1p1f1_ICTP_RegCM5-0_v1-r1_1hr_200001300100-200001310000.nc
evspsblpot_CSAM-3_ERA5_evaluation_r1i1p1f1_ICTP_RegCM5-0_v1-r1_1hr_200001310100-200002010000.nc
evspsblpot_CSAM-3_ERA5_evaluation_r1i1p1f1_ICTP_RegCM5-0_v1-r1_1hr_200002010100-200002020000.nc
evspsblpot_CSAM-3_ERA5_evaluation_r1i1p1f1_ICTP_RegCM5-0_v1-r1_1hr_200002020100-200002030000.nc
evspsblpot_CSAM-3_ERA5_evaluation_r1i1p1f1_ICTP_RegCM5-0_v1-r1_1hr_200002030100-200002040000.nc
evspsblpot_CSAM-3_ERA5_evaluation_r1i1p1f1_ICTP_RegCM5-0_v1-r1_1hr_200002040100-200002050000.nc
evspsblpot_CSAM-3_ERA5_evaluation_r1i1p1f1_ICTP_RegCM5-0_v1-r1_1hr_200002050100-200002060000.nc
evspsblpot_CSAM-3_ERA5_evaluation_r1i1p1f1_ICTP_RegCM5-0_v1-r1_1hr_200002060100-200002070000.nc
evspsblpot_CSAM-3_ERA5_evaluation_r1i1p1f1_ICTP_RegCM5-0_v1-r1_1hr_200002070100-200002080000.nc
evspsblpot_CSAM-3_ERA5_evaluation_r1i1p1f1_ICTP_RegCM5-0_v1-r1_1hr_200002080100-200002090000.nc
evspsblpot_CSAM-3_ERA5_evaluation_r1i1p1f1_ICTP_RegCM5-0_v1-r1_1hr_200002090100-200002100000.nc
evspsblpot_CSAM-3_ERA5_evaluation_r1i1p1f1_ICTP_RegCM5-0_v1-r1_1hr_200002100100-200002110000.nc
evspsblpot_CSAM-3_ERA5_evaluation_r1i1p1f1_ICTP_RegCM5-0_v1-r1_1hr_200002110100-200002120000.nc
evspsblpot_CSAM-3_ERA5_evaluation_r1i1p1f1_ICTP_RegCM5-0_v1-r1_1hr_200002120100-200002130000.nc
evspsblpot_CSAM-3_ERA5_evaluation_r1i1p1f1_ICTP_RegCM5-0_v1-r1_1hr_200002130100-200002140000.nc
evspsblpot_CSAM-3_ERA5_evaluation_r1i1p1f1_ICTP_RegCM5-0_v1-r1_1hr_200002140100-200002150000.nc
evspsblpot_CSAM-3_ERA5_evaluation_r1i1p1f1_ICTP_RegCM5-0_v1-r1_1hr_200002150100-200002160000.nc
evspsblpot_CSAM-3_ERA5_evaluation_r1i1p1f1_ICTP_RegCM5-0_v1-r1_1hr_200002160100-200002170000.nc
evspsblpot_CSAM-3_ERA5_evaluation_r1i1p1f1_ICTP_RegCM5-0_v1-r1_1hr_200002170100-200002180000.nc
evspsblpot_CSAM-3_ERA5_evaluation_r1i1p1f1_ICTP_RegCM5-0_v1-r1_1hr_200002180100-200002190000.nc
evspsblpot_CSAM-3_ERA5_evaluation_r1i1p1f1_ICTP_RegCM5-0_v1-r1_1hr_200002190100-200002200000.nc
evspsblpot_CSAM-3_ERA5_evaluation_r1i1p1f1_ICTP_RegCM5-0_v1-r1_1hr_200002200100-200002210000.nc
evspsblpot_CSAM-3_ERA5_evaluation_r1i1p1f1_ICTP_RegCM5-0_v1-r1_1hr_200002210100-200002220000.nc
evspsblpot_CSAM-3_ERA5_evaluation_r1i1p1f1_ICTP_RegCM5-0_v1-r1_1hr_200002220100-200002230000.nc
evspsblpot_CSAM-3_ERA5_evaluation_r1i1p1f1_ICTP_RegCM5-0_v1-r1_1hr_200002230100-200002240000.nc
evspsblpot_CSAM-3_ERA5_evaluation_r1i1p1f1_ICTP_RegCM5-0_v1-r1_1hr_200002240100-200002250000.nc
evspsblpot_CSAM-3_ERA5_evaluation_r1i1p1f1_ICTP_RegCM5-0_v1-r1_1hr_200002250100-200002260000.nc
evspsblpot_CSAM-3_ERA5_evaluation_r1i1p1f1_ICTP_RegCM5-0_v1-r1_1hr_200002260100-200002270000.nc
evspsblpot_CSAM-3_ERA5_evaluation_r1i1p1f1_ICTP_RegCM5-0_v1-r1_1hr_200002270100-200002280000.nc
evspsblpot_CSAM-3_ERA5_evaluation_r1i1p1f1_ICTP_RegCM5-0_v1-r1_1hr_200002280100-200002290000.nc
evspsblpot_CSAM-3_ERA5_evaluation_r1i1p1f1_ICTP_RegCM5-0_v1-r1_1hr_200002290100-200003010000.nc
evspsblpot_CSAM-3_ERA5_evaluation_r1i1p1f1_ICTP_RegCM5-0_v1-r1_1hr_200003010100-200003020000.nc
evspsblpot_CSAM-3_ERA5_evaluation_r1i1p1f1_ICTP_RegCM5-0_v1-r1_1hr_200003020100-200003030000.nc
evspsblpot_CSAM-3_ERA5_evaluation_r1i1p1f1_ICTP_RegCM5-0_v1-r1_1hr_200003030100-200003040000.nc
evspsblpot_CSAM-3_ERA5_evaluation_r1i1p1f1_ICTP_RegCM5-0_v1-r1_1hr_200003040100-200003050000.nc
evspsblpot_CSAM-3_ERA5_evaluation_r1i1p1f1_ICTP_RegCM5-0_v1-r1_1hr_200003050100-200003060000.nc
evspsblpot_CSAM-3_ERA5_evaluation_r1i1p1f1_ICTP_RegCM5-0_v1-r1_1hr_200003060100-200003070000.nc
evspsblpot_CSAM-3_ERA5_evaluation_r1i1p1f1_ICTP_RegCM5-0_v1-r1_1hr_200003070100-200003080000.nc
evspsblpot_CSAM-3_ERA5_evaluation_r1i1p1f1_ICTP_RegCM5-0_v1-r1_1hr_200003080100-200003090000.nc
evspsblpot_CSAM-3_ERA5_evaluation_r1i1p1f1_ICTP_RegCM5-0_v1-r1_1hr_200003090100-200003100000.nc
evspsblpot_CSAM-3_ERA5_evaluation_r1i1p1f1_ICTP_RegCM5-0_v1-r1_1hr_200003100100-200003110000.nc
evspsblpot_CSAM-3_ERA5_evaluation_r1i1p1f1_ICTP_RegCM5-0_v1-r1_1hr_200003110100-200003120000.nc
evspsblpot_CSAM-3_ERA5_evaluation_r1i1p1f1_ICTP_RegCM5-0_v1-r1_1hr_200003120100-200003130000.nc
evspsblpot_CSAM-3_ERA5_evaluation_r1i1p1f1_ICTP_RegCM5-0_v1-r1_1hr_200003130100-200003140000.nc
evspsblpot_CSAM-3_ERA5_evaluation_r1i1p1f1_ICTP_RegCM5-0_v1-r1_1hr_200003140100-200003150000.nc
evspsblpot_CSAM-3_ERA5_evaluation_r1i1p1f1_ICTP_RegCM5-0_v1-r1_1hr_200003150100-200003160000.nc
evspsblpot_CSAM-3_ERA5_evaluation_r1i1p1f1_ICTP_RegCM5-0_v1-r1_1hr_200003160100-200003170000.nc
evspsblpot_CSAM-3_ERA5_evaluation_r1i1p1f1_ICTP_RegCM5-0_v1-r1_1hr_200003170100-200003180000.nc
evspsblpot_CSAM-3_ERA5_evaluation_r1i1p1f1_ICTP_RegCM5-0_v1-r1_1hr_200003180100-200003190000.nc
evspsblpot_CSAM-3_ERA5_evaluation_r1i1p1f1_ICTP_RegCM5-0_v1-r1_1hr_200003190100-200003200000.nc
evspsblpot_CSAM-3_ERA5_evaluation_r1i1p1f1_ICTP_RegCM5-0_v1-r1_1hr_200003200100-200003210000.nc
evspsblpot_CSAM-3_ERA5_evaluation_r1i1p1f1_ICTP_RegCM5-0_v1-r1_1hr_200003210100-200003220000.nc
evspsblpot_CSAM-3_ERA5_evaluation_r1i1p1f1_ICTP_RegCM5-0_v1-r1_1hr_200003220100-200003230000.nc
evspsblpot_CSAM-3_ERA5_evaluation_r1i1p1f1_ICTP_RegCM5-0_v1-r1_1hr_200003230100-200003240000.nc
evspsblpot_CSAM-3_ERA5_evaluation_r1i1p1f1_ICTP_RegCM5-0_v1-r1_1hr_200003240100-200003250000.nc
evspsblpot_CSAM-3_ERA5_evaluation_r1i1p1f1_ICTP_RegCM5-0_v1-r1_1hr_200003250100-200003260000.nc
evspsblpot_CSAM-3_ERA5_evaluation_r1i1p1f1_ICTP_RegCM5-0_v1-r1_1hr_200003260100-200003270000.nc
evspsblpot_CSAM-3_ERA5_evaluation_r1i1p1f1_ICTP_RegCM5-0_v1-r1_1hr_200003270100-200003280000.nc
evspsblpot_CSAM-3_ERA5_evaluation_r1i1p1f1_ICTP_RegCM5-0_v1-r1_1hr_200003280100-200003290000.nc
evspsblpot_CSAM-3_ERA5_evaluation_r1i1p1f1_ICTP_RegCM5-0_v1-r1_1hr_200003290100-200003300000.nc
evspsblpot_CSAM-3_ERA5_evaluation_r1i1p1f1_ICTP_RegCM5-0_v1-r1_1hr_200003300100-200003310000.nc
evspsblpot_CSAM-3_ERA5_evaluation_r1i1p1f1_ICTP_RegCM5-0_v1-r1_1hr_200003310100-200004010000.nc
evspsblpot_CSAM-3_ERA5_evaluation_r1i1p1f1_ICTP_RegCM5-0_v1-r1_1hr_200004010100-200004020000.nc
evspsblpot_CSAM-3_ERA5_evaluation_r1i1p1f1_ICTP_RegCM5-0_v1-r1_1hr_200004020100-200004030000.nc
evspsblpot_CSAM-3_ERA5_evaluation_r1i1p1f1_ICTP_RegCM5-0_v1-r1_1hr_200004030100-200004040000.nc
evspsblpot_CSAM-3_ERA5_evaluation_r1i1p1f1_ICTP_RegCM5-0_v1-r1_1hr_200004040100-200004050000.nc
evspsblpot_CSAM-3_ERA5_evaluation_r1i1p1f1_ICTP_RegCM5-0_v1-r1_1hr_200004050100-200004060000.nc
evspsblpot_CSAM-3_ERA5_evaluation_r1i1p1f1_ICTP_RegCM5-0_v1-r1_1hr_200004060100-200004070000.nc
evspsblpot_CSAM-3_ERA5_evaluation_r1i1p1f1_ICTP_RegCM5-0_v1-r1_1hr_200004070100-200004080000.nc
evspsblpot_CSAM-3_ERA5_evaluation_r1i1p1f1_ICTP_RegCM5-0_v1-r1_1hr_200004080100-200004090000.nc
evspsblpot_CSAM-3_ERA5_evaluation_r1i1p1f1_ICTP_RegCM5-0_v1-r1_1hr_200004090100-200004100000.nc
evspsblpot_CSAM-3_ERA5_evaluation_r1i1p1f1_ICTP_RegCM5-0_v1-r1_1hr_200004100100-200004110000.nc
evspsblpot_CSAM-3_ERA5_evaluation_r1i1p1f1_ICTP_RegCM5-0_v1-r1_1hr_200004110100-200004120000.nc
evspsblpot_CSAM-3_ERA5_evaluation_r1i1p1f1_ICTP_RegCM5-0_v1-r1_1hr_200004120100-200004130000.nc
evspsblpot_CSAM-3_ERA5_evaluation_r1i1p1f1_ICTP_RegCM5-0_v1-r1_1hr_200004130100-200004140000.nc
evspsblpot_CSAM-3_ERA5_evaluation_r1i1p1f1_ICTP_RegCM5-0_v1-r1_1hr_200004140100-200004150000.nc
evspsblpot_CSAM-3_ERA5_evaluation_r1i1p1f1_ICTP_RegCM5-0_v1-r1_1hr_200004150100-200004160000.nc
evspsblpot_CSAM-3_ERA5_evaluation_r1i1p1f1_ICTP_RegCM5-0_v1-r1_1hr_200004160100-200004170000.nc
evspsblpot_CSAM-3_ERA5_evaluation_r1i1p1f1_ICTP_RegCM5-0_v1-r1_1hr_200004170100-200004180000.nc
evspsblpot_CSAM-3_ERA5_evaluation_r1i1p1f1_ICTP_RegCM5-0_v1-r1_1hr_200004180100-200004190000.nc
evspsblpot_CSAM-3_ERA5_evaluation_r1i1p1f1_ICTP_RegCM5-0_v1-r1_1hr_200004190100-200004200000.nc
evspsblpot_CSAM-3_ERA5_evaluation_r1i1p1f1_ICTP_RegCM5-0_v1-r1_1hr_200004200100-200004210000.nc
evspsblpot_CSAM-3_ERA5_evaluation_r1i1p1f1_ICTP_RegCM5-0_v1-r1_1hr_200004210100-200004220000.nc
evspsblpot_CSAM-3_ERA5_evaluation_r1i1p1f1_ICTP_RegCM5-0_v1-r1_1hr_200004220100-200004230000.nc
evspsblpot_CSAM-3_ERA5_evaluation_r1i1p1f1_ICTP_RegCM5-0_v1-r1_1hr_200004230100-200004240000.nc
evspsblpot_CSAM-3_ERA5_evaluation_r1i1p1f1_ICTP_RegCM5-0_v1-r1_1hr_200004240100-200004250000.nc
evspsblpot_CSAM-3_ERA5_evaluation_r1i1p1f1_ICTP_RegCM5-0_v1-r1_1hr_200004250100-200004260000.nc
evspsblpot_CSAM-3_ERA5_evaluation_r1i1p1f1_ICTP_RegCM5-0_v1-r1_1hr_200004260100-200004270000.nc
evspsblpot_CSAM-3_ERA5_evaluation_r1i1p1f1_ICTP_RegCM5-0_v1-r1_1hr_200004270100-200004280000.nc
evspsblpot_CSAM-3_ERA5_evaluation_r1i1p1f1_ICTP_RegCM5-0_v1-r1_1hr_200004280100-200004290000.nc
evspsblpot_CSAM-3_ERA5_evaluation_r1i1p1f1_ICTP_RegCM5-0_v1-r1_1hr_200004290100-200004300000.nc
evspsblpot_CSAM-3_ERA5_evaluation_r1i1p1f1_ICTP_RegCM5-0_v1-r1_1hr_200004300100-200005010000.nc
evspsblpot_CSAM-3_ERA5_evaluation_r1i1p1f1_ICTP_RegCM5-0_v1-r1_1hr_200005010100-200005020000.nc
evspsblpot_CSAM-3_ERA5_evaluation_r1i1p1f1_ICTP_RegCM5-0_v1-r1_1hr_200005020100-200005030000.nc
evspsblpot_CSAM-3_ERA5_evaluation_r1i1p1f1_ICTP_RegCM5-0_v1-r1_1hr_200005030100-200005040000.nc
evspsblpot_CSAM-3_ERA5_evaluation_r1i1p1f1_ICTP_RegCM5-0_v1-r1_1hr_200005040100-200005050000.nc
evspsblpot_CSAM-3_ERA5_evaluation_r1i1p1f1_ICTP_RegCM5-0_v1-r1_1hr_200005050100-200005060000.nc
evspsblpot_CSAM-3_ERA5_evaluation_r1i1p1f1_ICTP_RegCM5-0_v1-r1_1hr_200005060100-200005070000.nc
evspsblpot_CSAM-3_ERA5_evaluation_r1i1p1f1_ICTP_RegCM5-0_v1-r1_1hr_200005070100-200005080000.nc
evspsblpot_CSAM-3_ERA5_evaluation_r1i1p1f1_ICTP_RegCM5-0_v1-r1_1hr_200005080100-200005090000.nc
evspsblpot_CSAM-3_ERA5_evaluation_r1i1p1f1_ICTP_RegCM5-0_v1-r1_1hr_200005090100-200005100000.nc
evspsblpot_CSAM-3_ERA5_evaluation_r1i1p1f1_ICTP_RegCM5-0_v1-r1_1hr_200005100100-200005110000.nc
evspsblpot_CSAM-3_ERA5_evaluation_r1i1p1f1_ICTP_RegCM5-0_v1-r1_1hr_200005110100-200005120000.nc
evspsblpot_CSAM-3_ERA5_evaluation_r1i1p1f1_ICTP_RegCM5-0_v1-r1_1hr_200005120100-200005130000.nc
evspsblpot_CSAM-3_ERA5_evaluation_r1i1p1f1_ICTP_RegCM5-0_v1-r1_1hr_200005130100-200005140000.nc
evspsblpot_CSAM-3_ERA5_evaluation_r1i1p1f1_ICTP_RegCM5-0_v1-r1_1hr_200005140100-200005150000.nc
evspsblpot_CSAM-3_ERA5_evaluation_r1i1p1f1_ICTP_RegCM5-0_v1-r1_1hr_200005150100-200005160000.nc
evspsblpot_CSAM-3_ERA5_evaluation_r1i1p1f1_ICTP_RegCM5-0_v1-r1_1hr_200005160100-200005170000.nc
evspsblpot_CSAM-3_ERA5_evaluation_r1i1p1f1_ICTP_RegCM5-0_v1-r1_1hr_200005170100-200005180000.nc
evspsblpot_CSAM-3_ERA5_evaluation_r1i1p1f1_ICTP_RegCM5-0_v1-r1_1hr_200005180100-200005190000.nc
evspsblpot_CSAM-3_ERA5_evaluation_r1i1p1f1_ICTP_RegCM5-0_v1-r1_1hr_200005190100-200005200000.nc
evspsblpot_CSAM-3_ERA5_evaluation_r1i1p1f1_ICTP_RegCM5-0_v1-r1_1hr_200005200100-200005210000.nc
evspsblpot_CSAM-3_ERA5_evaluation_r1i1p1f1_ICTP_RegCM5-0_v1-r1_1hr_200005210100-200005220000.nc
evspsblpot_CSAM-3_ERA5_evaluation_r1i1p1f1_ICTP_RegCM5-0_v1-r1_1hr_200005220100-200005230000.nc
evspsblpot_CSAM-3_ERA5_evaluation_r1i1p1f1_ICTP_RegCM5-0_v1-r1_1hr_200005230100-200005240000.nc
evspsblpot_CSAM-3_ERA5_evaluation_r1i1p1f1_ICTP_RegCM5-0_v1-r1_1hr_200005240100-200005250000.nc
evspsblpot_CSAM-3_ERA5_evaluation_r1i1p1f1_ICTP_RegCM5-0_v1-r1_1hr_200005250100-200005260000.nc
evspsblpot_CSAM-3_ERA5_evaluation_r1i1p1f1_ICTP_RegCM5-0_v1-r1_1hr_200005260100-200005270000.nc
evspsblpot_CSAM-3_ERA5_evaluation_r1i1p1f1_ICTP_RegCM5-0_v1-r1_1hr_200005270100-200005280000.nc
evspsblpot_CSAM-3_ERA5_evaluation_r1i1p1f1_ICTP_RegCM5-0_v1-r1_1hr_200005280100-200005290000.nc
evspsblpot_CSAM-3_ERA5_evaluation_r1i1p1f1_ICTP_RegCM5-0_v1-r1_1hr_200005290100-200005300000.nc
evspsblpot_CSAM-3_ERA5_evaluation_r1i1p1f1_ICTP_RegCM5-0_v1-r1_1hr_200005300100-200005310000.nc
evspsblpot_CSAM-3_ERA5_evaluation_r1i1p1f1_ICTP_RegCM5-0_v1-r1_1hr_200005310100-200006010000.nc
evspsblpot_CSAM-3_ERA5_evaluation_r1i1p1f1_ICTP_RegCM5-0_v1-r1_1hr_200006010100-200006020000.nc
evspsblpot_CSAM-3_ERA5_evaluation_r1i1p1f1_ICTP_RegCM5-0_v1-r1_1hr_200006020100-200006030000.nc
evspsblpot_CSAM-3_ERA5_evaluation_r1i1p1f1_ICTP_RegCM5-0_v1-r1_1hr_200006030100-200006040000.nc
evspsblpot_CSAM-3_ERA5_evaluation_r1i1p1f1_ICTP_RegCM5-0_v1-r1_1hr_200006040100-200006050000.nc
evspsblpot_CSAM-3_ERA5_evaluation_r1i1p1f1_ICTP_RegCM5-0_v1-r1_1hr_200006050100-200006060000.nc
evspsblpot_CSAM-3_ERA5_evaluation_r1i1p1f1_ICTP_RegCM5-0_v1-r1_1hr_200006060100-200006070000.nc
evspsblpot_CSAM-3_ERA5_evaluation_r1i1p1f1_ICTP_RegCM5-0_v1-r1_1hr_200006070100-200006080000.nc
evspsblpot_CSAM-3_ERA5_evaluation_r1i1p1f1_ICTP_RegCM5-0_v1-r1_1hr_200006080100-200006090000.nc
evspsblpot_CSAM-3_ERA5_evaluation_r1i1p1f1_ICTP_RegCM5-0_v1-r1_1hr_200006090100-200006100000.nc
evspsblpot_CSAM-3_ERA5_evaluation_r1i1p1f1_ICTP_RegCM5-0_v1-r1_1hr_200006100100-200006110000.nc
evspsblpot_CSAM-3_ERA5_evaluation_r1i1p1f1_ICTP_RegCM5-0_v1-r1_1hr_200006110100-200006120000.nc
evspsblpot_CSAM-3_ERA5_evaluation_r1i1p1f1_ICTP_RegCM5-0_v1-r1_1hr_200006120100-200006130000.nc
evspsblpot_CSAM-3_ERA5_evaluation_r1i1p1f1_ICTP_RegCM5-0_v1-r1_1hr_200006130100-200006140000.nc
evspsblpot_CSAM-3_ERA5_evaluation_r1i1p1f1_ICTP_RegCM5-0_v1-r1_1hr_200006140100-200006150000.nc
evspsblpot_CSAM-3_ERA5_evaluation_r1i1p1f1_ICTP_RegCM5-0_v1-r1_1hr_200006150100-200006160000.nc
evspsblpot_CSAM-3_ERA5_evaluation_r1i1p1f1_ICTP_RegCM5-0_v1-r1_1hr_200006160100-200006170000.nc
evspsblpot_CSAM-3_ERA5_evaluation_r1i1p1f1_ICTP_RegCM5-0_v1-r1_1hr_200006170100-200006180000.nc
evspsblpot_CSAM-3_ERA5_evaluation_r1i1p1f1_ICTP_RegCM5-0_v1-r1_1hr_200006180100-200006190000.nc
evspsblpot_CSAM-3_ERA5_evaluation_r1i1p1f1_ICTP_RegCM5-0_v1-r1_1hr_200006190100-200006200000.nc
evspsblpot_CSAM-3_ERA5_evaluation_r1i1p1f1_ICTP_RegCM5-0_v1-r1_1hr_200006200100-200006210000.nc
evspsblpot_CSAM-3_ERA5_evaluation_r1i1p1f1_ICTP_RegCM5-0_v1-r1_1hr_200006210100-200006220000.nc
evspsblpot_CSAM-3_ERA5_evaluation_r1i1p1f1_ICTP_RegCM5-0_v1-r1_1hr_200006220100-200006230000.nc
evspsblpot_CSAM-3_ERA5_evaluation_r1i1p1f1_ICTP_RegCM5-0_v1-r1_1hr_200006230100-200006240000.nc
evspsblpot_CSAM-3_ERA5_evaluation_r1i1p1f1_ICTP_RegCM5-0_v1-r1_1hr_200006240100-200006250000.nc
evspsblpot_CSAM-3_ERA5_evaluation_r1i1p1f1_ICTP_RegCM5-0_v1-r1_1hr_200006250100-200006260000.nc
evspsblpot_CSAM-3_ERA5_evaluation_r1i1p1f1_ICTP_RegCM5-0_v1-r1_1hr_200006260100-200006270000.nc
evspsblpot_CSAM-3_ERA5_evaluation_r1i1p1f1_ICTP_RegCM5-0_v1-r1_1hr_200006270100-200006280000.nc
evspsblpot_CSAM-3_ERA5_evaluation_r1i1p1f1_ICTP_RegCM5-0_v1-r1_1hr_200006280100-200006290000.nc
evspsblpot_CSAM-3_ERA5_evaluation_r1i1p1f1_ICTP_RegCM5-0_v1-r1_1hr_200006290100-200006300000.nc
evspsblpot_CSAM-3_ERA5_evaluation_r1i1p1f1_ICTP_RegCM5-0_v1-r1_1hr_200006300100-200007010000.nc
evspsblpot_CSAM-3_ERA5_evaluation_r1i1p1f1_ICTP_RegCM5-0_v1-r1_1hr_200007010100-200007020000.nc
evspsblpot_CSAM-3_ERA5_evaluation_r1i1p1f1_ICTP_RegCM5-0_v1-r1_1hr_200007020100-200007030000.nc
evspsblpot_CSAM-3_ERA5_evaluation_r1i1p1f1_ICTP_RegCM5-0_v1-r1_1hr_200007030100-200007040000.nc
evspsblpot_CSAM-3_ERA5_evaluation_r1i1p1f1_ICTP_RegCM5-0_v1-r1_1hr_200007040100-200007050000.nc
evspsblpot_CSAM-3_ERA5_evaluation_r1i1p1f1_ICTP_RegCM5-0_v1-r1_1hr_200007050100-200007060000.nc
evspsblpot_CSAM-3_ERA5_evaluation_r1i1p1f1_ICTP_RegCM5-0_v1-r1_1hr_200007060100-200007070000.nc
evspsblpot_CSAM-3_ERA5_evaluation_r1i1p1f1_ICTP_RegCM5-0_v1-r1_1hr_200007070100-200007080000.nc
evspsblpot_CSAM-3_ERA5_evaluation_r1i1p1f1_ICTP_RegCM5-0_v1-r1_1hr_200007080100-200007090000.nc
evspsblpot_CSAM-3_ERA5_evaluation_r1i1p1f1_ICTP_RegCM5-0_v1-r1_1hr_200007090100-200007100000.nc
evspsblpot_CSAM-3_ERA5_evaluation_r1i1p1f1_ICTP_RegCM5-0_v1-r1_1hr_200007100100-200007110000.nc
evspsblpot_CSAM-3_ERA5_evaluation_r1i1p1f1_ICTP_RegCM5-0_v1-r1_1hr_200007110100-200007120000.nc
evspsblpot_CSAM-3_ERA5_evaluation_r1i1p1f1_ICTP_RegCM5-0_v1-r1_1hr_200007120100-200007130000.nc
evspsblpot_CSAM-3_ERA5_evaluation_r1i1p1f1_ICTP_RegCM5-0_v1-r1_1hr_200007130100-200007140000.nc
evspsblpot_CSAM-3_ERA5_evaluation_r1i1p1f1_ICTP_RegCM5-0_v1-r1_1hr_200007140100-200007150000.nc
evspsblpot_CSAM-3_ERA5_evaluation_r1i1p1f1_ICTP_RegCM5-0_v1-r1_1hr_200007150100-200007160000.nc
evspsblpot_CSAM-3_ERA5_evaluation_r1i1p1f1_ICTP_RegCM5-0_v1-r1_1hr_200007160100-200007170000.nc
evspsblpot_CSAM-3_ERA5_evaluation_r1i1p1f1_ICTP_RegCM5-0_v1-r1_1hr_200007170100-200007180000.nc
evspsblpot_CSAM-3_ERA5_evaluation_r1i1p1f1_ICTP_RegCM5-0_v1-r1_1hr_200007180100-200007190000.nc
evspsblpot_CSAM-3_ERA5_evaluation_r1i1p1f1_ICTP_RegCM5-0_v1-r1_1hr_200007190100-200007200000.nc
evspsblpot_CSAM-3_ERA5_evaluation_r1i1p1f1_ICTP_RegCM5-0_v1-r1_1hr_200007200100-200007210000.nc
evspsblpot_CSAM-3_ERA5_evaluation_r1i1p1f1_ICTP_RegCM5-0_v1-r1_1hr_200007210100-200007220000.nc
evspsblpot_CSAM-3_ERA5_evaluation_r1i1p1f1_ICTP_RegCM5-0_v1-r1_1hr_200007220100-200007230000.nc
evspsblpot_CSAM-3_ERA5_evaluation_r1i1p1f1_ICTP_RegCM5-0_v1-r1_1hr_200007230100-200007240000.nc
evspsblpot_CSAM-3_ERA5_evaluation_r1i1p1f1_ICTP_RegCM5-0_v1-r1_1hr_200007240100-200007250000.nc
evspsblpot_CSAM-3_ERA5_evaluation_r1i1p1f1_ICTP_RegCM5-0_v1-r1_1hr_200007250100-200007260000.nc
evspsblpot_CSAM-3_ERA5_evaluation_r1i1p1f1_ICTP_RegCM5-0_v1-r1_1hr_200007260100-200007270000.nc
evspsblpot_CSAM-3_ERA5_evaluation_r1i1p1f1_ICTP_RegCM5-0_v1-r1_1hr_200007270100-200007280000.nc
evspsblpot_CSAM-3_ERA5_evaluation_r1i1p1f1_ICTP_RegCM5-0_v1-r1_1hr_200007280100-200007290000.nc
evspsblpot_CSAM-3_ERA5_evaluation_r1i1p1f1_ICTP_RegCM5-0_v1-r1_1hr_200007290100-200007300000.nc
evspsblpot_CSAM-3_ERA5_evaluation_r1i1p1f1_ICTP_RegCM5-0_v1-r1_1hr_200007300100-200007310000.nc
evspsblpot_CSAM-3_ERA5_evaluation_r1i1p1f1_ICTP_RegCM5-0_v1-r1_1hr_200007310100-200008010000.nc
evspsblpot_CSAM-3_ERA5_evaluation_r1i1p1f1_ICTP_RegCM5-0_v1-r1_1hr_200008010100-200008020000.nc
evspsblpot_CSAM-3_ERA5_evaluation_r1i1p1f1_ICTP_RegCM5-0_v1-r1_1hr_200008020100-200008030000.nc
evspsblpot_CSAM-3_ERA5_evaluation_r1i1p1f1_ICTP_RegCM5-0_v1-r1_1hr_200008030100-200008040000.nc
evspsblpot_CSAM-3_ERA5_evaluation_r1i1p1f1_ICTP_RegCM5-0_v1-r1_1hr_200008040100-200008050000.nc
evspsblpot_CSAM-3_ERA5_evaluation_r1i1p1f1_ICTP_RegCM5-0_v1-r1_1hr_200008050100-200008060000.nc
evspsblpot_CSAM-3_ERA5_evaluation_r1i1p1f1_ICTP_RegCM5-0_v1-r1_1hr_200008060100-200008070000.nc
evspsblpot_CSAM-3_ERA5_evaluation_r1i1p1f1_ICTP_RegCM5-0_v1-r1_1hr_200008070100-200008080000.nc
evspsblpot_CSAM-3_ERA5_evaluation_r1i1p1f1_ICTP_RegCM5-0_v1-r1_1hr_200008080100-200008090000.nc
evspsblpot_CSAM-3_ERA5_evaluation_r1i1p1f1_ICTP_RegCM5-0_v1-r1_1hr_200008090100-200008100000.nc
evspsblpot_CSAM-3_ERA5_evaluation_r1i1p1f1_ICTP_RegCM5-0_v1-r1_1hr_200008100100-200008110000.nc
evspsblpot_CSAM-3_ERA5_evaluation_r1i1p1f1_ICTP_RegCM5-0_v1-r1_1hr_200008110100-200008120000.nc
evspsblpot_CSAM-3_ERA5_evaluation_r1i1p1f1_ICTP_RegCM5-0_v1-r1_1hr_200008120100-200008130000.nc
evspsblpot_CSAM-3_ERA5_evaluation_r1i1p1f1_ICTP_RegCM5-0_v1-r1_1hr_200008130100-200008140000.nc
evspsblpot_CSAM-3_ERA5_evaluation_r1i1p1f1_ICTP_RegCM5-0_v1-r1_1hr_200008140100-200008150000.nc
evspsblpot_CSAM-3_ERA5_evaluation_r1i1p1f1_ICTP_RegCM5-0_v1-r1_1hr_200008150100-200008160000.nc
evspsblpot_CSAM-3_ERA5_evaluation_r1i1p1f1_ICTP_RegCM5-0_v1-r1_1hr_200008160100-200008170000.nc
evspsblpot_CSAM-3_ERA5_evaluation_r1i1p1f1_ICTP_RegCM5-0_v1-r1_1hr_200008170100-200008180000.nc
evspsblpot_CSAM-3_ERA5_evaluation_r1i1p1f1_ICTP_RegCM5-0_v1-r1_1hr_200008180100-200008190000.nc
evspsblpot_CSAM-3_ERA5_evaluation_r1i1p1f1_ICTP_RegCM5-0_v1-r1_1hr_200008190100-200008200000.nc
evspsblpot_CSAM-3_ERA5_evaluation_r1i1p1f1_ICTP_RegCM5-0_v1-r1_1hr_200008200100-200008210000.nc
evspsblpot_CSAM-3_ERA5_evaluation_r1i1p1f1_ICTP_RegCM5-0_v1-r1_1hr_200008210100-200008220000.nc
evspsblpot_CSAM-3_ERA5_evaluation_r1i1p1f1_ICTP_RegCM5-0_v1-r1_1hr_200008220100-200008230000.nc
evspsblpot_CSAM-3_ERA5_evaluation_r1i1p1f1_ICTP_RegCM5-0_v1-r1_1hr_200008230100-200008240000.nc
evspsblpot_CSAM-3_ERA5_evaluation_r1i1p1f1_ICTP_RegCM5-0_v1-r1_1hr_200008240100-200008250000.nc
evspsblpot_CSAM-3_ERA5_evaluation_r1i1p1f1_ICTP_RegCM5-0_v1-r1_1hr_200008250100-200008260000.nc
evspsblpot_CSAM-3_ERA5_evaluation_r1i1p1f1_ICTP_RegCM5-0_v1-r1_1hr_200008260100-200008270000.nc
evspsblpot_CSAM-3_ERA5_evaluation_r1i1p1f1_ICTP_RegCM5-0_v1-r1_1hr_200008270100-200008280000.nc
evspsblpot_CSAM-3_ERA5_evaluation_r1i1p1f1_ICTP_RegCM5-0_v1-r1_1hr_200008280100-200008290000.nc
evspsblpot_CSAM-3_ERA5_evaluation_r1i1p1f1_ICTP_RegCM5-0_v1-r1_1hr_200008290100-200008300000.nc
evspsblpot_CSAM-3_ERA5_evaluation_r1i1p1f1_ICTP_RegCM5-0_v1-r1_1hr_200008300100-200008310000.nc
evspsblpot_CSAM-3_ERA5_evaluation_r1i1p1f1_ICTP_RegCM5-0_v1-r1_1hr_200008310100-200009010000.nc
evspsblpot_CSAM-3_ERA5_evaluation_r1i1p1f1_ICTP_RegCM5-0_v1-r1_1hr_200009010100-200009020000.nc
evspsblpot_CSAM-3_ERA5_evaluation_r1i1p1f1_ICTP_RegCM5-0_v1-r1_1hr_200009020100-200009030000.nc
evspsblpot_CSAM-3_ERA5_evaluation_r1i1p1f1_ICTP_RegCM5-0_v1-r1_1hr_200009030100-200009040000.nc
evspsblpot_CSAM-3_ERA5_evaluation_r1i1p1f1_ICTP_RegCM5-0_v1-r1_1hr_200009040100-200009050000.nc
evspsblpot_CSAM-3_ERA5_evaluation_r1i1p1f1_ICTP_RegCM5-0_v1-r1_1hr_200009050100-200009060000.nc
evspsblpot_CSAM-3_ERA5_evaluation_r1i1p1f1_ICTP_RegCM5-0_v1-r1_1hr_200009060100-200009070000.nc
evspsblpot_CSAM-3_ERA5_evaluation_r1i1p1f1_ICTP_RegCM5-0_v1-r1_1hr_200009070100-200009080000.nc
evspsblpot_CSAM-3_ERA5_evaluation_r1i1p1f1_ICTP_RegCM5-0_v1-r1_1hr_200009080100-200009090000.nc
evspsblpot_CSAM-3_ERA5_evaluation_r1i1p1f1_ICTP_RegCM5-0_v1-r1_1hr_200009090100-200009100000.nc
evspsblpot_CSAM-3_ERA5_evaluation_r1i1p1f1_ICTP_RegCM5-0_v1-r1_1hr_200009100100-200009110000.nc
evspsblpot_CSAM-3_ERA5_evaluation_r1i1p1f1_ICTP_RegCM5-0_v1-r1_1hr_200009110100-200009120000.nc
evspsblpot_CSAM-3_ERA5_evaluation_r1i1p1f1_ICTP_RegCM5-0_v1-r1_1hr_200009120100-200009130000.nc
evspsblpot_CSAM-3_ERA5_evaluation_r1i1p1f1_ICTP_RegCM5-0_v1-r1_1hr_200009130100-200009140000.nc
evspsblpot_CSAM-3_ERA5_evaluation_r1i1p1f1_ICTP_RegCM5-0_v1-r1_1hr_200009140100-200009150000.nc
evspsblpot_CSAM-3_ERA5_evaluation_r1i1p1f1_ICTP_RegCM5-0_v1-r1_1hr_200009150100-200009160000.nc
evspsblpot_CSAM-3_ERA5_evaluation_r1i1p1f1_ICTP_RegCM5-0_v1-r1_1hr_200009160100-200009170000.nc
evspsblpot_CSAM-3_ERA5_evaluation_r1i1p1f1_ICTP_RegCM5-0_v1-r1_1hr_200009170100-200009180000.nc
evspsblpot_CSAM-3_ERA5_evaluation_r1i1p1f1_ICTP_RegCM5-0_v1-r1_1hr_200009180100-200009190000.nc
evspsblpot_CSAM-3_ERA5_evaluation_r1i1p1f1_ICTP_RegCM5-0_v1-r1_1hr_200009190100-200009200000.nc
evspsblpot_CSAM-3_ERA5_evaluation_r1i1p1f1_ICTP_RegCM5-0_v1-r1_1hr_200009200100-200009210000.nc
evspsblpot_CSAM-3_ERA5_evaluation_r1i1p1f1_ICTP_RegCM5-0_v1-r1_1hr_200009210100-200009220000.nc
evspsblpot_CSAM-3_ERA5_evaluation_r1i1p1f1_ICTP_RegCM5-0_v1-r1_1hr_200009220100-200009230000.nc
evspsblpot_CSAM-3_ERA5_evaluation_r1i1p1f1_ICTP_RegCM5-0_v1-r1_1hr_200009230100-200009240000.nc
evspsblpot_CSAM-3_ERA5_evaluation_r1i1p1f1_ICTP_RegCM5-0_v1-r1_1hr_200009240100-200009250000.nc
evspsblpot_CSAM-3_ERA5_evaluation_r1i1p1f1_ICTP_RegCM5-0_v1-r1_1hr_200009250100-200009260000.nc
evspsblpot_CSAM-3_ERA5_evaluation_r1i1p1f1_ICTP_RegCM5-0_v1-r1_1hr_200009260100-200009270000.nc
evspsblpot_CSAM-3_ERA5_evaluation_r1i1p1f1_ICTP_RegCM5-0_v1-r1_1hr_200009270100-200009280000.nc
evspsblpot_CSAM-3_ERA5_evaluation_r1i1p1f1_ICTP_RegCM5-0_v1-r1_1hr_200009280100-200009290000.nc
evspsblpot_CSAM-3_ERA5_evaluation_r1i1p1f1_ICTP_RegCM5-0_v1-r1_1hr_200009290100-200009300000.nc
evspsblpot_CSAM-3_ERA5_evaluation_r1i1p1f1_ICTP_RegCM5-0_v1-r1_1hr_200009300100-200010010000.nc
evspsblpot_CSAM-3_ERA5_evaluation_r1i1p1f1_ICTP_RegCM5-0_v1-r1_1hr_200010010100-200010020000.nc
evspsblpot_CSAM-3_ERA5_evaluation_r1i1p1f1_ICTP_RegCM5-0_v1-r1_1hr_200010020100-200010030000.nc
evspsblpot_CSAM-3_ERA5_evaluation_r1i1p1f1_ICTP_RegCM5-0_v1-r1_1hr_200010030100-200010040000.nc
evspsblpot_CSAM-3_ERA5_evaluation_r1i1p1f1_ICTP_RegCM5-0_v1-r1_1hr_200010040100-200010050000.nc
evspsblpot_CSAM-3_ERA5_evaluation_r1i1p1f1_ICTP_RegCM5-0_v1-r1_1hr_200010050100-200010060000.nc
evspsblpot_CSAM-3_ERA5_evaluation_r1i1p1f1_ICTP_RegCM5-0_v1-r1_1hr_200010060100-200010070000.nc
evspsblpot_CSAM-3_ERA5_evaluation_r1i1p1f1_ICTP_RegCM5-0_v1-r1_1hr_200010070100-200010080000.nc
evspsblpot_CSAM-3_ERA5_evaluation_r1i1p1f1_ICTP_RegCM5-0_v1-r1_1hr_200010080100-200010090000.nc
evspsblpot_CSAM-3_ERA5_evaluation_r1i1p1f1_ICTP_RegCM5-0_v1-r1_1hr_200010090100-200010100000.nc
evspsblpot_CSAM-3_ERA5_evaluation_r1i1p1f1_ICTP_RegCM5-0_v1-r1_1hr_200010100100-200010110000.nc
evspsblpot_CSAM-3_ERA5_evaluation_r1i1p1f1_ICTP_RegCM5-0_v1-r1_1hr_200010110100-200010120000.nc
evspsblpot_CSAM-3_ERA5_evaluation_r1i1p1f1_ICTP_RegCM5-0_v1-r1_1hr_200010120100-200010130000.nc
evspsblpot_CSAM-3_ERA5_evaluation_r1i1p1f1_ICTP_RegCM5-0_v1-r1_1hr_200010130100-200010140000.nc
evspsblpot_CSAM-3_ERA5_evaluation_r1i1p1f1_ICTP_RegCM5-0_v1-r1_1hr_200010140100-200010150000.nc
evspsblpot_CSAM-3_ERA5_evaluation_r1i1p1f1_ICTP_RegCM5-0_v1-r1_1hr_200010150100-200010160000.nc
evspsblpot_CSAM-3_ERA5_evaluation_r1i1p1f1_ICTP_RegCM5-0_v1-r1_1hr_200010160100-200010170000.nc
evspsblpot_CSAM-3_ERA5_evaluation_r1i1p1f1_ICTP_RegCM5-0_v1-r1_1hr_200010170100-200010180000.nc
evspsblpot_CSAM-3_ERA5_evaluation_r1i1p1f1_ICTP_RegCM5-0_v1-r1_1hr_200010180100-200010190000.nc
evspsblpot_CSAM-3_ERA5_evaluation_r1i1p1f1_ICTP_RegCM5-0_v1-r1_1hr_200010190100-200010200000.nc
evspsblpot_CSAM-3_ERA5_evaluation_r1i1p1f1_ICTP_RegCM5-0_v1-r1_1hr_200010200100-200010210000.nc
evspsblpot_CSAM-3_ERA5_evaluation_r1i1p1f1_ICTP_RegCM5-0_v1-r1_1hr_200010210100-200010220000.nc
evspsblpot_CSAM-3_ERA5_evaluation_r1i1p1f1_ICTP_RegCM5-0_v1-r1_1hr_200010220100-200010230000.nc
evspsblpot_CSAM-3_ERA5_evaluation_r1i1p1f1_ICTP_RegCM5-0_v1-r1_1hr_200010230100-200010240000.nc
evspsblpot_CSAM-3_ERA5_evaluation_r1i1p1f1_ICTP_RegCM5-0_v1-r1_1hr_200010240100-200010250000.nc
evspsblpot_CSAM-3_ERA5_evaluation_r1i1p1f1_ICTP_RegCM5-0_v1-r1_1hr_200010250100-200010260000.nc
evspsblpot_CSAM-3_ERA5_evaluation_r1i1p1f1_ICTP_RegCM5-0_v1-r1_1hr_200010260100-200010270000.nc
evspsblpot_CSAM-3_ERA5_evaluation_r1i1p1f1_ICTP_RegCM5-0_v1-r1_1hr_200010270100-200010280000.nc
evspsblpot_CSAM-3_ERA5_evaluation_r1i1p1f1_ICTP_RegCM5-0_v1-r1_1hr_200010280100-200010290000.nc
evspsblpot_CSAM-3_ERA5_evaluation_r1i1p1f1_ICTP_RegCM5-0_v1-r1_1hr_200010290100-200010300000.nc
evspsblpot_CSAM-3_ERA5_evaluation_r1i1p1f1_ICTP_RegCM5-0_v1-r1_1hr_200010300100-200010310000.nc
evspsblpot_CSAM-3_ERA5_evaluation_r1i1p1f1_ICTP_RegCM5-0_v1-r1_1hr_200010310100-200011010000.nc
evspsblpot_CSAM-3_ERA5_evaluation_r1i1p1f1_ICTP_RegCM5-0_v1-r1_1hr_200011010100-200011020000.nc
evspsblpot_CSAM-3_ERA5_evaluation_r1i1p1f1_ICTP_RegCM5-0_v1-r1_1hr_200011020100-200011030000.nc
evspsblpot_CSAM-3_ERA5_evaluation_r1i1p1f1_ICTP_RegCM5-0_v1-r1_1hr_200011030100-200011040000.nc
evspsblpot_CSAM-3_ERA5_evaluation_r1i1p1f1_ICTP_RegCM5-0_v1-r1_1hr_200011040100-200011050000.nc
evspsblpot_CSAM-3_ERA5_evaluation_r1i1p1f1_ICTP_RegCM5-0_v1-r1_1hr_200011050100-200011060000.nc
evspsblpot_CSAM-3_ERA5_evaluation_r1i1p1f1_ICTP_RegCM5-0_v1-r1_1hr_200011060100-200011070000.nc
evspsblpot_CSAM-3_ERA5_evaluation_r1i1p1f1_ICTP_RegCM5-0_v1-r1_1hr_200011070100-200011080000.nc
evspsblpot_CSAM-3_ERA5_evaluation_r1i1p1f1_ICTP_RegCM5-0_v1-r1_1hr_200011080100-200011090000.nc
evspsblpot_CSAM-3_ERA5_evaluation_r1i1p1f1_ICTP_RegCM5-0_v1-r1_1hr_200011090100-200011100000.nc
evspsblpot_CSAM-3_ERA5_evaluation_r1i1p1f1_ICTP_RegCM5-0_v1-r1_1hr_200011100100-200011110000.nc
evspsblpot_CSAM-3_ERA5_evaluation_r1i1p1f1_ICTP_RegCM5-0_v1-r1_1hr_200011110100-200011120000.nc
evspsblpot_CSAM-3_ERA5_evaluation_r1i1p1f1_ICTP_RegCM5-0_v1-r1_1hr_200011120100-200011130000.nc
evspsblpot_CSAM-3_ERA5_evaluation_r1i1p1f1_ICTP_RegCM5-0_v1-r1_1hr_200011130100-200011140000.nc
evspsblpot_CSAM-3_ERA5_evaluation_r1i1p1f1_ICTP_RegCM5-0_v1-r1_1hr_200011140100-200011150000.nc
evspsblpot_CSAM-3_ERA5_evaluation_r1i1p1f1_ICTP_RegCM5-0_v1-r1_1hr_200011150100-200011160000.nc
evspsblpot_CSAM-3_ERA5_evaluation_r1i1p1f1_ICTP_RegCM5-0_v1-r1_1hr_200011160100-200011170000.nc
evspsblpot_CSAM-3_ERA5_evaluation_r1i1p1f1_ICTP_RegCM5-0_v1-r1_1hr_200011170100-200011180000.nc
evspsblpot_CSAM-3_ERA5_evaluation_r1i1p1f1_ICTP_RegCM5-0_v1-r1_1hr_200011180100-200011190000.nc
evspsblpot_CSAM-3_ERA5_evaluation_r1i1p1f1_ICTP_RegCM5-0_v1-r1_1hr_200011190100-200011200000.nc
evspsblpot_CSAM-3_ERA5_evaluation_r1i1p1f1_ICTP_RegCM5-0_v1-r1_1hr_200011200100-200011210000.nc
evspsblpot_CSAM-3_ERA5_evaluation_r1i1p1f1_ICTP_RegCM5-0_v1-r1_1hr_200011210100-200011220000.nc
evspsblpot_CSAM-3_ERA5_evaluation_r1i1p1f1_ICTP_RegCM5-0_v1-r1_1hr_200011220100-200011230000.nc
evspsblpot_CSAM-3_ERA5_evaluation_r1i1p1f1_ICTP_RegCM5-0_v1-r1_1hr_200011230100-200011240000.nc
evspsblpot_CSAM-3_ERA5_evaluation_r1i1p1f1_ICTP_RegCM5-0_v1-r1_1hr_200011240100-200011250000.nc
evspsblpot_CSAM-3_ERA5_evaluation_r1i1p1f1_ICTP_RegCM5-0_v1-r1_1hr_200011250100-200011260000.nc
evspsblpot_CSAM-3_ERA5_evaluation_r1i1p1f1_ICTP_RegCM5-0_v1-r1_1hr_200011260100-200011270000.nc
evspsblpot_CSAM-3_ERA5_evaluation_r1i1p1f1_ICTP_RegCM5-0_v1-r1_1hr_200011270100-200011280000.nc
evspsblpot_CSAM-3_ERA5_evaluation_r1i1p1f1_ICTP_RegCM5-0_v1-r1_1hr_200011280100-200011290000.nc
evspsblpot_CSAM-3_ERA5_evaluation_r1i1p1f1_ICTP_RegCM5-0_v1-r1_1hr_200011290100-200011300000.nc
evspsblpot_CSAM-3_ERA5_evaluation_r1i1p1f1_ICTP_RegCM5-0_v1-r1_1hr_200011300100-200012010000.nc
evspsblpot_CSAM-3_ERA5_evaluation_r1i1p1f1_ICTP_RegCM5-0_v1-r1_1hr_200012010100-200012020000.nc
evspsblpot_CSAM-3_ERA5_evaluation_r1i1p1f1_ICTP_RegCM5-0_v1-r1_1hr_200012020100-200012030000.nc
evspsblpot_CSAM-3_ERA5_evaluation_r1i1p1f1_ICTP_RegCM5-0_v1-r1_1hr_200012030100-200012040000.nc
evspsblpot_CSAM-3_ERA5_evaluation_r1i1p1f1_ICTP_RegCM5-0_v1-r1_1hr_200012040100-200012050000.nc
evspsblpot_CSAM-3_ERA5_evaluation_r1i1p1f1_ICTP_RegCM5-0_v1-r1_1hr_200012050100-200012060000.nc
evspsblpot_CSAM-3_ERA5_evaluation_r1i1p1f1_ICTP_RegCM5-0_v1-r1_1hr_200012060100-200012070000.nc
evspsblpot_CSAM-3_ERA5_evaluation_r1i1p1f1_ICTP_RegCM5-0_v1-r1_1hr_200012070100-200012080000.nc
evspsblpot_CSAM-3_ERA5_evaluation_r1i1p1f1_ICTP_RegCM5-0_v1-r1_1hr_200012080100-200012090000.nc
evspsblpot_CSAM-3_ERA5_evaluation_r1i1p1f1_ICTP_RegCM5-0_v1-r1_1hr_200012090100-200012100000.nc
evspsblpot_CSAM-3_ERA5_evaluation_r1i1p1f1_ICTP_RegCM5-0_v1-r1_1hr_200012100100-200012110000.nc
evspsblpot_CSAM-3_ERA5_evaluation_r1i1p1f1_ICTP_RegCM5-0_v1-r1_1hr_200012110100-200012120000.nc
evspsblpot_CSAM-3_ERA5_evaluation_r1i1p1f1_ICTP_RegCM5-0_v1-r1_1hr_200012120100-200012130000.nc
evspsblpot_CSAM-3_ERA5_evaluation_r1i1p1f1_ICTP_RegCM5-0_v1-r1_1hr_200012130100-200012140000.nc
evspsblpot_CSAM-3_ERA5_evaluation_r1i1p1f1_ICTP_RegCM5-0_v1-r1_1hr_200012140100-200012150000.nc
evspsblpot_CSAM-3_ERA5_evaluation_r1i1p1f1_ICTP_RegCM5-0_v1-r1_1hr_200012150100-200012160000.nc
evspsblpot_CSAM-3_ERA5_evaluation_r1i1p1f1_ICTP_RegCM5-0_v1-r1_1hr_200012160100-200012170000.nc
evspsblpot_CSAM-3_ERA5_evaluation_r1i1p1f1_ICTP_RegCM5-0_v1-r1_1hr_200012170100-200012180000.nc
evspsblpot_CSAM-3_ERA5_evaluation_r1i1p1f1_ICTP_RegCM5-0_v1-r1_1hr_200012180100-200012190000.nc
evspsblpot_CSAM-3_ERA5_evaluation_r1i1p1f1_ICTP_RegCM5-0_v1-r1_1hr_200012190100-200012200000.nc
evspsblpot_CSAM-3_ERA5_evaluation_r1i1p1f1_ICTP_RegCM5-0_v1-r1_1hr_200012200100-200012210000.nc
evspsblpot_CSAM-3_ERA5_evaluation_r1i1p1f1_ICTP_RegCM5-0_v1-r1_1hr_200012210100-200012220000.nc
evspsblpot_CSAM-3_ERA5_evaluation_r1i1p1f1_ICTP_RegCM5-0_v1-r1_1hr_200012220100-200012230000.nc
evspsblpot_CSAM-3_ERA5_evaluation_r1i1p1f1_ICTP_RegCM5-0_v1-r1_1hr_200012230100-200012240000.nc
evspsblpot_CSAM-3_ERA5_evaluation_r1i1p1f1_ICTP_RegCM5-0_v1-r1_1hr_200012240100-200012250000.nc
evspsblpot_CSAM-3_ERA5_evaluation_r1i1p1f1_ICTP_RegCM5-0_v1-r1_1hr_200012250100-200012260000.nc
evspsblpot_CSAM-3_ERA5_evaluation_r1i1p1f1_ICTP_RegCM5-0_v1-r1_1hr_200012260100-200012270000.nc
evspsblpot_CSAM-3_ERA5_evaluation_r1i1p1f1_ICTP_RegCM5-0_v1-r1_1hr_200012270100-200012280000.nc
evspsblpot_CSAM-3_ERA5_evaluation_r1i1p1f1_ICTP_RegCM5-0_v1-r1_1hr_200012280100-200012290000.nc
evspsblpot_CSAM-3_ERA5_evaluation_r1i1p1f1_ICTP_RegCM5-0_v1-r1_1hr_200012290100-200012300000.nc
evspsblpot_CSAM-3_ERA5_evaluation_r1i1p1f1_ICTP_RegCM5-0_v1-r1_1hr_200012300100-200012310000.nc
evspsblpot_CSAM-3_ERA5_evaluation_r1i1p1f1_ICTP_RegCM5-0_v1-r1_1hr_200012310100-200101010000.nc
Files: hfls_CSAM-3_ERA5_evaluation_r1i1p1f1_ICTP_RegCM5-0_v1-r1_1hr_200001010100-200001020000.nc
hfls_CSAM-3_ERA5_evaluation_r1i1p1f1_ICTP_RegCM5-0_v1-r1_1hr_200001020100-200001030000.nc
hfls_CSAM-3_ERA5_evaluation_r1i1p1f1_ICTP_RegCM5-0_v1-r1_1hr_200001030100-200001040000.nc
hfls_CSAM-3_ERA5_evaluation_r1i1p1f1_ICTP_RegCM5-0_v1-r1_1hr_200001040100-200001050000.nc
hfls_CSAM-3_ERA5_evaluation_r1i1p1f1_ICTP_RegCM5-0_v1-r1_1hr_200001050100-200001060000.nc
hfls_CSAM-3_ERA5_evaluation_r1i1p1f1_ICTP_RegCM5-0_v1-r1_1hr_200001060100-200001070000.nc
hfls_CSAM-3_ERA5_evaluation_r1i1p1f1_ICTP_RegCM5-0_v1-r1_1hr_200001070100-200001080000.nc
hfls_CSAM-3_ERA5_evaluation_r1i1p1f1_ICTP_RegCM5-0_v1-r1_1hr_200001080100-200001090000.nc
hfls_CSAM-3_ERA5_evaluation_r1i1p1f1_ICTP_RegCM5-0_v1-r1_1hr_200001090100-200001100000.nc
hfls_CSAM-3_ERA5_evaluation_r1i1p1f1_ICTP_RegCM5-0_v1-r1_1hr_200001100100-200001110000.nc
hfls_CSAM-3_ERA5_evaluation_r1i1p1f1_ICTP_RegCM5-0_v1-r1_1hr_200001110100-200001120000.nc
hfls_CSAM-3_ERA5_evaluation_r1i1p1f1_ICTP_RegCM5-0_v1-r1_1hr_200001120100-200001130000.nc
hfls_CSAM-3_ERA5_evaluation_r1i1p1f1_ICTP_RegCM5-0_v1-r1_1hr_200001130100-200001140000.nc
hfls_CSAM-3_ERA5_evaluation_r1i1p1f1_ICTP_RegCM5-0_v1-r1_1hr_200001140100-200001150000.nc
hfls_CSAM-3_ERA5_evaluation_r1i1p1f1_ICTP_RegCM5-0_v1-r1_1hr_200001150100-200001160000.nc
hfls_CSAM-3_ERA5_evaluation_r1i1p1f1_ICTP_RegCM5-0_v1-r1_1hr_200001160100-200001170000.nc
hfls_CSAM-3_ERA5_evaluation_r1i1p1f1_ICTP_RegCM5-0_v1-r1_1hr_200001170100-200001180000.nc
hfls_CSAM-3_ERA5_evaluation_r1i1p1f1_ICTP_RegCM5-0_v1-r1_1hr_200001180100-200001190000.nc
hfls_CSAM-3_ERA5_evaluation_r1i1p1f1_ICTP_RegCM5-0_v1-r1_1hr_200001190100-200001200000.nc
hfls_CSAM-3_ERA5_evaluation_r1i1p1f1_ICTP_RegCM5-0_v1-r1_1hr_200001200100-200001210000.nc
hfls_CSAM-3_ERA5_evaluation_r1i1p1f1_ICTP_RegCM5-0_v1-r1_1hr_200001210100-200001220000.nc
hfls_CSAM-3_ERA5_evaluation_r1i1p1f1_ICTP_RegCM5-0_v1-r1_1hr_200001220100-200001230000.nc
hfls_CSAM-3_ERA5_evaluation_r1i1p1f1_ICTP_RegCM5-0_v1-r1_1hr_200001230100-200001240000.nc
hfls_CSAM-3_ERA5_evaluation_r1i1p1f1_ICTP_RegCM5-0_v1-r1_1hr_200001240100-200001250000.nc
hfls_CSAM-3_ERA5_evaluation_r1i1p1f1_ICTP_RegCM5-0_v1-r1_1hr_200001250100-200001260000.nc
hfls_CSAM-3_ERA5_evaluation_r1i1p1f1_ICTP_RegCM5-0_v1-r1_1hr_200001260100-200001270000.nc
hfls_CSAM-3_ERA5_evaluation_r1i1p1f1_ICTP_RegCM5-0_v1-r1_1hr_200001270100-200001280000.nc
hfls_CSAM-3_ERA5_evaluation_r1i1p1f1_ICTP_RegCM5-0_v1-r1_1hr_200001280100-200001290000.nc
hfls_CSAM-3_ERA5_evaluation_r1i1p1f1_ICTP_RegCM5-0_v1-r1_1hr_200001290100-200001300000.nc
hfls_CSAM-3_ERA5_evaluation_r1i1p1f1_ICTP_RegCM5-0_v1-r1_1hr_200001300100-200001310000.nc
hfls_CSAM-3_ERA5_evaluation_r1i1p1f1_ICTP_RegCM5-0_v1-r1_1hr_200001310100-200002010000.nc
hfls_CSAM-3_ERA5_evaluation_r1i1p1f1_ICTP_RegCM5-0_v1-r1_1hr_200002010100-200002020000.nc
hfls_CSAM-3_ERA5_evaluation_r1i1p1f1_ICTP_RegCM5-0_v1-r1_1hr_200002020100-200002030000.nc
hfls_CSAM-3_ERA5_evaluation_r1i1p1f1_ICTP_RegCM5-0_v1-r1_1hr_200002030100-200002040000.nc
hfls_CSAM-3_ERA5_evaluation_r1i1p1f1_ICTP_RegCM5-0_v1-r1_1hr_200002040100-200002050000.nc
hfls_CSAM-3_ERA5_evaluation_r1i1p1f1_ICTP_RegCM5-0_v1-r1_1hr_200002050100-200002060000.nc
hfls_CSAM-3_ERA5_evaluation_r1i1p1f1_ICTP_RegCM5-0_v1-r1_1hr_200002060100-200002070000.nc
hfls_CSAM-3_ERA5_evaluation_r1i1p1f1_ICTP_RegCM5-0_v1-r1_1hr_200002070100-200002080000.nc
hfls_CSAM-3_ERA5_evaluation_r1i1p1f1_ICTP_RegCM5-0_v1-r1_1hr_200002080100-200002090000.nc
hfls_CSAM-3_ERA5_evaluation_r1i1p1f1_ICTP_RegCM5-0_v1-r1_1hr_200002090100-200002100000.nc
hfls_CSAM-3_ERA5_evaluation_r1i1p1f1_ICTP_RegCM5-0_v1-r1_1hr_200002100100-200002110000.nc
hfls_CSAM-3_ERA5_evaluation_r1i1p1f1_ICTP_RegCM5-0_v1-r1_1hr_200002110100-200002120000.nc
hfls_CSAM-3_ERA5_evaluation_r1i1p1f1_ICTP_RegCM5-0_v1-r1_1hr_200002120100-200002130000.nc
hfls_CSAM-3_ERA5_evaluation_r1i1p1f1_ICTP_RegCM5-0_v1-r1_1hr_200002130100-200002140000.nc
hfls_CSAM-3_ERA5_evaluation_r1i1p1f1_ICTP_RegCM5-0_v1-r1_1hr_200002140100-200002150000.nc
hfls_CSAM-3_ERA5_evaluation_r1i1p1f1_ICTP_RegCM5-0_v1-r1_1hr_200002150100-200002160000.nc
hfls_CSAM-3_ERA5_evaluation_r1i1p1f1_ICTP_RegCM5-0_v1-r1_1hr_200002160100-200002170000.nc
hfls_CSAM-3_ERA5_evaluation_r1i1p1f1_ICTP_RegCM5-0_v1-r1_1hr_200002170100-200002180000.nc
hfls_CSAM-3_ERA5_evaluation_r1i1p1f1_ICTP_RegCM5-0_v1-r1_1hr_200002180100-200002190000.nc
hfls_CSAM-3_ERA5_evaluation_r1i1p1f1_ICTP_RegCM5-0_v1-r1_1hr_200002190100-200002200000.nc
hfls_CSAM-3_ERA5_evaluation_r1i1p1f1_ICTP_RegCM5-0_v1-r1_1hr_200002200100-200002210000.nc
hfls_CSAM-3_ERA5_evaluation_r1i1p1f1_ICTP_RegCM5-0_v1-r1_1hr_200002210100-200002220000.nc
hfls_CSAM-3_ERA5_evaluation_r1i1p1f1_ICTP_RegCM5-0_v1-r1_1hr_200002220100-200002230000.nc
hfls_CSAM-3_ERA5_evaluation_r1i1p1f1_ICTP_RegCM5-0_v1-r1_1hr_200002230100-200002240000.nc
hfls_CSAM-3_ERA5_evaluation_r1i1p1f1_ICTP_RegCM5-0_v1-r1_1hr_200002240100-200002250000.nc
hfls_CSAM-3_ERA5_evaluation_r1i1p1f1_ICTP_RegCM5-0_v1-r1_1hr_200002250100-200002260000.nc
hfls_CSAM-3_ERA5_evaluation_r1i1p1f1_ICTP_RegCM5-0_v1-r1_1hr_200002260100-200002270000.nc
hfls_CSAM-3_ERA5_evaluation_r1i1p1f1_ICTP_RegCM5-0_v1-r1_1hr_200002270100-200002280000.nc
hfls_CSAM-3_ERA5_evaluation_r1i1p1f1_ICTP_RegCM5-0_v1-r1_1hr_200002280100-200002290000.nc
hfls_CSAM-3_ERA5_evaluation_r1i1p1f1_ICTP_RegCM5-0_v1-r1_1hr_200002290100-200003010000.nc
hfls_CSAM-3_ERA5_evaluation_r1i1p1f1_ICTP_RegCM5-0_v1-r1_1hr_200003010100-200003020000.nc
hfls_CSAM-3_ERA5_evaluation_r1i1p1f1_ICTP_RegCM5-0_v1-r1_1hr_200003020100-200003030000.nc
hfls_CSAM-3_ERA5_evaluation_r1i1p1f1_ICTP_RegCM5-0_v1-r1_1hr_200003030100-200003040000.nc
hfls_CSAM-3_ERA5_evaluation_r1i1p1f1_ICTP_RegCM5-0_v1-r1_1hr_200003040100-200003050000.nc
hfls_CSAM-3_ERA5_evaluation_r1i1p1f1_ICTP_RegCM5-0_v1-r1_1hr_200003050100-200003060000.nc
hfls_CSAM-3_ERA5_evaluation_r1i1p1f1_ICTP_RegCM5-0_v1-r1_1hr_200003060100-200003070000.nc
hfls_CSAM-3_ERA5_evaluation_r1i1p1f1_ICTP_RegCM5-0_v1-r1_1hr_200003070100-200003080000.nc
hfls_CSAM-3_ERA5_evaluation_r1i1p1f1_ICTP_RegCM5-0_v1-r1_1hr_200003080100-200003090000.nc
hfls_CSAM-3_ERA5_evaluation_r1i1p1f1_ICTP_RegCM5-0_v1-r1_1hr_200003090100-200003100000.nc
hfls_CSAM-3_ERA5_evaluation_r1i1p1f1_ICTP_RegCM5-0_v1-r1_1hr_200003100100-200003110000.nc
hfls_CSAM-3_ERA5_evaluation_r1i1p1f1_ICTP_RegCM5-0_v1-r1_1hr_200003110100-200003120000.nc
hfls_CSAM-3_ERA5_evaluation_r1i1p1f1_ICTP_RegCM5-0_v1-r1_1hr_200003120100-200003130000.nc
hfls_CSAM-3_ERA5_evaluation_r1i1p1f1_ICTP_RegCM5-0_v1-r1_1hr_200003130100-200003140000.nc
hfls_CSAM-3_ERA5_evaluation_r1i1p1f1_ICTP_RegCM5-0_v1-r1_1hr_200003140100-200003150000.nc
hfls_CSAM-3_ERA5_evaluation_r1i1p1f1_ICTP_RegCM5-0_v1-r1_1hr_200003150100-200003160000.nc
hfls_CSAM-3_ERA5_evaluation_r1i1p1f1_ICTP_RegCM5-0_v1-r1_1hr_200003160100-200003170000.nc
hfls_CSAM-3_ERA5_evaluation_r1i1p1f1_ICTP_RegCM5-0_v1-r1_1hr_200003170100-200003180000.nc
hfls_CSAM-3_ERA5_evaluation_r1i1p1f1_ICTP_RegCM5-0_v1-r1_1hr_200003180100-200003190000.nc
hfls_CSAM-3_ERA5_evaluation_r1i1p1f1_ICTP_RegCM5-0_v1-r1_1hr_200003190100-200003200000.nc
hfls_CSAM-3_ERA5_evaluation_r1i1p1f1_ICTP_RegCM5-0_v1-r1_1hr_200003200100-200003210000.nc
hfls_CSAM-3_ERA5_evaluation_r1i1p1f1_ICTP_RegCM5-0_v1-r1_1hr_200003210100-200003220000.nc
hfls_CSAM-3_ERA5_evaluation_r1i1p1f1_ICTP_RegCM5-0_v1-r1_1hr_200003220100-200003230000.nc
hfls_CSAM-3_ERA5_evaluation_r1i1p1f1_ICTP_RegCM5-0_v1-r1_1hr_200003230100-200003240000.nc
hfls_CSAM-3_ERA5_evaluation_r1i1p1f1_ICTP_RegCM5-0_v1-r1_1hr_200003240100-200003250000.nc
hfls_CSAM-3_ERA5_evaluation_r1i1p1f1_ICTP_RegCM5-0_v1-r1_1hr_200003250100-200003260000.nc
hfls_CSAM-3_ERA5_evaluation_r1i1p1f1_ICTP_RegCM5-0_v1-r1_1hr_200003260100-200003270000.nc
hfls_CSAM-3_ERA5_evaluation_r1i1p1f1_ICTP_RegCM5-0_v1-r1_1hr_200003270100-200003280000.nc
hfls_CSAM-3_ERA5_evaluation_r1i1p1f1_ICTP_RegCM5-0_v1-r1_1hr_200003280100-200003290000.nc
hfls_CSAM-3_ERA5_evaluation_r1i1p1f1_ICTP_RegCM5-0_v1-r1_1hr_200003290100-200003300000.nc
hfls_CSAM-3_ERA5_evaluation_r1i1p1f1_ICTP_RegCM5-0_v1-r1_1hr_200003300100-200003310000.nc
hfls_CSAM-3_ERA5_evaluation_r1i1p1f1_ICTP_RegCM5-0_v1-r1_1hr_200003310100-200004010000.nc
hfls_CSAM-3_ERA5_evaluation_r1i1p1f1_ICTP_RegCM5-0_v1-r1_1hr_200004010100-200004020000.nc
hfls_CSAM-3_ERA5_evaluation_r1i1p1f1_ICTP_RegCM5-0_v1-r1_1hr_200004020100-200004030000.nc
hfls_CSAM-3_ERA5_evaluation_r1i1p1f1_ICTP_RegCM5-0_v1-r1_1hr_200004030100-200004040000.nc
hfls_CSAM-3_ERA5_evaluation_r1i1p1f1_ICTP_RegCM5-0_v1-r1_1hr_200004040100-200004050000.nc
hfls_CSAM-3_ERA5_evaluation_r1i1p1f1_ICTP_RegCM5-0_v1-r1_1hr_200004050100-200004060000.nc
hfls_CSAM-3_ERA5_evaluation_r1i1p1f1_ICTP_RegCM5-0_v1-r1_1hr_200004060100-200004070000.nc
hfls_CSAM-3_ERA5_evaluation_r1i1p1f1_ICTP_RegCM5-0_v1-r1_1hr_200004070100-200004080000.nc
hfls_CSAM-3_ERA5_evaluation_r1i1p1f1_ICTP_RegCM5-0_v1-r1_1hr_200004080100-200004090000.nc
hfls_CSAM-3_ERA5_evaluation_r1i1p1f1_ICTP_RegCM5-0_v1-r1_1hr_200004090100-200004100000.nc
hfls_CSAM-3_ERA5_evaluation_r1i1p1f1_ICTP_RegCM5-0_v1-r1_1hr_200004100100-200004110000.nc
hfls_CSAM-3_ERA5_evaluation_r1i1p1f1_ICTP_RegCM5-0_v1-r1_1hr_200004110100-200004120000.nc
hfls_CSAM-3_ERA5_evaluation_r1i1p1f1_ICTP_RegCM5-0_v1-r1_1hr_200004120100-200004130000.nc
hfls_CSAM-3_ERA5_evaluation_r1i1p1f1_ICTP_RegCM5-0_v1-r1_1hr_200004130100-200004140000.nc
hfls_CSAM-3_ERA5_evaluation_r1i1p1f1_ICTP_RegCM5-0_v1-r1_1hr_200004140100-200004150000.nc
hfls_CSAM-3_ERA5_evaluation_r1i1p1f1_ICTP_RegCM5-0_v1-r1_1hr_200004150100-200004160000.nc
hfls_CSAM-3_ERA5_evaluation_r1i1p1f1_ICTP_RegCM5-0_v1-r1_1hr_200004160100-200004170000.nc
hfls_CSAM-3_ERA5_evaluation_r1i1p1f1_ICTP_RegCM5-0_v1-r1_1hr_200004170100-200004180000.nc
hfls_CSAM-3_ERA5_evaluation_r1i1p1f1_ICTP_RegCM5-0_v1-r1_1hr_200004180100-200004190000.nc
hfls_CSAM-3_ERA5_evaluation_r1i1p1f1_ICTP_RegCM5-0_v1-r1_1hr_200004190100-200004200000.nc
hfls_CSAM-3_ERA5_evaluation_r1i1p1f1_ICTP_RegCM5-0_v1-r1_1hr_200004200100-200004210000.nc
hfls_CSAM-3_ERA5_evaluation_r1i1p1f1_ICTP_RegCM5-0_v1-r1_1hr_200004210100-200004220000.nc
hfls_CSAM-3_ERA5_evaluation_r1i1p1f1_ICTP_RegCM5-0_v1-r1_1hr_200004220100-200004230000.nc
hfls_CSAM-3_ERA5_evaluation_r1i1p1f1_ICTP_RegCM5-0_v1-r1_1hr_200004230100-200004240000.nc
hfls_CSAM-3_ERA5_evaluation_r1i1p1f1_ICTP_RegCM5-0_v1-r1_1hr_200004240100-200004250000.nc
hfls_CSAM-3_ERA5_evaluation_r1i1p1f1_ICTP_RegCM5-0_v1-r1_1hr_200004250100-200004260000.nc
hfls_CSAM-3_ERA5_evaluation_r1i1p1f1_ICTP_RegCM5-0_v1-r1_1hr_200004260100-200004270000.nc
hfls_CSAM-3_ERA5_evaluation_r1i1p1f1_ICTP_RegCM5-0_v1-r1_1hr_200004270100-200004280000.nc
hfls_CSAM-3_ERA5_evaluation_r1i1p1f1_ICTP_RegCM5-0_v1-r1_1hr_200004280100-200004290000.nc
hfls_CSAM-3_ERA5_evaluation_r1i1p1f1_ICTP_RegCM5-0_v1-r1_1hr_200004290100-200004300000.nc
hfls_CSAM-3_ERA5_evaluation_r1i1p1f1_ICTP_RegCM5-0_v1-r1_1hr_200004300100-200005010000.nc
hfls_CSAM-3_ERA5_evaluation_r1i1p1f1_ICTP_RegCM5-0_v1-r1_1hr_200005010100-200005020000.nc
hfls_CSAM-3_ERA5_evaluation_r1i1p1f1_ICTP_RegCM5-0_v1-r1_1hr_200005020100-200005030000.nc
hfls_CSAM-3_ERA5_evaluation_r1i1p1f1_ICTP_RegCM5-0_v1-r1_1hr_200005030100-200005040000.nc
hfls_CSAM-3_ERA5_evaluation_r1i1p1f1_ICTP_RegCM5-0_v1-r1_1hr_200005040100-200005050000.nc
hfls_CSAM-3_ERA5_evaluation_r1i1p1f1_ICTP_RegCM5-0_v1-r1_1hr_200005050100-200005060000.nc
hfls_CSAM-3_ERA5_evaluation_r1i1p1f1_ICTP_RegCM5-0_v1-r1_1hr_200005060100-200005070000.nc
hfls_CSAM-3_ERA5_evaluation_r1i1p1f1_ICTP_RegCM5-0_v1-r1_1hr_200005070100-200005080000.nc
hfls_CSAM-3_ERA5_evaluation_r1i1p1f1_ICTP_RegCM5-0_v1-r1_1hr_200005080100-200005090000.nc
hfls_CSAM-3_ERA5_evaluation_r1i1p1f1_ICTP_RegCM5-0_v1-r1_1hr_200005090100-200005100000.nc
hfls_CSAM-3_ERA5_evaluation_r1i1p1f1_ICTP_RegCM5-0_v1-r1_1hr_200005100100-200005110000.nc
hfls_CSAM-3_ERA5_evaluation_r1i1p1f1_ICTP_RegCM5-0_v1-r1_1hr_200005110100-200005120000.nc
hfls_CSAM-3_ERA5_evaluation_r1i1p1f1_ICTP_RegCM5-0_v1-r1_1hr_200005120100-200005130000.nc
hfls_CSAM-3_ERA5_evaluation_r1i1p1f1_ICTP_RegCM5-0_v1-r1_1hr_200005130100-200005140000.nc
hfls_CSAM-3_ERA5_evaluation_r1i1p1f1_ICTP_RegCM5-0_v1-r1_1hr_200005140100-200005150000.nc
hfls_CSAM-3_ERA5_evaluation_r1i1p1f1_ICTP_RegCM5-0_v1-r1_1hr_200005150100-200005160000.nc
hfls_CSAM-3_ERA5_evaluation_r1i1p1f1_ICTP_RegCM5-0_v1-r1_1hr_200005160100-200005170000.nc
hfls_CSAM-3_ERA5_evaluation_r1i1p1f1_ICTP_RegCM5-0_v1-r1_1hr_200005170100-200005180000.nc
hfls_CSAM-3_ERA5_evaluation_r1i1p1f1_ICTP_RegCM5-0_v1-r1_1hr_200005180100-200005190000.nc
hfls_CSAM-3_ERA5_evaluation_r1i1p1f1_ICTP_RegCM5-0_v1-r1_1hr_200005190100-200005200000.nc
hfls_CSAM-3_ERA5_evaluation_r1i1p1f1_ICTP_RegCM5-0_v1-r1_1hr_200005200100-200005210000.nc
hfls_CSAM-3_ERA5_evaluation_r1i1p1f1_ICTP_RegCM5-0_v1-r1_1hr_200005210100-200005220000.nc
hfls_CSAM-3_ERA5_evaluation_r1i1p1f1_ICTP_RegCM5-0_v1-r1_1hr_200005220100-200005230000.nc
hfls_CSAM-3_ERA5_evaluation_r1i1p1f1_ICTP_RegCM5-0_v1-r1_1hr_200005230100-200005240000.nc
hfls_CSAM-3_ERA5_evaluation_r1i1p1f1_ICTP_RegCM5-0_v1-r1_1hr_200005240100-200005250000.nc
hfls_CSAM-3_ERA5_evaluation_r1i1p1f1_ICTP_RegCM5-0_v1-r1_1hr_200005250100-200005260000.nc
hfls_CSAM-3_ERA5_evaluation_r1i1p1f1_ICTP_RegCM5-0_v1-r1_1hr_200005260100-200005270000.nc
hfls_CSAM-3_ERA5_evaluation_r1i1p1f1_ICTP_RegCM5-0_v1-r1_1hr_200005270100-200005280000.nc
hfls_CSAM-3_ERA5_evaluation_r1i1p1f1_ICTP_RegCM5-0_v1-r1_1hr_200005280100-200005290000.nc
hfls_CSAM-3_ERA5_evaluation_r1i1p1f1_ICTP_RegCM5-0_v1-r1_1hr_200005290100-200005300000.nc
hfls_CSAM-3_ERA5_evaluation_r1i1p1f1_ICTP_RegCM5-0_v1-r1_1hr_200005300100-200005310000.nc
hfls_CSAM-3_ERA5_evaluation_r1i1p1f1_ICTP_RegCM5-0_v1-r1_1hr_200005310100-200006010000.nc
hfls_CSAM-3_ERA5_evaluation_r1i1p1f1_ICTP_RegCM5-0_v1-r1_1hr_200006010100-200006020000.nc
hfls_CSAM-3_ERA5_evaluation_r1i1p1f1_ICTP_RegCM5-0_v1-r1_1hr_200006020100-200006030000.nc
hfls_CSAM-3_ERA5_evaluation_r1i1p1f1_ICTP_RegCM5-0_v1-r1_1hr_200006030100-200006040000.nc
hfls_CSAM-3_ERA5_evaluation_r1i1p1f1_ICTP_RegCM5-0_v1-r1_1hr_200006040100-200006050000.nc
hfls_CSAM-3_ERA5_evaluation_r1i1p1f1_ICTP_RegCM5-0_v1-r1_1hr_200006050100-200006060000.nc
hfls_CSAM-3_ERA5_evaluation_r1i1p1f1_ICTP_RegCM5-0_v1-r1_1hr_200006060100-200006070000.nc
hfls_CSAM-3_ERA5_evaluation_r1i1p1f1_ICTP_RegCM5-0_v1-r1_1hr_200006070100-200006080000.nc
hfls_CSAM-3_ERA5_evaluation_r1i1p1f1_ICTP_RegCM5-0_v1-r1_1hr_200006080100-200006090000.nc
hfls_CSAM-3_ERA5_evaluation_r1i1p1f1_ICTP_RegCM5-0_v1-r1_1hr_200006090100-200006100000.nc
hfls_CSAM-3_ERA5_evaluation_r1i1p1f1_ICTP_RegCM5-0_v1-r1_1hr_200006100100-200006110000.nc
hfls_CSAM-3_ERA5_evaluation_r1i1p1f1_ICTP_RegCM5-0_v1-r1_1hr_200006110100-200006120000.nc
hfls_CSAM-3_ERA5_evaluation_r1i1p1f1_ICTP_RegCM5-0_v1-r1_1hr_200006120100-200006130000.nc
hfls_CSAM-3_ERA5_evaluation_r1i1p1f1_ICTP_RegCM5-0_v1-r1_1hr_200006130100-200006140000.nc
hfls_CSAM-3_ERA5_evaluation_r1i1p1f1_ICTP_RegCM5-0_v1-r1_1hr_200006140100-200006150000.nc
hfls_CSAM-3_ERA5_evaluation_r1i1p1f1_ICTP_RegCM5-0_v1-r1_1hr_200006150100-200006160000.nc
hfls_CSAM-3_ERA5_evaluation_r1i1p1f1_ICTP_RegCM5-0_v1-r1_1hr_200006160100-200006170000.nc
hfls_CSAM-3_ERA5_evaluation_r1i1p1f1_ICTP_RegCM5-0_v1-r1_1hr_200006170100-200006180000.nc
hfls_CSAM-3_ERA5_evaluation_r1i1p1f1_ICTP_RegCM5-0_v1-r1_1hr_200006180100-200006190000.nc
hfls_CSAM-3_ERA5_evaluation_r1i1p1f1_ICTP_RegCM5-0_v1-r1_1hr_200006190100-200006200000.nc
hfls_CSAM-3_ERA5_evaluation_r1i1p1f1_ICTP_RegCM5-0_v1-r1_1hr_200006200100-200006210000.nc
hfls_CSAM-3_ERA5_evaluation_r1i1p1f1_ICTP_RegCM5-0_v1-r1_1hr_200006210100-200006220000.nc
hfls_CSAM-3_ERA5_evaluation_r1i1p1f1_ICTP_RegCM5-0_v1-r1_1hr_200006220100-200006230000.nc
hfls_CSAM-3_ERA5_evaluation_r1i1p1f1_ICTP_RegCM5-0_v1-r1_1hr_200006230100-200006240000.nc
hfls_CSAM-3_ERA5_evaluation_r1i1p1f1_ICTP_RegCM5-0_v1-r1_1hr_200006240100-200006250000.nc
hfls_CSAM-3_ERA5_evaluation_r1i1p1f1_ICTP_RegCM5-0_v1-r1_1hr_200006250100-200006260000.nc
hfls_CSAM-3_ERA5_evaluation_r1i1p1f1_ICTP_RegCM5-0_v1-r1_1hr_200006260100-200006270000.nc
hfls_CSAM-3_ERA5_evaluation_r1i1p1f1_ICTP_RegCM5-0_v1-r1_1hr_200006270100-200006280000.nc
hfls_CSAM-3_ERA5_evaluation_r1i1p1f1_ICTP_RegCM5-0_v1-r1_1hr_200006280100-200006290000.nc
hfls_CSAM-3_ERA5_evaluation_r1i1p1f1_ICTP_RegCM5-0_v1-r1_1hr_200006290100-200006300000.nc
hfls_CSAM-3_ERA5_evaluation_r1i1p1f1_ICTP_RegCM5-0_v1-r1_1hr_200006300100-200007010000.nc
hfls_CSAM-3_ERA5_evaluation_r1i1p1f1_ICTP_RegCM5-0_v1-r1_1hr_200007010100-200007020000.nc
hfls_CSAM-3_ERA5_evaluation_r1i1p1f1_ICTP_RegCM5-0_v1-r1_1hr_200007020100-200007030000.nc
hfls_CSAM-3_ERA5_evaluation_r1i1p1f1_ICTP_RegCM5-0_v1-r1_1hr_200007030100-200007040000.nc
hfls_CSAM-3_ERA5_evaluation_r1i1p1f1_ICTP_RegCM5-0_v1-r1_1hr_200007040100-200007050000.nc
hfls_CSAM-3_ERA5_evaluation_r1i1p1f1_ICTP_RegCM5-0_v1-r1_1hr_200007050100-200007060000.nc
hfls_CSAM-3_ERA5_evaluation_r1i1p1f1_ICTP_RegCM5-0_v1-r1_1hr_200007060100-200007070000.nc
hfls_CSAM-3_ERA5_evaluation_r1i1p1f1_ICTP_RegCM5-0_v1-r1_1hr_200007070100-200007080000.nc
hfls_CSAM-3_ERA5_evaluation_r1i1p1f1_ICTP_RegCM5-0_v1-r1_1hr_200007080100-200007090000.nc
hfls_CSAM-3_ERA5_evaluation_r1i1p1f1_ICTP_RegCM5-0_v1-r1_1hr_200007090100-200007100000.nc
hfls_CSAM-3_ERA5_evaluation_r1i1p1f1_ICTP_RegCM5-0_v1-r1_1hr_200007100100-200007110000.nc
hfls_CSAM-3_ERA5_evaluation_r1i1p1f1_ICTP_RegCM5-0_v1-r1_1hr_200007110100-200007120000.nc
hfls_CSAM-3_ERA5_evaluation_r1i1p1f1_ICTP_RegCM5-0_v1-r1_1hr_200007120100-200007130000.nc
hfls_CSAM-3_ERA5_evaluation_r1i1p1f1_ICTP_RegCM5-0_v1-r1_1hr_200007130100-200007140000.nc
hfls_CSAM-3_ERA5_evaluation_r1i1p1f1_ICTP_RegCM5-0_v1-r1_1hr_200007140100-200007150000.nc
hfls_CSAM-3_ERA5_evaluation_r1i1p1f1_ICTP_RegCM5-0_v1-r1_1hr_200007150100-200007160000.nc
hfls_CSAM-3_ERA5_evaluation_r1i1p1f1_ICTP_RegCM5-0_v1-r1_1hr_200007160100-200007170000.nc
hfls_CSAM-3_ERA5_evaluation_r1i1p1f1_ICTP_RegCM5-0_v1-r1_1hr_200007170100-200007180000.nc
hfls_CSAM-3_ERA5_evaluation_r1i1p1f1_ICTP_RegCM5-0_v1-r1_1hr_200007180100-200007190000.nc
hfls_CSAM-3_ERA5_evaluation_r1i1p1f1_ICTP_RegCM5-0_v1-r1_1hr_200007190100-200007200000.nc
hfls_CSAM-3_ERA5_evaluation_r1i1p1f1_ICTP_RegCM5-0_v1-r1_1hr_200007200100-200007210000.nc
hfls_CSAM-3_ERA5_evaluation_r1i1p1f1_ICTP_RegCM5-0_v1-r1_1hr_200007210100-200007220000.nc
hfls_CSAM-3_ERA5_evaluation_r1i1p1f1_ICTP_RegCM5-0_v1-r1_1hr_200007220100-200007230000.nc
hfls_CSAM-3_ERA5_evaluation_r1i1p1f1_ICTP_RegCM5-0_v1-r1_1hr_200007230100-200007240000.nc
hfls_CSAM-3_ERA5_evaluation_r1i1p1f1_ICTP_RegCM5-0_v1-r1_1hr_200007240100-200007250000.nc
hfls_CSAM-3_ERA5_evaluation_r1i1p1f1_ICTP_RegCM5-0_v1-r1_1hr_200007250100-200007260000.nc
hfls_CSAM-3_ERA5_evaluation_r1i1p1f1_ICTP_RegCM5-0_v1-r1_1hr_200007260100-200007270000.nc
hfls_CSAM-3_ERA5_evaluation_r1i1p1f1_ICTP_RegCM5-0_v1-r1_1hr_200007270100-200007280000.nc
hfls_CSAM-3_ERA5_evaluation_r1i1p1f1_ICTP_RegCM5-0_v1-r1_1hr_200007280100-200007290000.nc
hfls_CSAM-3_ERA5_evaluation_r1i1p1f1_ICTP_RegCM5-0_v1-r1_1hr_200007290100-200007300000.nc
hfls_CSAM-3_ERA5_evaluation_r1i1p1f1_ICTP_RegCM5-0_v1-r1_1hr_200007300100-200007310000.nc
hfls_CSAM-3_ERA5_evaluation_r1i1p1f1_ICTP_RegCM5-0_v1-r1_1hr_200007310100-200008010000.nc
hfls_CSAM-3_ERA5_evaluation_r1i1p1f1_ICTP_RegCM5-0_v1-r1_1hr_200008010100-200008020000.nc
hfls_CSAM-3_ERA5_evaluation_r1i1p1f1_ICTP_RegCM5-0_v1-r1_1hr_200008020100-200008030000.nc
hfls_CSAM-3_ERA5_evaluation_r1i1p1f1_ICTP_RegCM5-0_v1-r1_1hr_200008030100-200008040000.nc
hfls_CSAM-3_ERA5_evaluation_r1i1p1f1_ICTP_RegCM5-0_v1-r1_1hr_200008040100-200008050000.nc
hfls_CSAM-3_ERA5_evaluation_r1i1p1f1_ICTP_RegCM5-0_v1-r1_1hr_200008050100-200008060000.nc
hfls_CSAM-3_ERA5_evaluation_r1i1p1f1_ICTP_RegCM5-0_v1-r1_1hr_200008060100-200008070000.nc
hfls_CSAM-3_ERA5_evaluation_r1i1p1f1_ICTP_RegCM5-0_v1-r1_1hr_200008070100-200008080000.nc
hfls_CSAM-3_ERA5_evaluation_r1i1p1f1_ICTP_RegCM5-0_v1-r1_1hr_200008080100-200008090000.nc
hfls_CSAM-3_ERA5_evaluation_r1i1p1f1_ICTP_RegCM5-0_v1-r1_1hr_200008090100-200008100000.nc
hfls_CSAM-3_ERA5_evaluation_r1i1p1f1_ICTP_RegCM5-0_v1-r1_1hr_200008100100-200008110000.nc
hfls_CSAM-3_ERA5_evaluation_r1i1p1f1_ICTP_RegCM5-0_v1-r1_1hr_200008110100-200008120000.nc
hfls_CSAM-3_ERA5_evaluation_r1i1p1f1_ICTP_RegCM5-0_v1-r1_1hr_200008120100-200008130000.nc
hfls_CSAM-3_ERA5_evaluation_r1i1p1f1_ICTP_RegCM5-0_v1-r1_1hr_200008130100-200008140000.nc
hfls_CSAM-3_ERA5_evaluation_r1i1p1f1_ICTP_RegCM5-0_v1-r1_1hr_200008140100-200008150000.nc
hfls_CSAM-3_ERA5_evaluation_r1i1p1f1_ICTP_RegCM5-0_v1-r1_1hr_200008150100-200008160000.nc
hfls_CSAM-3_ERA5_evaluation_r1i1p1f1_ICTP_RegCM5-0_v1-r1_1hr_200008160100-200008170000.nc
hfls_CSAM-3_ERA5_evaluation_r1i1p1f1_ICTP_RegCM5-0_v1-r1_1hr_200008170100-200008180000.nc
hfls_CSAM-3_ERA5_evaluation_r1i1p1f1_ICTP_RegCM5-0_v1-r1_1hr_200008180100-200008190000.nc
hfls_CSAM-3_ERA5_evaluation_r1i1p1f1_ICTP_RegCM5-0_v1-r1_1hr_200008190100-200008200000.nc
hfls_CSAM-3_ERA5_evaluation_r1i1p1f1_ICTP_RegCM5-0_v1-r1_1hr_200008200100-200008210000.nc
hfls_CSAM-3_ERA5_evaluation_r1i1p1f1_ICTP_RegCM5-0_v1-r1_1hr_200008210100-200008220000.nc
hfls_CSAM-3_ERA5_evaluation_r1i1p1f1_ICTP_RegCM5-0_v1-r1_1hr_200008220100-200008230000.nc
hfls_CSAM-3_ERA5_evaluation_r1i1p1f1_ICTP_RegCM5-0_v1-r1_1hr_200008230100-200008240000.nc
hfls_CSAM-3_ERA5_evaluation_r1i1p1f1_ICTP_RegCM5-0_v1-r1_1hr_200008240100-200008250000.nc
hfls_CSAM-3_ERA5_evaluation_r1i1p1f1_ICTP_RegCM5-0_v1-r1_1hr_200008250100-200008260000.nc
hfls_CSAM-3_ERA5_evaluation_r1i1p1f1_ICTP_RegCM5-0_v1-r1_1hr_200008260100-200008270000.nc
hfls_CSAM-3_ERA5_evaluation_r1i1p1f1_ICTP_RegCM5-0_v1-r1_1hr_200008270100-200008280000.nc
hfls_CSAM-3_ERA5_evaluation_r1i1p1f1_ICTP_RegCM5-0_v1-r1_1hr_200008280100-200008290000.nc
hfls_CSAM-3_ERA5_evaluation_r1i1p1f1_ICTP_RegCM5-0_v1-r1_1hr_200008290100-200008300000.nc
hfls_CSAM-3_ERA5_evaluation_r1i1p1f1_ICTP_RegCM5-0_v1-r1_1hr_200008300100-200008310000.nc
hfls_CSAM-3_ERA5_evaluation_r1i1p1f1_ICTP_RegCM5-0_v1-r1_1hr_200008310100-200009010000.nc
hfls_CSAM-3_ERA5_evaluation_r1i1p1f1_ICTP_RegCM5-0_v1-r1_1hr_200009010100-200009020000.nc
hfls_CSAM-3_ERA5_evaluation_r1i1p1f1_ICTP_RegCM5-0_v1-r1_1hr_200009020100-200009030000.nc
hfls_CSAM-3_ERA5_evaluation_r1i1p1f1_ICTP_RegCM5-0_v1-r1_1hr_200009030100-200009040000.nc
hfls_CSAM-3_ERA5_evaluation_r1i1p1f1_ICTP_RegCM5-0_v1-r1_1hr_200009040100-200009050000.nc
hfls_CSAM-3_ERA5_evaluation_r1i1p1f1_ICTP_RegCM5-0_v1-r1_1hr_200009050100-200009060000.nc
hfls_CSAM-3_ERA5_evaluation_r1i1p1f1_ICTP_RegCM5-0_v1-r1_1hr_200009060100-200009070000.nc
hfls_CSAM-3_ERA5_evaluation_r1i1p1f1_ICTP_RegCM5-0_v1-r1_1hr_200009070100-200009080000.nc
hfls_CSAM-3_ERA5_evaluation_r1i1p1f1_ICTP_RegCM5-0_v1-r1_1hr_200009080100-200009090000.nc
hfls_CSAM-3_ERA5_evaluation_r1i1p1f1_ICTP_RegCM5-0_v1-r1_1hr_200009090100-200009100000.nc
hfls_CSAM-3_ERA5_evaluation_r1i1p1f1_ICTP_RegCM5-0_v1-r1_1hr_200009100100-200009110000.nc
hfls_CSAM-3_ERA5_evaluation_r1i1p1f1_ICTP_RegCM5-0_v1-r1_1hr_200009110100-200009120000.nc
hfls_CSAM-3_ERA5_evaluation_r1i1p1f1_ICTP_RegCM5-0_v1-r1_1hr_200009120100-200009130000.nc
hfls_CSAM-3_ERA5_evaluation_r1i1p1f1_ICTP_RegCM5-0_v1-r1_1hr_200009130100-200009140000.nc
hfls_CSAM-3_ERA5_evaluation_r1i1p1f1_ICTP_RegCM5-0_v1-r1_1hr_200009140100-200009150000.nc
hfls_CSAM-3_ERA5_evaluation_r1i1p1f1_ICTP_RegCM5-0_v1-r1_1hr_200009150100-200009160000.nc
hfls_CSAM-3_ERA5_evaluation_r1i1p1f1_ICTP_RegCM5-0_v1-r1_1hr_200009160100-200009170000.nc
hfls_CSAM-3_ERA5_evaluation_r1i1p1f1_ICTP_RegCM5-0_v1-r1_1hr_200009170100-200009180000.nc
hfls_CSAM-3_ERA5_evaluation_r1i1p1f1_ICTP_RegCM5-0_v1-r1_1hr_200009180100-200009190000.nc
hfls_CSAM-3_ERA5_evaluation_r1i1p1f1_ICTP_RegCM5-0_v1-r1_1hr_200009190100-200009200000.nc
hfls_CSAM-3_ERA5_evaluation_r1i1p1f1_ICTP_RegCM5-0_v1-r1_1hr_200009200100-200009210000.nc
hfls_CSAM-3_ERA5_evaluation_r1i1p1f1_ICTP_RegCM5-0_v1-r1_1hr_200009210100-200009220000.nc
hfls_CSAM-3_ERA5_evaluation_r1i1p1f1_ICTP_RegCM5-0_v1-r1_1hr_200009220100-200009230000.nc
hfls_CSAM-3_ERA5_evaluation_r1i1p1f1_ICTP_RegCM5-0_v1-r1_1hr_200009230100-200009240000.nc
hfls_CSAM-3_ERA5_evaluation_r1i1p1f1_ICTP_RegCM5-0_v1-r1_1hr_200009240100-200009250000.nc
hfls_CSAM-3_ERA5_evaluation_r1i1p1f1_ICTP_RegCM5-0_v1-r1_1hr_200009250100-200009260000.nc
hfls_CSAM-3_ERA5_evaluation_r1i1p1f1_ICTP_RegCM5-0_v1-r1_1hr_200009260100-200009270000.nc
hfls_CSAM-3_ERA5_evaluation_r1i1p1f1_ICTP_RegCM5-0_v1-r1_1hr_200009270100-200009280000.nc
hfls_CSAM-3_ERA5_evaluation_r1i1p1f1_ICTP_RegCM5-0_v1-r1_1hr_200009280100-200009290000.nc
hfls_CSAM-3_ERA5_evaluation_r1i1p1f1_ICTP_RegCM5-0_v1-r1_1hr_200009290100-200009300000.nc
hfls_CSAM-3_ERA5_evaluation_r1i1p1f1_ICTP_RegCM5-0_v1-r1_1hr_200009300100-200010010000.nc
hfls_CSAM-3_ERA5_evaluation_r1i1p1f1_ICTP_RegCM5-0_v1-r1_1hr_200010010100-200010020000.nc
hfls_CSAM-3_ERA5_evaluation_r1i1p1f1_ICTP_RegCM5-0_v1-r1_1hr_200010020100-200010030000.nc
hfls_CSAM-3_ERA5_evaluation_r1i1p1f1_ICTP_RegCM5-0_v1-r1_1hr_200010030100-200010040000.nc
hfls_CSAM-3_ERA5_evaluation_r1i1p1f1_ICTP_RegCM5-0_v1-r1_1hr_200010040100-200010050000.nc
hfls_CSAM-3_ERA5_evaluation_r1i1p1f1_ICTP_RegCM5-0_v1-r1_1hr_200010050100-200010060000.nc
hfls_CSAM-3_ERA5_evaluation_r1i1p1f1_ICTP_RegCM5-0_v1-r1_1hr_200010060100-200010070000.nc
hfls_CSAM-3_ERA5_evaluation_r1i1p1f1_ICTP_RegCM5-0_v1-r1_1hr_200010070100-200010080000.nc
hfls_CSAM-3_ERA5_evaluation_r1i1p1f1_ICTP_RegCM5-0_v1-r1_1hr_200010080100-200010090000.nc
hfls_CSAM-3_ERA5_evaluation_r1i1p1f1_ICTP_RegCM5-0_v1-r1_1hr_200010090100-200010100000.nc
hfls_CSAM-3_ERA5_evaluation_r1i1p1f1_ICTP_RegCM5-0_v1-r1_1hr_200010100100-200010110000.nc
hfls_CSAM-3_ERA5_evaluation_r1i1p1f1_ICTP_RegCM5-0_v1-r1_1hr_200010110100-200010120000.nc
hfls_CSAM-3_ERA5_evaluation_r1i1p1f1_ICTP_RegCM5-0_v1-r1_1hr_200010120100-200010130000.nc
hfls_CSAM-3_ERA5_evaluation_r1i1p1f1_ICTP_RegCM5-0_v1-r1_1hr_200010130100-200010140000.nc
hfls_CSAM-3_ERA5_evaluation_r1i1p1f1_ICTP_RegCM5-0_v1-r1_1hr_200010140100-200010150000.nc
hfls_CSAM-3_ERA5_evaluation_r1i1p1f1_ICTP_RegCM5-0_v1-r1_1hr_200010150100-200010160000.nc
hfls_CSAM-3_ERA5_evaluation_r1i1p1f1_ICTP_RegCM5-0_v1-r1_1hr_200010160100-200010170000.nc
hfls_CSAM-3_ERA5_evaluation_r1i1p1f1_ICTP_RegCM5-0_v1-r1_1hr_200010170100-200010180000.nc
hfls_CSAM-3_ERA5_evaluation_r1i1p1f1_ICTP_RegCM5-0_v1-r1_1hr_200010180100-200010190000.nc
hfls_CSAM-3_ERA5_evaluation_r1i1p1f1_ICTP_RegCM5-0_v1-r1_1hr_200010190100-200010200000.nc
hfls_CSAM-3_ERA5_evaluation_r1i1p1f1_ICTP_RegCM5-0_v1-r1_1hr_200010200100-200010210000.nc
hfls_CSAM-3_ERA5_evaluation_r1i1p1f1_ICTP_RegCM5-0_v1-r1_1hr_200010210100-200010220000.nc
hfls_CSAM-3_ERA5_evaluation_r1i1p1f1_ICTP_RegCM5-0_v1-r1_1hr_200010220100-200010230000.nc
hfls_CSAM-3_ERA5_evaluation_r1i1p1f1_ICTP_RegCM5-0_v1-r1_1hr_200010230100-200010240000.nc
hfls_CSAM-3_ERA5_evaluation_r1i1p1f1_ICTP_RegCM5-0_v1-r1_1hr_200010240100-200010250000.nc
hfls_CSAM-3_ERA5_evaluation_r1i1p1f1_ICTP_RegCM5-0_v1-r1_1hr_200010250100-200010260000.nc
hfls_CSAM-3_ERA5_evaluation_r1i1p1f1_ICTP_RegCM5-0_v1-r1_1hr_200010260100-200010270000.nc
hfls_CSAM-3_ERA5_evaluation_r1i1p1f1_ICTP_RegCM5-0_v1-r1_1hr_200010270100-200010280000.nc
hfls_CSAM-3_ERA5_evaluation_r1i1p1f1_ICTP_RegCM5-0_v1-r1_1hr_200010280100-200010290000.nc
hfls_CSAM-3_ERA5_evaluation_r1i1p1f1_ICTP_RegCM5-0_v1-r1_1hr_200010290100-200010300000.nc
hfls_CSAM-3_ERA5_evaluation_r1i1p1f1_ICTP_RegCM5-0_v1-r1_1hr_200010300100-200010310000.nc
hfls_CSAM-3_ERA5_evaluation_r1i1p1f1_ICTP_RegCM5-0_v1-r1_1hr_200010310100-200011010000.nc
hfls_CSAM-3_ERA5_evaluation_r1i1p1f1_ICTP_RegCM5-0_v1-r1_1hr_200011010100-200011020000.nc
hfls_CSAM-3_ERA5_evaluation_r1i1p1f1_ICTP_RegCM5-0_v1-r1_1hr_200011020100-200011030000.nc
hfls_CSAM-3_ERA5_evaluation_r1i1p1f1_ICTP_RegCM5-0_v1-r1_1hr_200011030100-200011040000.nc
hfls_CSAM-3_ERA5_evaluation_r1i1p1f1_ICTP_RegCM5-0_v1-r1_1hr_200011040100-200011050000.nc
hfls_CSAM-3_ERA5_evaluation_r1i1p1f1_ICTP_RegCM5-0_v1-r1_1hr_200011050100-200011060000.nc
hfls_CSAM-3_ERA5_evaluation_r1i1p1f1_ICTP_RegCM5-0_v1-r1_1hr_200011060100-200011070000.nc
hfls_CSAM-3_ERA5_evaluation_r1i1p1f1_ICTP_RegCM5-0_v1-r1_1hr_200011070100-200011080000.nc
hfls_CSAM-3_ERA5_evaluation_r1i1p1f1_ICTP_RegCM5-0_v1-r1_1hr_200011080100-200011090000.nc
hfls_CSAM-3_ERA5_evaluation_r1i1p1f1_ICTP_RegCM5-0_v1-r1_1hr_200011090100-200011100000.nc
hfls_CSAM-3_ERA5_evaluation_r1i1p1f1_ICTP_RegCM5-0_v1-r1_1hr_200011100100-200011110000.nc
hfls_CSAM-3_ERA5_evaluation_r1i1p1f1_ICTP_RegCM5-0_v1-r1_1hr_200011110100-200011120000.nc
hfls_CSAM-3_ERA5_evaluation_r1i1p1f1_ICTP_RegCM5-0_v1-r1_1hr_200011120100-200011130000.nc
hfls_CSAM-3_ERA5_evaluation_r1i1p1f1_ICTP_RegCM5-0_v1-r1_1hr_200011130100-200011140000.nc
hfls_CSAM-3_ERA5_evaluation_r1i1p1f1_ICTP_RegCM5-0_v1-r1_1hr_200011140100-200011150000.nc
hfls_CSAM-3_ERA5_evaluation_r1i1p1f1_ICTP_RegCM5-0_v1-r1_1hr_200011150100-200011160000.nc
hfls_CSAM-3_ERA5_evaluation_r1i1p1f1_ICTP_RegCM5-0_v1-r1_1hr_200011160100-200011170000.nc
hfls_CSAM-3_ERA5_evaluation_r1i1p1f1_ICTP_RegCM5-0_v1-r1_1hr_200011170100-200011180000.nc
hfls_CSAM-3_ERA5_evaluation_r1i1p1f1_ICTP_RegCM5-0_v1-r1_1hr_200011180100-200011190000.nc
hfls_CSAM-3_ERA5_evaluation_r1i1p1f1_ICTP_RegCM5-0_v1-r1_1hr_200011190100-200011200000.nc
hfls_CSAM-3_ERA5_evaluation_r1i1p1f1_ICTP_RegCM5-0_v1-r1_1hr_200011200100-200011210000.nc
hfls_CSAM-3_ERA5_evaluation_r1i1p1f1_ICTP_RegCM5-0_v1-r1_1hr_200011210100-200011220000.nc
hfls_CSAM-3_ERA5_evaluation_r1i1p1f1_ICTP_RegCM5-0_v1-r1_1hr_200011220100-200011230000.nc
hfls_CSAM-3_ERA5_evaluation_r1i1p1f1_ICTP_RegCM5-0_v1-r1_1hr_200011230100-200011240000.nc
hfls_CSAM-3_ERA5_evaluation_r1i1p1f1_ICTP_RegCM5-0_v1-r1_1hr_200011240100-200011250000.nc
hfls_CSAM-3_ERA5_evaluation_r1i1p1f1_ICTP_RegCM5-0_v1-r1_1hr_200011250100-200011260000.nc
hfls_CSAM-3_ERA5_evaluation_r1i1p1f1_ICTP_RegCM5-0_v1-r1_1hr_200011260100-200011270000.nc
hfls_CSAM-3_ERA5_evaluation_r1i1p1f1_ICTP_RegCM5-0_v1-r1_1hr_200011270100-200011280000.nc
hfls_CSAM-3_ERA5_evaluation_r1i1p1f1_ICTP_RegCM5-0_v1-r1_1hr_200011280100-200011290000.nc
hfls_CSAM-3_ERA5_evaluation_r1i1p1f1_ICTP_RegCM5-0_v1-r1_1hr_200011290100-200011300000.nc
hfls_CSAM-3_ERA5_evaluation_r1i1p1f1_ICTP_RegCM5-0_v1-r1_1hr_200011300100-200012010000.nc
hfls_CSAM-3_ERA5_evaluation_r1i1p1f1_ICTP_RegCM5-0_v1-r1_1hr_200012010100-200012020000.nc
hfls_CSAM-3_ERA5_evaluation_r1i1p1f1_ICTP_RegCM5-0_v1-r1_1hr_200012020100-200012030000.nc
hfls_CSAM-3_ERA5_evaluation_r1i1p1f1_ICTP_RegCM5-0_v1-r1_1hr_200012030100-200012040000.nc
hfls_CSAM-3_ERA5_evaluation_r1i1p1f1_ICTP_RegCM5-0_v1-r1_1hr_200012040100-200012050000.nc
hfls_CSAM-3_ERA5_evaluation_r1i1p1f1_ICTP_RegCM5-0_v1-r1_1hr_200012050100-200012060000.nc
hfls_CSAM-3_ERA5_evaluation_r1i1p1f1_ICTP_RegCM5-0_v1-r1_1hr_200012060100-200012070000.nc
hfls_CSAM-3_ERA5_evaluation_r1i1p1f1_ICTP_RegCM5-0_v1-r1_1hr_200012070100-200012080000.nc
hfls_CSAM-3_ERA5_evaluation_r1i1p1f1_ICTP_RegCM5-0_v1-r1_1hr_200012080100-200012090000.nc
hfls_CSAM-3_ERA5_evaluation_r1i1p1f1_ICTP_RegCM5-0_v1-r1_1hr_200012090100-200012100000.nc
hfls_CSAM-3_ERA5_evaluation_r1i1p1f1_ICTP_RegCM5-0_v1-r1_1hr_200012100100-200012110000.nc
hfls_CSAM-3_ERA5_evaluation_r1i1p1f1_ICTP_RegCM5-0_v1-r1_1hr_200012110100-200012120000.nc
hfls_CSAM-3_ERA5_evaluation_r1i1p1f1_ICTP_RegCM5-0_v1-r1_1hr_200012120100-200012130000.nc
hfls_CSAM-3_ERA5_evaluation_r1i1p1f1_ICTP_RegCM5-0_v1-r1_1hr_200012130100-200012140000.nc
hfls_CSAM-3_ERA5_evaluation_r1i1p1f1_ICTP_RegCM5-0_v1-r1_1hr_200012140100-200012150000.nc
hfls_CSAM-3_ERA5_evaluation_r1i1p1f1_ICTP_RegCM5-0_v1-r1_1hr_200012150100-200012160000.nc
hfls_CSAM-3_ERA5_evaluation_r1i1p1f1_ICTP_RegCM5-0_v1-r1_1hr_200012160100-200012170000.nc
hfls_CSAM-3_ERA5_evaluation_r1i1p1f1_ICTP_RegCM5-0_v1-r1_1hr_200012170100-200012180000.nc
hfls_CSAM-3_ERA5_evaluation_r1i1p1f1_ICTP_RegCM5-0_v1-r1_1hr_200012180100-200012190000.nc
hfls_CSAM-3_ERA5_evaluation_r1i1p1f1_ICTP_RegCM5-0_v1-r1_1hr_200012190100-200012200000.nc
hfls_CSAM-3_ERA5_evaluation_r1i1p1f1_ICTP_RegCM5-0_v1-r1_1hr_200012200100-200012210000.nc
hfls_CSAM-3_ERA5_evaluation_r1i1p1f1_ICTP_RegCM5-0_v1-r1_1hr_200012210100-200012220000.nc
hfls_CSAM-3_ERA5_evaluation_r1i1p1f1_ICTP_RegCM5-0_v1-r1_1hr_200012220100-200012230000.nc
hfls_CSAM-3_ERA5_evaluation_r1i1p1f1_ICTP_RegCM5-0_v1-r1_1hr_200012230100-200012240000.nc
hfls_CSAM-3_ERA5_evaluation_r1i1p1f1_ICTP_RegCM5-0_v1-r1_1hr_200012240100-200012250000.nc
hfls_CSAM-3_ERA5_evaluation_r1i1p1f1_ICTP_RegCM5-0_v1-r1_1hr_200012250100-200012260000.nc
hfls_CSAM-3_ERA5_evaluation_r1i1p1f1_ICTP_RegCM5-0_v1-r1_1hr_200012260100-200012270000.nc
hfls_CSAM-3_ERA5_evaluation_r1i1p1f1_ICTP_RegCM5-0_v1-r1_1hr_200012270100-200012280000.nc
hfls_CSAM-3_ERA5_evaluation_r1i1p1f1_ICTP_RegCM5-0_v1-r1_1hr_200012280100-200012290000.nc
hfls_CSAM-3_ERA5_evaluation_r1i1p1f1_ICTP_RegCM5-0_v1-r1_1hr_200012290100-200012300000.nc
hfls_CSAM-3_ERA5_evaluation_r1i1p1f1_ICTP_RegCM5-0_v1-r1_1hr_200012300100-200012310000.nc
hfls_CSAM-3_ERA5_evaluation_r1i1p1f1_ICTP_RegCM5-0_v1-r1_1hr_200012310100-200101010000.nc
Files: hfso_CSAM-3_ERA5_evaluation_r1i1p1f1_ICTP_RegCM5-0_v1-r1_1hr_200001010100-200001020000.nc
hfso_CSAM-3_ERA5_evaluation_r1i1p1f1_ICTP_RegCM5-0_v1-r1_1hr_200001020100-200001030000.nc
hfso_CSAM-3_ERA5_evaluation_r1i1p1f1_ICTP_RegCM5-0_v1-r1_1hr_200001030100-200001040000.nc
hfso_CSAM-3_ERA5_evaluation_r1i1p1f1_ICTP_RegCM5-0_v1-r1_1hr_200001040100-200001050000.nc
hfso_CSAM-3_ERA5_evaluation_r1i1p1f1_ICTP_RegCM5-0_v1-r1_1hr_200001050100-200001060000.nc
hfso_CSAM-3_ERA5_evaluation_r1i1p1f1_ICTP_RegCM5-0_v1-r1_1hr_200001060100-200001070000.nc
hfso_CSAM-3_ERA5_evaluation_r1i1p1f1_ICTP_RegCM5-0_v1-r1_1hr_200001070100-200001080000.nc
hfso_CSAM-3_ERA5_evaluation_r1i1p1f1_ICTP_RegCM5-0_v1-r1_1hr_200001080100-200001090000.nc
hfso_CSAM-3_ERA5_evaluation_r1i1p1f1_ICTP_RegCM5-0_v1-r1_1hr_200001090100-200001100000.nc
hfso_CSAM-3_ERA5_evaluation_r1i1p1f1_ICTP_RegCM5-0_v1-r1_1hr_200001100100-200001110000.nc
hfso_CSAM-3_ERA5_evaluation_r1i1p1f1_ICTP_RegCM5-0_v1-r1_1hr_200001110100-200001120000.nc
hfso_CSAM-3_ERA5_evaluation_r1i1p1f1_ICTP_RegCM5-0_v1-r1_1hr_200001120100-200001130000.nc
hfso_CSAM-3_ERA5_evaluation_r1i1p1f1_ICTP_RegCM5-0_v1-r1_1hr_200001130100-200001140000.nc
hfso_CSAM-3_ERA5_evaluation_r1i1p1f1_ICTP_RegCM5-0_v1-r1_1hr_200001140100-200001150000.nc
hfso_CSAM-3_ERA5_evaluation_r1i1p1f1_ICTP_RegCM5-0_v1-r1_1hr_200001150100-200001160000.nc
hfso_CSAM-3_ERA5_evaluation_r1i1p1f1_ICTP_RegCM5-0_v1-r1_1hr_200001160100-200001170000.nc
hfso_CSAM-3_ERA5_evaluation_r1i1p1f1_ICTP_RegCM5-0_v1-r1_1hr_200001170100-200001180000.nc
hfso_CSAM-3_ERA5_evaluation_r1i1p1f1_ICTP_RegCM5-0_v1-r1_1hr_200001180100-200001190000.nc
hfso_CSAM-3_ERA5_evaluation_r1i1p1f1_ICTP_RegCM5-0_v1-r1_1hr_200001190100-200001200000.nc
hfso_CSAM-3_ERA5_evaluation_r1i1p1f1_ICTP_RegCM5-0_v1-r1_1hr_200001200100-200001210000.nc
hfso_CSAM-3_ERA5_evaluation_r1i1p1f1_ICTP_RegCM5-0_v1-r1_1hr_200001210100-200001220000.nc
hfso_CSAM-3_ERA5_evaluation_r1i1p1f1_ICTP_RegCM5-0_v1-r1_1hr_200001220100-200001230000.nc
hfso_CSAM-3_ERA5_evaluation_r1i1p1f1_ICTP_RegCM5-0_v1-r1_1hr_200001230100-200001240000.nc
hfso_CSAM-3_ERA5_evaluation_r1i1p1f1_ICTP_RegCM5-0_v1-r1_1hr_200001240100-200001250000.nc
hfso_CSAM-3_ERA5_evaluation_r1i1p1f1_ICTP_RegCM5-0_v1-r1_1hr_200001250100-200001260000.nc
hfso_CSAM-3_ERA5_evaluation_r1i1p1f1_ICTP_RegCM5-0_v1-r1_1hr_200001260100-200001270000.nc
hfso_CSAM-3_ERA5_evaluation_r1i1p1f1_ICTP_RegCM5-0_v1-r1_1hr_200001270100-200001280000.nc
hfso_CSAM-3_ERA5_evaluation_r1i1p1f1_ICTP_RegCM5-0_v1-r1_1hr_200001280100-200001290000.nc
hfso_CSAM-3_ERA5_evaluation_r1i1p1f1_ICTP_RegCM5-0_v1-r1_1hr_200001290100-200001300000.nc
hfso_CSAM-3_ERA5_evaluation_r1i1p1f1_ICTP_RegCM5-0_v1-r1_1hr_200001300100-200001310000.nc
hfso_CSAM-3_ERA5_evaluation_r1i1p1f1_ICTP_RegCM5-0_v1-r1_1hr_200001310100-200002010000.nc
hfso_CSAM-3_ERA5_evaluation_r1i1p1f1_ICTP_RegCM5-0_v1-r1_1hr_200002010100-200002020000.nc
hfso_CSAM-3_ERA5_evaluation_r1i1p1f1_ICTP_RegCM5-0_v1-r1_1hr_200002020100-200002030000.nc
hfso_CSAM-3_ERA5_evaluation_r1i1p1f1_ICTP_RegCM5-0_v1-r1_1hr_200002030100-200002040000.nc
hfso_CSAM-3_ERA5_evaluation_r1i1p1f1_ICTP_RegCM5-0_v1-r1_1hr_200002040100-200002050000.nc
hfso_CSAM-3_ERA5_evaluation_r1i1p1f1_ICTP_RegCM5-0_v1-r1_1hr_200002050100-200002060000.nc
hfso_CSAM-3_ERA5_evaluation_r1i1p1f1_ICTP_RegCM5-0_v1-r1_1hr_200002060100-200002070000.nc
hfso_CSAM-3_ERA5_evaluation_r1i1p1f1_ICTP_RegCM5-0_v1-r1_1hr_200002070100-200002080000.nc
hfso_CSAM-3_ERA5_evaluation_r1i1p1f1_ICTP_RegCM5-0_v1-r1_1hr_200002080100-200002090000.nc
hfso_CSAM-3_ERA5_evaluation_r1i1p1f1_ICTP_RegCM5-0_v1-r1_1hr_200002090100-200002100000.nc
hfso_CSAM-3_ERA5_evaluation_r1i1p1f1_ICTP_RegCM5-0_v1-r1_1hr_200002100100-200002110000.nc
hfso_CSAM-3_ERA5_evaluation_r1i1p1f1_ICTP_RegCM5-0_v1-r1_1hr_200002110100-200002120000.nc
hfso_CSAM-3_ERA5_evaluation_r1i1p1f1_ICTP_RegCM5-0_v1-r1_1hr_200002120100-200002130000.nc
hfso_CSAM-3_ERA5_evaluation_r1i1p1f1_ICTP_RegCM5-0_v1-r1_1hr_200002130100-200002140000.nc
hfso_CSAM-3_ERA5_evaluation_r1i1p1f1_ICTP_RegCM5-0_v1-r1_1hr_200002140100-200002150000.nc
hfso_CSAM-3_ERA5_evaluation_r1i1p1f1_ICTP_RegCM5-0_v1-r1_1hr_200002150100-200002160000.nc
hfso_CSAM-3_ERA5_evaluation_r1i1p1f1_ICTP_RegCM5-0_v1-r1_1hr_200002160100-200002170000.nc
hfso_CSAM-3_ERA5_evaluation_r1i1p1f1_ICTP_RegCM5-0_v1-r1_1hr_200002170100-200002180000.nc
hfso_CSAM-3_ERA5_evaluation_r1i1p1f1_ICTP_RegCM5-0_v1-r1_1hr_200002180100-200002190000.nc
hfso_CSAM-3_ERA5_evaluation_r1i1p1f1_ICTP_RegCM5-0_v1-r1_1hr_200002190100-200002200000.nc
hfso_CSAM-3_ERA5_evaluation_r1i1p1f1_ICTP_RegCM5-0_v1-r1_1hr_200002200100-200002210000.nc
hfso_CSAM-3_ERA5_evaluation_r1i1p1f1_ICTP_RegCM5-0_v1-r1_1hr_200002210100-200002220000.nc
hfso_CSAM-3_ERA5_evaluation_r1i1p1f1_ICTP_RegCM5-0_v1-r1_1hr_200002220100-200002230000.nc
hfso_CSAM-3_ERA5_evaluation_r1i1p1f1_ICTP_RegCM5-0_v1-r1_1hr_200002230100-200002240000.nc
hfso_CSAM-3_ERA5_evaluation_r1i1p1f1_ICTP_RegCM5-0_v1-r1_1hr_200002240100-200002250000.nc
hfso_CSAM-3_ERA5_evaluation_r1i1p1f1_ICTP_RegCM5-0_v1-r1_1hr_200002250100-200002260000.nc
hfso_CSAM-3_ERA5_evaluation_r1i1p1f1_ICTP_RegCM5-0_v1-r1_1hr_200002260100-200002270000.nc
hfso_CSAM-3_ERA5_evaluation_r1i1p1f1_ICTP_RegCM5-0_v1-r1_1hr_200002270100-200002280000.nc
hfso_CSAM-3_ERA5_evaluation_r1i1p1f1_ICTP_RegCM5-0_v1-r1_1hr_200002280100-200002290000.nc
hfso_CSAM-3_ERA5_evaluation_r1i1p1f1_ICTP_RegCM5-0_v1-r1_1hr_200002290100-200003010000.nc
hfso_CSAM-3_ERA5_evaluation_r1i1p1f1_ICTP_RegCM5-0_v1-r1_1hr_200003010100-200003020000.nc
hfso_CSAM-3_ERA5_evaluation_r1i1p1f1_ICTP_RegCM5-0_v1-r1_1hr_200003020100-200003030000.nc
hfso_CSAM-3_ERA5_evaluation_r1i1p1f1_ICTP_RegCM5-0_v1-r1_1hr_200003030100-200003040000.nc
hfso_CSAM-3_ERA5_evaluation_r1i1p1f1_ICTP_RegCM5-0_v1-r1_1hr_200003040100-200003050000.nc
hfso_CSAM-3_ERA5_evaluation_r1i1p1f1_ICTP_RegCM5-0_v1-r1_1hr_200003050100-200003060000.nc
hfso_CSAM-3_ERA5_evaluation_r1i1p1f1_ICTP_RegCM5-0_v1-r1_1hr_200003060100-200003070000.nc
hfso_CSAM-3_ERA5_evaluation_r1i1p1f1_ICTP_RegCM5-0_v1-r1_1hr_200003070100-200003080000.nc
hfso_CSAM-3_ERA5_evaluation_r1i1p1f1_ICTP_RegCM5-0_v1-r1_1hr_200003080100-200003090000.nc
hfso_CSAM-3_ERA5_evaluation_r1i1p1f1_ICTP_RegCM5-0_v1-r1_1hr_200003090100-200003100000.nc
hfso_CSAM-3_ERA5_evaluation_r1i1p1f1_ICTP_RegCM5-0_v1-r1_1hr_200003100100-200003110000.nc
hfso_CSAM-3_ERA5_evaluation_r1i1p1f1_ICTP_RegCM5-0_v1-r1_1hr_200003110100-200003120000.nc
hfso_CSAM-3_ERA5_evaluation_r1i1p1f1_ICTP_RegCM5-0_v1-r1_1hr_200003120100-200003130000.nc
hfso_CSAM-3_ERA5_evaluation_r1i1p1f1_ICTP_RegCM5-0_v1-r1_1hr_200003130100-200003140000.nc
hfso_CSAM-3_ERA5_evaluation_r1i1p1f1_ICTP_RegCM5-0_v1-r1_1hr_200003140100-200003150000.nc
hfso_CSAM-3_ERA5_evaluation_r1i1p1f1_ICTP_RegCM5-0_v1-r1_1hr_200003150100-200003160000.nc
hfso_CSAM-3_ERA5_evaluation_r1i1p1f1_ICTP_RegCM5-0_v1-r1_1hr_200003160100-200003170000.nc
hfso_CSAM-3_ERA5_evaluation_r1i1p1f1_ICTP_RegCM5-0_v1-r1_1hr_200003170100-200003180000.nc
hfso_CSAM-3_ERA5_evaluation_r1i1p1f1_ICTP_RegCM5-0_v1-r1_1hr_200003180100-200003190000.nc
hfso_CSAM-3_ERA5_evaluation_r1i1p1f1_ICTP_RegCM5-0_v1-r1_1hr_200003190100-200003200000.nc
hfso_CSAM-3_ERA5_evaluation_r1i1p1f1_ICTP_RegCM5-0_v1-r1_1hr_200003200100-200003210000.nc
hfso_CSAM-3_ERA5_evaluation_r1i1p1f1_ICTP_RegCM5-0_v1-r1_1hr_200003210100-200003220000.nc
hfso_CSAM-3_ERA5_evaluation_r1i1p1f1_ICTP_RegCM5-0_v1-r1_1hr_200003220100-200003230000.nc
hfso_CSAM-3_ERA5_evaluation_r1i1p1f1_ICTP_RegCM5-0_v1-r1_1hr_200003230100-200003240000.nc
hfso_CSAM-3_ERA5_evaluation_r1i1p1f1_ICTP_RegCM5-0_v1-r1_1hr_200003240100-200003250000.nc
hfso_CSAM-3_ERA5_evaluation_r1i1p1f1_ICTP_RegCM5-0_v1-r1_1hr_200003250100-200003260000.nc
hfso_CSAM-3_ERA5_evaluation_r1i1p1f1_ICTP_RegCM5-0_v1-r1_1hr_200003260100-200003270000.nc
hfso_CSAM-3_ERA5_evaluation_r1i1p1f1_ICTP_RegCM5-0_v1-r1_1hr_200003270100-200003280000.nc
hfso_CSAM-3_ERA5_evaluation_r1i1p1f1_ICTP_RegCM5-0_v1-r1_1hr_200003280100-200003290000.nc
hfso_CSAM-3_ERA5_evaluation_r1i1p1f1_ICTP_RegCM5-0_v1-r1_1hr_200003290100-200003300000.nc
hfso_CSAM-3_ERA5_evaluation_r1i1p1f1_ICTP_RegCM5-0_v1-r1_1hr_200003300100-200003310000.nc
hfso_CSAM-3_ERA5_evaluation_r1i1p1f1_ICTP_RegCM5-0_v1-r1_1hr_200003310100-200004010000.nc
hfso_CSAM-3_ERA5_evaluation_r1i1p1f1_ICTP_RegCM5-0_v1-r1_1hr_200004010100-200004020000.nc
hfso_CSAM-3_ERA5_evaluation_r1i1p1f1_ICTP_RegCM5-0_v1-r1_1hr_200004020100-200004030000.nc
hfso_CSAM-3_ERA5_evaluation_r1i1p1f1_ICTP_RegCM5-0_v1-r1_1hr_200004030100-200004040000.nc
hfso_CSAM-3_ERA5_evaluation_r1i1p1f1_ICTP_RegCM5-0_v1-r1_1hr_200004040100-200004050000.nc
hfso_CSAM-3_ERA5_evaluation_r1i1p1f1_ICTP_RegCM5-0_v1-r1_1hr_200004050100-200004060000.nc
hfso_CSAM-3_ERA5_evaluation_r1i1p1f1_ICTP_RegCM5-0_v1-r1_1hr_200004060100-200004070000.nc
hfso_CSAM-3_ERA5_evaluation_r1i1p1f1_ICTP_RegCM5-0_v1-r1_1hr_200004070100-200004080000.nc
hfso_CSAM-3_ERA5_evaluation_r1i1p1f1_ICTP_RegCM5-0_v1-r1_1hr_200004080100-200004090000.nc
hfso_CSAM-3_ERA5_evaluation_r1i1p1f1_ICTP_RegCM5-0_v1-r1_1hr_200004090100-200004100000.nc
hfso_CSAM-3_ERA5_evaluation_r1i1p1f1_ICTP_RegCM5-0_v1-r1_1hr_200004100100-200004110000.nc
hfso_CSAM-3_ERA5_evaluation_r1i1p1f1_ICTP_RegCM5-0_v1-r1_1hr_200004110100-200004120000.nc
hfso_CSAM-3_ERA5_evaluation_r1i1p1f1_ICTP_RegCM5-0_v1-r1_1hr_200004120100-200004130000.nc
hfso_CSAM-3_ERA5_evaluation_r1i1p1f1_ICTP_RegCM5-0_v1-r1_1hr_200004130100-200004140000.nc
hfso_CSAM-3_ERA5_evaluation_r1i1p1f1_ICTP_RegCM5-0_v1-r1_1hr_200004140100-200004150000.nc
hfso_CSAM-3_ERA5_evaluation_r1i1p1f1_ICTP_RegCM5-0_v1-r1_1hr_200004150100-200004160000.nc
hfso_CSAM-3_ERA5_evaluation_r1i1p1f1_ICTP_RegCM5-0_v1-r1_1hr_200004160100-200004170000.nc
hfso_CSAM-3_ERA5_evaluation_r1i1p1f1_ICTP_RegCM5-0_v1-r1_1hr_200004170100-200004180000.nc
hfso_CSAM-3_ERA5_evaluation_r1i1p1f1_ICTP_RegCM5-0_v1-r1_1hr_200004180100-200004190000.nc
hfso_CSAM-3_ERA5_evaluation_r1i1p1f1_ICTP_RegCM5-0_v1-r1_1hr_200004190100-200004200000.nc
hfso_CSAM-3_ERA5_evaluation_r1i1p1f1_ICTP_RegCM5-0_v1-r1_1hr_200004200100-200004210000.nc
hfso_CSAM-3_ERA5_evaluation_r1i1p1f1_ICTP_RegCM5-0_v1-r1_1hr_200004210100-200004220000.nc
hfso_CSAM-3_ERA5_evaluation_r1i1p1f1_ICTP_RegCM5-0_v1-r1_1hr_200004220100-200004230000.nc
hfso_CSAM-3_ERA5_evaluation_r1i1p1f1_ICTP_RegCM5-0_v1-r1_1hr_200004230100-200004240000.nc
hfso_CSAM-3_ERA5_evaluation_r1i1p1f1_ICTP_RegCM5-0_v1-r1_1hr_200004240100-200004250000.nc
hfso_CSAM-3_ERA5_evaluation_r1i1p1f1_ICTP_RegCM5-0_v1-r1_1hr_200004250100-200004260000.nc
hfso_CSAM-3_ERA5_evaluation_r1i1p1f1_ICTP_RegCM5-0_v1-r1_1hr_200004260100-200004270000.nc
hfso_CSAM-3_ERA5_evaluation_r1i1p1f1_ICTP_RegCM5-0_v1-r1_1hr_200004270100-200004280000.nc
hfso_CSAM-3_ERA5_evaluation_r1i1p1f1_ICTP_RegCM5-0_v1-r1_1hr_200004280100-200004290000.nc
hfso_CSAM-3_ERA5_evaluation_r1i1p1f1_ICTP_RegCM5-0_v1-r1_1hr_200004290100-200004300000.nc
hfso_CSAM-3_ERA5_evaluation_r1i1p1f1_ICTP_RegCM5-0_v1-r1_1hr_200004300100-200005010000.nc
hfso_CSAM-3_ERA5_evaluation_r1i1p1f1_ICTP_RegCM5-0_v1-r1_1hr_200005010100-200005020000.nc
hfso_CSAM-3_ERA5_evaluation_r1i1p1f1_ICTP_RegCM5-0_v1-r1_1hr_200005020100-200005030000.nc
hfso_CSAM-3_ERA5_evaluation_r1i1p1f1_ICTP_RegCM5-0_v1-r1_1hr_200005030100-200005040000.nc
hfso_CSAM-3_ERA5_evaluation_r1i1p1f1_ICTP_RegCM5-0_v1-r1_1hr_200005040100-200005050000.nc
hfso_CSAM-3_ERA5_evaluation_r1i1p1f1_ICTP_RegCM5-0_v1-r1_1hr_200005050100-200005060000.nc
hfso_CSAM-3_ERA5_evaluation_r1i1p1f1_ICTP_RegCM5-0_v1-r1_1hr_200005060100-200005070000.nc
hfso_CSAM-3_ERA5_evaluation_r1i1p1f1_ICTP_RegCM5-0_v1-r1_1hr_200005070100-200005080000.nc
hfso_CSAM-3_ERA5_evaluation_r1i1p1f1_ICTP_RegCM5-0_v1-r1_1hr_200005080100-200005090000.nc
hfso_CSAM-3_ERA5_evaluation_r1i1p1f1_ICTP_RegCM5-0_v1-r1_1hr_200005090100-200005100000.nc
hfso_CSAM-3_ERA5_evaluation_r1i1p1f1_ICTP_RegCM5-0_v1-r1_1hr_200005100100-200005110000.nc
hfso_CSAM-3_ERA5_evaluation_r1i1p1f1_ICTP_RegCM5-0_v1-r1_1hr_200005110100-200005120000.nc
hfso_CSAM-3_ERA5_evaluation_r1i1p1f1_ICTP_RegCM5-0_v1-r1_1hr_200005120100-200005130000.nc
hfso_CSAM-3_ERA5_evaluation_r1i1p1f1_ICTP_RegCM5-0_v1-r1_1hr_200005130100-200005140000.nc
hfso_CSAM-3_ERA5_evaluation_r1i1p1f1_ICTP_RegCM5-0_v1-r1_1hr_200005140100-200005150000.nc
hfso_CSAM-3_ERA5_evaluation_r1i1p1f1_ICTP_RegCM5-0_v1-r1_1hr_200005150100-200005160000.nc
hfso_CSAM-3_ERA5_evaluation_r1i1p1f1_ICTP_RegCM5-0_v1-r1_1hr_200005160100-200005170000.nc
hfso_CSAM-3_ERA5_evaluation_r1i1p1f1_ICTP_RegCM5-0_v1-r1_1hr_200005170100-200005180000.nc
hfso_CSAM-3_ERA5_evaluation_r1i1p1f1_ICTP_RegCM5-0_v1-r1_1hr_200005180100-200005190000.nc
hfso_CSAM-3_ERA5_evaluation_r1i1p1f1_ICTP_RegCM5-0_v1-r1_1hr_200005190100-200005200000.nc
hfso_CSAM-3_ERA5_evaluation_r1i1p1f1_ICTP_RegCM5-0_v1-r1_1hr_200005200100-200005210000.nc
hfso_CSAM-3_ERA5_evaluation_r1i1p1f1_ICTP_RegCM5-0_v1-r1_1hr_200005210100-200005220000.nc
hfso_CSAM-3_ERA5_evaluation_r1i1p1f1_ICTP_RegCM5-0_v1-r1_1hr_200005220100-200005230000.nc
hfso_CSAM-3_ERA5_evaluation_r1i1p1f1_ICTP_RegCM5-0_v1-r1_1hr_200005230100-200005240000.nc
hfso_CSAM-3_ERA5_evaluation_r1i1p1f1_ICTP_RegCM5-0_v1-r1_1hr_200005240100-200005250000.nc
hfso_CSAM-3_ERA5_evaluation_r1i1p1f1_ICTP_RegCM5-0_v1-r1_1hr_200005250100-200005260000.nc
hfso_CSAM-3_ERA5_evaluation_r1i1p1f1_ICTP_RegCM5-0_v1-r1_1hr_200005260100-200005270000.nc
hfso_CSAM-3_ERA5_evaluation_r1i1p1f1_ICTP_RegCM5-0_v1-r1_1hr_200005270100-200005280000.nc
hfso_CSAM-3_ERA5_evaluation_r1i1p1f1_ICTP_RegCM5-0_v1-r1_1hr_200005280100-200005290000.nc
hfso_CSAM-3_ERA5_evaluation_r1i1p1f1_ICTP_RegCM5-0_v1-r1_1hr_200005290100-200005300000.nc
hfso_CSAM-3_ERA5_evaluation_r1i1p1f1_ICTP_RegCM5-0_v1-r1_1hr_200005300100-200005310000.nc
hfso_CSAM-3_ERA5_evaluation_r1i1p1f1_ICTP_RegCM5-0_v1-r1_1hr_200005310100-200006010000.nc
hfso_CSAM-3_ERA5_evaluation_r1i1p1f1_ICTP_RegCM5-0_v1-r1_1hr_200006010100-200006020000.nc
hfso_CSAM-3_ERA5_evaluation_r1i1p1f1_ICTP_RegCM5-0_v1-r1_1hr_200006020100-200006030000.nc
hfso_CSAM-3_ERA5_evaluation_r1i1p1f1_ICTP_RegCM5-0_v1-r1_1hr_200006030100-200006040000.nc
hfso_CSAM-3_ERA5_evaluation_r1i1p1f1_ICTP_RegCM5-0_v1-r1_1hr_200006040100-200006050000.nc
hfso_CSAM-3_ERA5_evaluation_r1i1p1f1_ICTP_RegCM5-0_v1-r1_1hr_200006050100-200006060000.nc
hfso_CSAM-3_ERA5_evaluation_r1i1p1f1_ICTP_RegCM5-0_v1-r1_1hr_200006060100-200006070000.nc
hfso_CSAM-3_ERA5_evaluation_r1i1p1f1_ICTP_RegCM5-0_v1-r1_1hr_200006070100-200006080000.nc
hfso_CSAM-3_ERA5_evaluation_r1i1p1f1_ICTP_RegCM5-0_v1-r1_1hr_200006080100-200006090000.nc
hfso_CSAM-3_ERA5_evaluation_r1i1p1f1_ICTP_RegCM5-0_v1-r1_1hr_200006090100-200006100000.nc
hfso_CSAM-3_ERA5_evaluation_r1i1p1f1_ICTP_RegCM5-0_v1-r1_1hr_200006100100-200006110000.nc
hfso_CSAM-3_ERA5_evaluation_r1i1p1f1_ICTP_RegCM5-0_v1-r1_1hr_200006110100-200006120000.nc
hfso_CSAM-3_ERA5_evaluation_r1i1p1f1_ICTP_RegCM5-0_v1-r1_1hr_200006120100-200006130000.nc
hfso_CSAM-3_ERA5_evaluation_r1i1p1f1_ICTP_RegCM5-0_v1-r1_1hr_200006130100-200006140000.nc
hfso_CSAM-3_ERA5_evaluation_r1i1p1f1_ICTP_RegCM5-0_v1-r1_1hr_200006140100-200006150000.nc
hfso_CSAM-3_ERA5_evaluation_r1i1p1f1_ICTP_RegCM5-0_v1-r1_1hr_200006150100-200006160000.nc
hfso_CSAM-3_ERA5_evaluation_r1i1p1f1_ICTP_RegCM5-0_v1-r1_1hr_200006160100-200006170000.nc
hfso_CSAM-3_ERA5_evaluation_r1i1p1f1_ICTP_RegCM5-0_v1-r1_1hr_200006170100-200006180000.nc
hfso_CSAM-3_ERA5_evaluation_r1i1p1f1_ICTP_RegCM5-0_v1-r1_1hr_200006180100-200006190000.nc
hfso_CSAM-3_ERA5_evaluation_r1i1p1f1_ICTP_RegCM5-0_v1-r1_1hr_200006190100-200006200000.nc
hfso_CSAM-3_ERA5_evaluation_r1i1p1f1_ICTP_RegCM5-0_v1-r1_1hr_200006200100-200006210000.nc
hfso_CSAM-3_ERA5_evaluation_r1i1p1f1_ICTP_RegCM5-0_v1-r1_1hr_200006210100-200006220000.nc
hfso_CSAM-3_ERA5_evaluation_r1i1p1f1_ICTP_RegCM5-0_v1-r1_1hr_200006220100-200006230000.nc
hfso_CSAM-3_ERA5_evaluation_r1i1p1f1_ICTP_RegCM5-0_v1-r1_1hr_200006230100-200006240000.nc
hfso_CSAM-3_ERA5_evaluation_r1i1p1f1_ICTP_RegCM5-0_v1-r1_1hr_200006240100-200006250000.nc
hfso_CSAM-3_ERA5_evaluation_r1i1p1f1_ICTP_RegCM5-0_v1-r1_1hr_200006250100-200006260000.nc
hfso_CSAM-3_ERA5_evaluation_r1i1p1f1_ICTP_RegCM5-0_v1-r1_1hr_200006260100-200006270000.nc
hfso_CSAM-3_ERA5_evaluation_r1i1p1f1_ICTP_RegCM5-0_v1-r1_1hr_200006270100-200006280000.nc
hfso_CSAM-3_ERA5_evaluation_r1i1p1f1_ICTP_RegCM5-0_v1-r1_1hr_200006280100-200006290000.nc
hfso_CSAM-3_ERA5_evaluation_r1i1p1f1_ICTP_RegCM5-0_v1-r1_1hr_200006290100-200006300000.nc
hfso_CSAM-3_ERA5_evaluation_r1i1p1f1_ICTP_RegCM5-0_v1-r1_1hr_200006300100-200007010000.nc
hfso_CSAM-3_ERA5_evaluation_r1i1p1f1_ICTP_RegCM5-0_v1-r1_1hr_200007010100-200007020000.nc
hfso_CSAM-3_ERA5_evaluation_r1i1p1f1_ICTP_RegCM5-0_v1-r1_1hr_200007020100-200007030000.nc
hfso_CSAM-3_ERA5_evaluation_r1i1p1f1_ICTP_RegCM5-0_v1-r1_1hr_200007030100-200007040000.nc
hfso_CSAM-3_ERA5_evaluation_r1i1p1f1_ICTP_RegCM5-0_v1-r1_1hr_200007040100-200007050000.nc
hfso_CSAM-3_ERA5_evaluation_r1i1p1f1_ICTP_RegCM5-0_v1-r1_1hr_200007050100-200007060000.nc
hfso_CSAM-3_ERA5_evaluation_r1i1p1f1_ICTP_RegCM5-0_v1-r1_1hr_200007060100-200007070000.nc
hfso_CSAM-3_ERA5_evaluation_r1i1p1f1_ICTP_RegCM5-0_v1-r1_1hr_200007070100-200007080000.nc
hfso_CSAM-3_ERA5_evaluation_r1i1p1f1_ICTP_RegCM5-0_v1-r1_1hr_200007080100-200007090000.nc
hfso_CSAM-3_ERA5_evaluation_r1i1p1f1_ICTP_RegCM5-0_v1-r1_1hr_200007090100-200007100000.nc
hfso_CSAM-3_ERA5_evaluation_r1i1p1f1_ICTP_RegCM5-0_v1-r1_1hr_200007100100-200007110000.nc
hfso_CSAM-3_ERA5_evaluation_r1i1p1f1_ICTP_RegCM5-0_v1-r1_1hr_200007110100-200007120000.nc
hfso_CSAM-3_ERA5_evaluation_r1i1p1f1_ICTP_RegCM5-0_v1-r1_1hr_200007120100-200007130000.nc
hfso_CSAM-3_ERA5_evaluation_r1i1p1f1_ICTP_RegCM5-0_v1-r1_1hr_200007130100-200007140000.nc
hfso_CSAM-3_ERA5_evaluation_r1i1p1f1_ICTP_RegCM5-0_v1-r1_1hr_200007140100-200007150000.nc
hfso_CSAM-3_ERA5_evaluation_r1i1p1f1_ICTP_RegCM5-0_v1-r1_1hr_200007150100-200007160000.nc
hfso_CSAM-3_ERA5_evaluation_r1i1p1f1_ICTP_RegCM5-0_v1-r1_1hr_200007160100-200007170000.nc
hfso_CSAM-3_ERA5_evaluation_r1i1p1f1_ICTP_RegCM5-0_v1-r1_1hr_200007170100-200007180000.nc
hfso_CSAM-3_ERA5_evaluation_r1i1p1f1_ICTP_RegCM5-0_v1-r1_1hr_200007180100-200007190000.nc
hfso_CSAM-3_ERA5_evaluation_r1i1p1f1_ICTP_RegCM5-0_v1-r1_1hr_200007190100-200007200000.nc
hfso_CSAM-3_ERA5_evaluation_r1i1p1f1_ICTP_RegCM5-0_v1-r1_1hr_200007200100-200007210000.nc
hfso_CSAM-3_ERA5_evaluation_r1i1p1f1_ICTP_RegCM5-0_v1-r1_1hr_200007210100-200007220000.nc
hfso_CSAM-3_ERA5_evaluation_r1i1p1f1_ICTP_RegCM5-0_v1-r1_1hr_200007220100-200007230000.nc
hfso_CSAM-3_ERA5_evaluation_r1i1p1f1_ICTP_RegCM5-0_v1-r1_1hr_200007230100-200007240000.nc
hfso_CSAM-3_ERA5_evaluation_r1i1p1f1_ICTP_RegCM5-0_v1-r1_1hr_200007240100-200007250000.nc
hfso_CSAM-3_ERA5_evaluation_r1i1p1f1_ICTP_RegCM5-0_v1-r1_1hr_200007250100-200007260000.nc
hfso_CSAM-3_ERA5_evaluation_r1i1p1f1_ICTP_RegCM5-0_v1-r1_1hr_200007260100-200007270000.nc
hfso_CSAM-3_ERA5_evaluation_r1i1p1f1_ICTP_RegCM5-0_v1-r1_1hr_200007270100-200007280000.nc
hfso_CSAM-3_ERA5_evaluation_r1i1p1f1_ICTP_RegCM5-0_v1-r1_1hr_200007280100-200007290000.nc
hfso_CSAM-3_ERA5_evaluation_r1i1p1f1_ICTP_RegCM5-0_v1-r1_1hr_200007290100-200007300000.nc
hfso_CSAM-3_ERA5_evaluation_r1i1p1f1_ICTP_RegCM5-0_v1-r1_1hr_200007300100-200007310000.nc
hfso_CSAM-3_ERA5_evaluation_r1i1p1f1_ICTP_RegCM5-0_v1-r1_1hr_200007310100-200008010000.nc
hfso_CSAM-3_ERA5_evaluation_r1i1p1f1_ICTP_RegCM5-0_v1-r1_1hr_200008010100-200008020000.nc
hfso_CSAM-3_ERA5_evaluation_r1i1p1f1_ICTP_RegCM5-0_v1-r1_1hr_200008020100-200008030000.nc
hfso_CSAM-3_ERA5_evaluation_r1i1p1f1_ICTP_RegCM5-0_v1-r1_1hr_200008030100-200008040000.nc
hfso_CSAM-3_ERA5_evaluation_r1i1p1f1_ICTP_RegCM5-0_v1-r1_1hr_200008040100-200008050000.nc
hfso_CSAM-3_ERA5_evaluation_r1i1p1f1_ICTP_RegCM5-0_v1-r1_1hr_200008050100-200008060000.nc
hfso_CSAM-3_ERA5_evaluation_r1i1p1f1_ICTP_RegCM5-0_v1-r1_1hr_200008060100-200008070000.nc
hfso_CSAM-3_ERA5_evaluation_r1i1p1f1_ICTP_RegCM5-0_v1-r1_1hr_200008070100-200008080000.nc
hfso_CSAM-3_ERA5_evaluation_r1i1p1f1_ICTP_RegCM5-0_v1-r1_1hr_200008080100-200008090000.nc
hfso_CSAM-3_ERA5_evaluation_r1i1p1f1_ICTP_RegCM5-0_v1-r1_1hr_200008090100-200008100000.nc
hfso_CSAM-3_ERA5_evaluation_r1i1p1f1_ICTP_RegCM5-0_v1-r1_1hr_200008100100-200008110000.nc
hfso_CSAM-3_ERA5_evaluation_r1i1p1f1_ICTP_RegCM5-0_v1-r1_1hr_200008110100-200008120000.nc
hfso_CSAM-3_ERA5_evaluation_r1i1p1f1_ICTP_RegCM5-0_v1-r1_1hr_200008120100-200008130000.nc
hfso_CSAM-3_ERA5_evaluation_r1i1p1f1_ICTP_RegCM5-0_v1-r1_1hr_200008130100-200008140000.nc
hfso_CSAM-3_ERA5_evaluation_r1i1p1f1_ICTP_RegCM5-0_v1-r1_1hr_200008140100-200008150000.nc
hfso_CSAM-3_ERA5_evaluation_r1i1p1f1_ICTP_RegCM5-0_v1-r1_1hr_200008150100-200008160000.nc
hfso_CSAM-3_ERA5_evaluation_r1i1p1f1_ICTP_RegCM5-0_v1-r1_1hr_200008160100-200008170000.nc
hfso_CSAM-3_ERA5_evaluation_r1i1p1f1_ICTP_RegCM5-0_v1-r1_1hr_200008170100-200008180000.nc
hfso_CSAM-3_ERA5_evaluation_r1i1p1f1_ICTP_RegCM5-0_v1-r1_1hr_200008180100-200008190000.nc
hfso_CSAM-3_ERA5_evaluation_r1i1p1f1_ICTP_RegCM5-0_v1-r1_1hr_200008190100-200008200000.nc
hfso_CSAM-3_ERA5_evaluation_r1i1p1f1_ICTP_RegCM5-0_v1-r1_1hr_200008200100-200008210000.nc
hfso_CSAM-3_ERA5_evaluation_r1i1p1f1_ICTP_RegCM5-0_v1-r1_1hr_200008210100-200008220000.nc
hfso_CSAM-3_ERA5_evaluation_r1i1p1f1_ICTP_RegCM5-0_v1-r1_1hr_200008220100-200008230000.nc
hfso_CSAM-3_ERA5_evaluation_r1i1p1f1_ICTP_RegCM5-0_v1-r1_1hr_200008230100-200008240000.nc
hfso_CSAM-3_ERA5_evaluation_r1i1p1f1_ICTP_RegCM5-0_v1-r1_1hr_200008240100-200008250000.nc
hfso_CSAM-3_ERA5_evaluation_r1i1p1f1_ICTP_RegCM5-0_v1-r1_1hr_200008250100-200008260000.nc
hfso_CSAM-3_ERA5_evaluation_r1i1p1f1_ICTP_RegCM5-0_v1-r1_1hr_200008260100-200008270000.nc
hfso_CSAM-3_ERA5_evaluation_r1i1p1f1_ICTP_RegCM5-0_v1-r1_1hr_200008270100-200008280000.nc
hfso_CSAM-3_ERA5_evaluation_r1i1p1f1_ICTP_RegCM5-0_v1-r1_1hr_200008280100-200008290000.nc
hfso_CSAM-3_ERA5_evaluation_r1i1p1f1_ICTP_RegCM5-0_v1-r1_1hr_200008290100-200008300000.nc
hfso_CSAM-3_ERA5_evaluation_r1i1p1f1_ICTP_RegCM5-0_v1-r1_1hr_200008300100-200008310000.nc
hfso_CSAM-3_ERA5_evaluation_r1i1p1f1_ICTP_RegCM5-0_v1-r1_1hr_200008310100-200009010000.nc
hfso_CSAM-3_ERA5_evaluation_r1i1p1f1_ICTP_RegCM5-0_v1-r1_1hr_200009010100-200009020000.nc
hfso_CSAM-3_ERA5_evaluation_r1i1p1f1_ICTP_RegCM5-0_v1-r1_1hr_200009020100-200009030000.nc
hfso_CSAM-3_ERA5_evaluation_r1i1p1f1_ICTP_RegCM5-0_v1-r1_1hr_200009030100-200009040000.nc
hfso_CSAM-3_ERA5_evaluation_r1i1p1f1_ICTP_RegCM5-0_v1-r1_1hr_200009040100-200009050000.nc
hfso_CSAM-3_ERA5_evaluation_r1i1p1f1_ICTP_RegCM5-0_v1-r1_1hr_200009050100-200009060000.nc
hfso_CSAM-3_ERA5_evaluation_r1i1p1f1_ICTP_RegCM5-0_v1-r1_1hr_200009060100-200009070000.nc
hfso_CSAM-3_ERA5_evaluation_r1i1p1f1_ICTP_RegCM5-0_v1-r1_1hr_200009070100-200009080000.nc
hfso_CSAM-3_ERA5_evaluation_r1i1p1f1_ICTP_RegCM5-0_v1-r1_1hr_200009080100-200009090000.nc
hfso_CSAM-3_ERA5_evaluation_r1i1p1f1_ICTP_RegCM5-0_v1-r1_1hr_200009090100-200009100000.nc
hfso_CSAM-3_ERA5_evaluation_r1i1p1f1_ICTP_RegCM5-0_v1-r1_1hr_200009100100-200009110000.nc
hfso_CSAM-3_ERA5_evaluation_r1i1p1f1_ICTP_RegCM5-0_v1-r1_1hr_200009110100-200009120000.nc
hfso_CSAM-3_ERA5_evaluation_r1i1p1f1_ICTP_RegCM5-0_v1-r1_1hr_200009120100-200009130000.nc
hfso_CSAM-3_ERA5_evaluation_r1i1p1f1_ICTP_RegCM5-0_v1-r1_1hr_200009130100-200009140000.nc
hfso_CSAM-3_ERA5_evaluation_r1i1p1f1_ICTP_RegCM5-0_v1-r1_1hr_200009140100-200009150000.nc
hfso_CSAM-3_ERA5_evaluation_r1i1p1f1_ICTP_RegCM5-0_v1-r1_1hr_200009150100-200009160000.nc
hfso_CSAM-3_ERA5_evaluation_r1i1p1f1_ICTP_RegCM5-0_v1-r1_1hr_200009160100-200009170000.nc
hfso_CSAM-3_ERA5_evaluation_r1i1p1f1_ICTP_RegCM5-0_v1-r1_1hr_200009170100-200009180000.nc
hfso_CSAM-3_ERA5_evaluation_r1i1p1f1_ICTP_RegCM5-0_v1-r1_1hr_200009180100-200009190000.nc
hfso_CSAM-3_ERA5_evaluation_r1i1p1f1_ICTP_RegCM5-0_v1-r1_1hr_200009190100-200009200000.nc
hfso_CSAM-3_ERA5_evaluation_r1i1p1f1_ICTP_RegCM5-0_v1-r1_1hr_200009200100-200009210000.nc
hfso_CSAM-3_ERA5_evaluation_r1i1p1f1_ICTP_RegCM5-0_v1-r1_1hr_200009210100-200009220000.nc
hfso_CSAM-3_ERA5_evaluation_r1i1p1f1_ICTP_RegCM5-0_v1-r1_1hr_200009220100-200009230000.nc
hfso_CSAM-3_ERA5_evaluation_r1i1p1f1_ICTP_RegCM5-0_v1-r1_1hr_200009230100-200009240000.nc
hfso_CSAM-3_ERA5_evaluation_r1i1p1f1_ICTP_RegCM5-0_v1-r1_1hr_200009240100-200009250000.nc
hfso_CSAM-3_ERA5_evaluation_r1i1p1f1_ICTP_RegCM5-0_v1-r1_1hr_200009250100-200009260000.nc
hfso_CSAM-3_ERA5_evaluation_r1i1p1f1_ICTP_RegCM5-0_v1-r1_1hr_200009260100-200009270000.nc
hfso_CSAM-3_ERA5_evaluation_r1i1p1f1_ICTP_RegCM5-0_v1-r1_1hr_200009270100-200009280000.nc
hfso_CSAM-3_ERA5_evaluation_r1i1p1f1_ICTP_RegCM5-0_v1-r1_1hr_200009280100-200009290000.nc
hfso_CSAM-3_ERA5_evaluation_r1i1p1f1_ICTP_RegCM5-0_v1-r1_1hr_200009290100-200009300000.nc
hfso_CSAM-3_ERA5_evaluation_r1i1p1f1_ICTP_RegCM5-0_v1-r1_1hr_200009300100-200010010000.nc
hfso_CSAM-3_ERA5_evaluation_r1i1p1f1_ICTP_RegCM5-0_v1-r1_1hr_200010010100-200010020000.nc
hfso_CSAM-3_ERA5_evaluation_r1i1p1f1_ICTP_RegCM5-0_v1-r1_1hr_200010020100-200010030000.nc
hfso_CSAM-3_ERA5_evaluation_r1i1p1f1_ICTP_RegCM5-0_v1-r1_1hr_200010030100-200010040000.nc
hfso_CSAM-3_ERA5_evaluation_r1i1p1f1_ICTP_RegCM5-0_v1-r1_1hr_200010040100-200010050000.nc
hfso_CSAM-3_ERA5_evaluation_r1i1p1f1_ICTP_RegCM5-0_v1-r1_1hr_200010050100-200010060000.nc
hfso_CSAM-3_ERA5_evaluation_r1i1p1f1_ICTP_RegCM5-0_v1-r1_1hr_200010060100-200010070000.nc
hfso_CSAM-3_ERA5_evaluation_r1i1p1f1_ICTP_RegCM5-0_v1-r1_1hr_200010070100-200010080000.nc
hfso_CSAM-3_ERA5_evaluation_r1i1p1f1_ICTP_RegCM5-0_v1-r1_1hr_200010080100-200010090000.nc
hfso_CSAM-3_ERA5_evaluation_r1i1p1f1_ICTP_RegCM5-0_v1-r1_1hr_200010090100-200010100000.nc
hfso_CSAM-3_ERA5_evaluation_r1i1p1f1_ICTP_RegCM5-0_v1-r1_1hr_200010100100-200010110000.nc
hfso_CSAM-3_ERA5_evaluation_r1i1p1f1_ICTP_RegCM5-0_v1-r1_1hr_200010110100-200010120000.nc
hfso_CSAM-3_ERA5_evaluation_r1i1p1f1_ICTP_RegCM5-0_v1-r1_1hr_200010120100-200010130000.nc
hfso_CSAM-3_ERA5_evaluation_r1i1p1f1_ICTP_RegCM5-0_v1-r1_1hr_200010130100-200010140000.nc
hfso_CSAM-3_ERA5_evaluation_r1i1p1f1_ICTP_RegCM5-0_v1-r1_1hr_200010140100-200010150000.nc
hfso_CSAM-3_ERA5_evaluation_r1i1p1f1_ICTP_RegCM5-0_v1-r1_1hr_200010150100-200010160000.nc
hfso_CSAM-3_ERA5_evaluation_r1i1p1f1_ICTP_RegCM5-0_v1-r1_1hr_200010160100-200010170000.nc
hfso_CSAM-3_ERA5_evaluation_r1i1p1f1_ICTP_RegCM5-0_v1-r1_1hr_200010170100-200010180000.nc
hfso_CSAM-3_ERA5_evaluation_r1i1p1f1_ICTP_RegCM5-0_v1-r1_1hr_200010180100-200010190000.nc
hfso_CSAM-3_ERA5_evaluation_r1i1p1f1_ICTP_RegCM5-0_v1-r1_1hr_200010190100-200010200000.nc
hfso_CSAM-3_ERA5_evaluation_r1i1p1f1_ICTP_RegCM5-0_v1-r1_1hr_200010200100-200010210000.nc
hfso_CSAM-3_ERA5_evaluation_r1i1p1f1_ICTP_RegCM5-0_v1-r1_1hr_200010210100-200010220000.nc
hfso_CSAM-3_ERA5_evaluation_r1i1p1f1_ICTP_RegCM5-0_v1-r1_1hr_200010220100-200010230000.nc
hfso_CSAM-3_ERA5_evaluation_r1i1p1f1_ICTP_RegCM5-0_v1-r1_1hr_200010230100-200010240000.nc
hfso_CSAM-3_ERA5_evaluation_r1i1p1f1_ICTP_RegCM5-0_v1-r1_1hr_200010240100-200010250000.nc
hfso_CSAM-3_ERA5_evaluation_r1i1p1f1_ICTP_RegCM5-0_v1-r1_1hr_200010250100-200010260000.nc
hfso_CSAM-3_ERA5_evaluation_r1i1p1f1_ICTP_RegCM5-0_v1-r1_1hr_200010260100-200010270000.nc
hfso_CSAM-3_ERA5_evaluation_r1i1p1f1_ICTP_RegCM5-0_v1-r1_1hr_200010270100-200010280000.nc
hfso_CSAM-3_ERA5_evaluation_r1i1p1f1_ICTP_RegCM5-0_v1-r1_1hr_200010280100-200010290000.nc
hfso_CSAM-3_ERA5_evaluation_r1i1p1f1_ICTP_RegCM5-0_v1-r1_1hr_200010290100-200010300000.nc
hfso_CSAM-3_ERA5_evaluation_r1i1p1f1_ICTP_RegCM5-0_v1-r1_1hr_200010300100-200010310000.nc
hfso_CSAM-3_ERA5_evaluation_r1i1p1f1_ICTP_RegCM5-0_v1-r1_1hr_200010310100-200011010000.nc
hfso_CSAM-3_ERA5_evaluation_r1i1p1f1_ICTP_RegCM5-0_v1-r1_1hr_200011010100-200011020000.nc
hfso_CSAM-3_ERA5_evaluation_r1i1p1f1_ICTP_RegCM5-0_v1-r1_1hr_200011020100-200011030000.nc
hfso_CSAM-3_ERA5_evaluation_r1i1p1f1_ICTP_RegCM5-0_v1-r1_1hr_200011030100-200011040000.nc
hfso_CSAM-3_ERA5_evaluation_r1i1p1f1_ICTP_RegCM5-0_v1-r1_1hr_200011040100-200011050000.nc
hfso_CSAM-3_ERA5_evaluation_r1i1p1f1_ICTP_RegCM5-0_v1-r1_1hr_200011050100-200011060000.nc
hfso_CSAM-3_ERA5_evaluation_r1i1p1f1_ICTP_RegCM5-0_v1-r1_1hr_200011060100-200011070000.nc
hfso_CSAM-3_ERA5_evaluation_r1i1p1f1_ICTP_RegCM5-0_v1-r1_1hr_200011070100-200011080000.nc
hfso_CSAM-3_ERA5_evaluation_r1i1p1f1_ICTP_RegCM5-0_v1-r1_1hr_200011080100-200011090000.nc
hfso_CSAM-3_ERA5_evaluation_r1i1p1f1_ICTP_RegCM5-0_v1-r1_1hr_200011090100-200011100000.nc
hfso_CSAM-3_ERA5_evaluation_r1i1p1f1_ICTP_RegCM5-0_v1-r1_1hr_200011100100-200011110000.nc
hfso_CSAM-3_ERA5_evaluation_r1i1p1f1_ICTP_RegCM5-0_v1-r1_1hr_200011110100-200011120000.nc
hfso_CSAM-3_ERA5_evaluation_r1i1p1f1_ICTP_RegCM5-0_v1-r1_1hr_200011120100-200011130000.nc
hfso_CSAM-3_ERA5_evaluation_r1i1p1f1_ICTP_RegCM5-0_v1-r1_1hr_200011130100-200011140000.nc
hfso_CSAM-3_ERA5_evaluation_r1i1p1f1_ICTP_RegCM5-0_v1-r1_1hr_200011140100-200011150000.nc
hfso_CSAM-3_ERA5_evaluation_r1i1p1f1_ICTP_RegCM5-0_v1-r1_1hr_200011150100-200011160000.nc
hfso_CSAM-3_ERA5_evaluation_r1i1p1f1_ICTP_RegCM5-0_v1-r1_1hr_200011160100-200011170000.nc
hfso_CSAM-3_ERA5_evaluation_r1i1p1f1_ICTP_RegCM5-0_v1-r1_1hr_200011170100-200011180000.nc
hfso_CSAM-3_ERA5_evaluation_r1i1p1f1_ICTP_RegCM5-0_v1-r1_1hr_200011180100-200011190000.nc
hfso_CSAM-3_ERA5_evaluation_r1i1p1f1_ICTP_RegCM5-0_v1-r1_1hr_200011190100-200011200000.nc
hfso_CSAM-3_ERA5_evaluation_r1i1p1f1_ICTP_RegCM5-0_v1-r1_1hr_200011200100-200011210000.nc
hfso_CSAM-3_ERA5_evaluation_r1i1p1f1_ICTP_RegCM5-0_v1-r1_1hr_200011210100-200011220000.nc
hfso_CSAM-3_ERA5_evaluation_r1i1p1f1_ICTP_RegCM5-0_v1-r1_1hr_200011220100-200011230000.nc
hfso_CSAM-3_ERA5_evaluation_r1i1p1f1_ICTP_RegCM5-0_v1-r1_1hr_200011230100-200011240000.nc
hfso_CSAM-3_ERA5_evaluation_r1i1p1f1_ICTP_RegCM5-0_v1-r1_1hr_200011240100-200011250000.nc
hfso_CSAM-3_ERA5_evaluation_r1i1p1f1_ICTP_RegCM5-0_v1-r1_1hr_200011250100-200011260000.nc
hfso_CSAM-3_ERA5_evaluation_r1i1p1f1_ICTP_RegCM5-0_v1-r1_1hr_200011260100-200011270000.nc
hfso_CSAM-3_ERA5_evaluation_r1i1p1f1_ICTP_RegCM5-0_v1-r1_1hr_200011270100-200011280000.nc
hfso_CSAM-3_ERA5_evaluation_r1i1p1f1_ICTP_RegCM5-0_v1-r1_1hr_200011280100-200011290000.nc
hfso_CSAM-3_ERA5_evaluation_r1i1p1f1_ICTP_RegCM5-0_v1-r1_1hr_200011290100-200011300000.nc
hfso_CSAM-3_ERA5_evaluation_r1i1p1f1_ICTP_RegCM5-0_v1-r1_1hr_200011300100-200012010000.nc
hfso_CSAM-3_ERA5_evaluation_r1i1p1f1_ICTP_RegCM5-0_v1-r1_1hr_200012010100-200012020000.nc
hfso_CSAM-3_ERA5_evaluation_r1i1p1f1_ICTP_RegCM5-0_v1-r1_1hr_200012020100-200012030000.nc
hfso_CSAM-3_ERA5_evaluation_r1i1p1f1_ICTP_RegCM5-0_v1-r1_1hr_200012030100-200012040000.nc
hfso_CSAM-3_ERA5_evaluation_r1i1p1f1_ICTP_RegCM5-0_v1-r1_1hr_200012040100-200012050000.nc
hfso_CSAM-3_ERA5_evaluation_r1i1p1f1_ICTP_RegCM5-0_v1-r1_1hr_200012050100-200012060000.nc
hfso_CSAM-3_ERA5_evaluation_r1i1p1f1_ICTP_RegCM5-0_v1-r1_1hr_200012060100-200012070000.nc
hfso_CSAM-3_ERA5_evaluation_r1i1p1f1_ICTP_RegCM5-0_v1-r1_1hr_200012070100-200012080000.nc
hfso_CSAM-3_ERA5_evaluation_r1i1p1f1_ICTP_RegCM5-0_v1-r1_1hr_200012080100-200012090000.nc
hfso_CSAM-3_ERA5_evaluation_r1i1p1f1_ICTP_RegCM5-0_v1-r1_1hr_200012090100-200012100000.nc
hfso_CSAM-3_ERA5_evaluation_r1i1p1f1_ICTP_RegCM5-0_v1-r1_1hr_200012100100-200012110000.nc
hfso_CSAM-3_ERA5_evaluation_r1i1p1f1_ICTP_RegCM5-0_v1-r1_1hr_200012110100-200012120000.nc
hfso_CSAM-3_ERA5_evaluation_r1i1p1f1_ICTP_RegCM5-0_v1-r1_1hr_200012120100-200012130000.nc
hfso_CSAM-3_ERA5_evaluation_r1i1p1f1_ICTP_RegCM5-0_v1-r1_1hr_200012130100-200012140000.nc
hfso_CSAM-3_ERA5_evaluation_r1i1p1f1_ICTP_RegCM5-0_v1-r1_1hr_200012140100-200012150000.nc
hfso_CSAM-3_ERA5_evaluation_r1i1p1f1_ICTP_RegCM5-0_v1-r1_1hr_200012150100-200012160000.nc
hfso_CSAM-3_ERA5_evaluation_r1i1p1f1_ICTP_RegCM5-0_v1-r1_1hr_200012160100-200012170000.nc
hfso_CSAM-3_ERA5_evaluation_r1i1p1f1_ICTP_RegCM5-0_v1-r1_1hr_200012170100-200012180000.nc
hfso_CSAM-3_ERA5_evaluation_r1i1p1f1_ICTP_RegCM5-0_v1-r1_1hr_200012180100-200012190000.nc
hfso_CSAM-3_ERA5_evaluation_r1i1p1f1_ICTP_RegCM5-0_v1-r1_1hr_200012190100-200012200000.nc
hfso_CSAM-3_ERA5_evaluation_r1i1p1f1_ICTP_RegCM5-0_v1-r1_1hr_200012200100-200012210000.nc
hfso_CSAM-3_ERA5_evaluation_r1i1p1f1_ICTP_RegCM5-0_v1-r1_1hr_200012210100-200012220000.nc
hfso_CSAM-3_ERA5_evaluation_r1i1p1f1_ICTP_RegCM5-0_v1-r1_1hr_200012220100-200012230000.nc
hfso_CSAM-3_ERA5_evaluation_r1i1p1f1_ICTP_RegCM5-0_v1-r1_1hr_200012230100-200012240000.nc
hfso_CSAM-3_ERA5_evaluation_r1i1p1f1_ICTP_RegCM5-0_v1-r1_1hr_200012240100-200012250000.nc
hfso_CSAM-3_ERA5_evaluation_r1i1p1f1_ICTP_RegCM5-0_v1-r1_1hr_200012250100-200012260000.nc
hfso_CSAM-3_ERA5_evaluation_r1i1p1f1_ICTP_RegCM5-0_v1-r1_1hr_200012260100-200012270000.nc
hfso_CSAM-3_ERA5_evaluation_r1i1p1f1_ICTP_RegCM5-0_v1-r1_1hr_200012270100-200012280000.nc
hfso_CSAM-3_ERA5_evaluation_r1i1p1f1_ICTP_RegCM5-0_v1-r1_1hr_200012280100-200012290000.nc
hfso_CSAM-3_ERA5_evaluation_r1i1p1f1_ICTP_RegCM5-0_v1-r1_1hr_200012290100-200012300000.nc
hfso_CSAM-3_ERA5_evaluation_r1i1p1f1_ICTP_RegCM5-0_v1-r1_1hr_200012300100-200012310000.nc
hfso_CSAM-3_ERA5_evaluation_r1i1p1f1_ICTP_RegCM5-0_v1-r1_1hr_200012310100-200101010000.nc
Files: hfss_CSAM-3_ERA5_evaluation_r1i1p1f1_ICTP_RegCM5-0_v1-r1_1hr_200001010100-200001020000.nc
hfss_CSAM-3_ERA5_evaluation_r1i1p1f1_ICTP_RegCM5-0_v1-r1_1hr_200001020100-200001030000.nc
hfss_CSAM-3_ERA5_evaluation_r1i1p1f1_ICTP_RegCM5-0_v1-r1_1hr_200001030100-200001040000.nc
hfss_CSAM-3_ERA5_evaluation_r1i1p1f1_ICTP_RegCM5-0_v1-r1_1hr_200001040100-200001050000.nc
hfss_CSAM-3_ERA5_evaluation_r1i1p1f1_ICTP_RegCM5-0_v1-r1_1hr_200001050100-200001060000.nc
hfss_CSAM-3_ERA5_evaluation_r1i1p1f1_ICTP_RegCM5-0_v1-r1_1hr_200001060100-200001070000.nc
hfss_CSAM-3_ERA5_evaluation_r1i1p1f1_ICTP_RegCM5-0_v1-r1_1hr_200001070100-200001080000.nc
hfss_CSAM-3_ERA5_evaluation_r1i1p1f1_ICTP_RegCM5-0_v1-r1_1hr_200001080100-200001090000.nc
hfss_CSAM-3_ERA5_evaluation_r1i1p1f1_ICTP_RegCM5-0_v1-r1_1hr_200001090100-200001100000.nc
hfss_CSAM-3_ERA5_evaluation_r1i1p1f1_ICTP_RegCM5-0_v1-r1_1hr_200001100100-200001110000.nc
hfss_CSAM-3_ERA5_evaluation_r1i1p1f1_ICTP_RegCM5-0_v1-r1_1hr_200001110100-200001120000.nc
hfss_CSAM-3_ERA5_evaluation_r1i1p1f1_ICTP_RegCM5-0_v1-r1_1hr_200001120100-200001130000.nc
hfss_CSAM-3_ERA5_evaluation_r1i1p1f1_ICTP_RegCM5-0_v1-r1_1hr_200001130100-200001140000.nc
hfss_CSAM-3_ERA5_evaluation_r1i1p1f1_ICTP_RegCM5-0_v1-r1_1hr_200001140100-200001150000.nc
hfss_CSAM-3_ERA5_evaluation_r1i1p1f1_ICTP_RegCM5-0_v1-r1_1hr_200001150100-200001160000.nc
hfss_CSAM-3_ERA5_evaluation_r1i1p1f1_ICTP_RegCM5-0_v1-r1_1hr_200001160100-200001170000.nc
hfss_CSAM-3_ERA5_evaluation_r1i1p1f1_ICTP_RegCM5-0_v1-r1_1hr_200001170100-200001180000.nc
hfss_CSAM-3_ERA5_evaluation_r1i1p1f1_ICTP_RegCM5-0_v1-r1_1hr_200001180100-200001190000.nc
hfss_CSAM-3_ERA5_evaluation_r1i1p1f1_ICTP_RegCM5-0_v1-r1_1hr_200001190100-200001200000.nc
hfss_CSAM-3_ERA5_evaluation_r1i1p1f1_ICTP_RegCM5-0_v1-r1_1hr_200001200100-200001210000.nc
hfss_CSAM-3_ERA5_evaluation_r1i1p1f1_ICTP_RegCM5-0_v1-r1_1hr_200001210100-200001220000.nc
hfss_CSAM-3_ERA5_evaluation_r1i1p1f1_ICTP_RegCM5-0_v1-r1_1hr_200001220100-200001230000.nc
hfss_CSAM-3_ERA5_evaluation_r1i1p1f1_ICTP_RegCM5-0_v1-r1_1hr_200001230100-200001240000.nc
hfss_CSAM-3_ERA5_evaluation_r1i1p1f1_ICTP_RegCM5-0_v1-r1_1hr_200001240100-200001250000.nc
hfss_CSAM-3_ERA5_evaluation_r1i1p1f1_ICTP_RegCM5-0_v1-r1_1hr_200001250100-200001260000.nc
hfss_CSAM-3_ERA5_evaluation_r1i1p1f1_ICTP_RegCM5-0_v1-r1_1hr_200001260100-200001270000.nc
hfss_CSAM-3_ERA5_evaluation_r1i1p1f1_ICTP_RegCM5-0_v1-r1_1hr_200001270100-200001280000.nc
hfss_CSAM-3_ERA5_evaluation_r1i1p1f1_ICTP_RegCM5-0_v1-r1_1hr_200001280100-200001290000.nc
hfss_CSAM-3_ERA5_evaluation_r1i1p1f1_ICTP_RegCM5-0_v1-r1_1hr_200001290100-200001300000.nc
hfss_CSAM-3_ERA5_evaluation_r1i1p1f1_ICTP_RegCM5-0_v1-r1_1hr_200001300100-200001310000.nc
hfss_CSAM-3_ERA5_evaluation_r1i1p1f1_ICTP_RegCM5-0_v1-r1_1hr_200001310100-200002010000.nc
hfss_CSAM-3_ERA5_evaluation_r1i1p1f1_ICTP_RegCM5-0_v1-r1_1hr_200002010100-200002020000.nc
hfss_CSAM-3_ERA5_evaluation_r1i1p1f1_ICTP_RegCM5-0_v1-r1_1hr_200002020100-200002030000.nc
hfss_CSAM-3_ERA5_evaluation_r1i1p1f1_ICTP_RegCM5-0_v1-r1_1hr_200002030100-200002040000.nc
hfss_CSAM-3_ERA5_evaluation_r1i1p1f1_ICTP_RegCM5-0_v1-r1_1hr_200002040100-200002050000.nc
hfss_CSAM-3_ERA5_evaluation_r1i1p1f1_ICTP_RegCM5-0_v1-r1_1hr_200002050100-200002060000.nc
hfss_CSAM-3_ERA5_evaluation_r1i1p1f1_ICTP_RegCM5-0_v1-r1_1hr_200002060100-200002070000.nc
hfss_CSAM-3_ERA5_evaluation_r1i1p1f1_ICTP_RegCM5-0_v1-r1_1hr_200002070100-200002080000.nc
hfss_CSAM-3_ERA5_evaluation_r1i1p1f1_ICTP_RegCM5-0_v1-r1_1hr_200002080100-200002090000.nc
hfss_CSAM-3_ERA5_evaluation_r1i1p1f1_ICTP_RegCM5-0_v1-r1_1hr_200002090100-200002100000.nc
hfss_CSAM-3_ERA5_evaluation_r1i1p1f1_ICTP_RegCM5-0_v1-r1_1hr_200002100100-200002110000.nc
hfss_CSAM-3_ERA5_evaluation_r1i1p1f1_ICTP_RegCM5-0_v1-r1_1hr_200002110100-200002120000.nc
hfss_CSAM-3_ERA5_evaluation_r1i1p1f1_ICTP_RegCM5-0_v1-r1_1hr_200002120100-200002130000.nc
hfss_CSAM-3_ERA5_evaluation_r1i1p1f1_ICTP_RegCM5-0_v1-r1_1hr_200002130100-200002140000.nc
hfss_CSAM-3_ERA5_evaluation_r1i1p1f1_ICTP_RegCM5-0_v1-r1_1hr_200002140100-200002150000.nc
hfss_CSAM-3_ERA5_evaluation_r1i1p1f1_ICTP_RegCM5-0_v1-r1_1hr_200002150100-200002160000.nc
hfss_CSAM-3_ERA5_evaluation_r1i1p1f1_ICTP_RegCM5-0_v1-r1_1hr_200002160100-200002170000.nc
hfss_CSAM-3_ERA5_evaluation_r1i1p1f1_ICTP_RegCM5-0_v1-r1_1hr_200002170100-200002180000.nc
hfss_CSAM-3_ERA5_evaluation_r1i1p1f1_ICTP_RegCM5-0_v1-r1_1hr_200002180100-200002190000.nc
hfss_CSAM-3_ERA5_evaluation_r1i1p1f1_ICTP_RegCM5-0_v1-r1_1hr_200002190100-200002200000.nc
hfss_CSAM-3_ERA5_evaluation_r1i1p1f1_ICTP_RegCM5-0_v1-r1_1hr_200002200100-200002210000.nc
hfss_CSAM-3_ERA5_evaluation_r1i1p1f1_ICTP_RegCM5-0_v1-r1_1hr_200002210100-200002220000.nc
hfss_CSAM-3_ERA5_evaluation_r1i1p1f1_ICTP_RegCM5-0_v1-r1_1hr_200002220100-200002230000.nc
hfss_CSAM-3_ERA5_evaluation_r1i1p1f1_ICTP_RegCM5-0_v1-r1_1hr_200002230100-200002240000.nc
hfss_CSAM-3_ERA5_evaluation_r1i1p1f1_ICTP_RegCM5-0_v1-r1_1hr_200002240100-200002250000.nc
hfss_CSAM-3_ERA5_evaluation_r1i1p1f1_ICTP_RegCM5-0_v1-r1_1hr_200002250100-200002260000.nc
hfss_CSAM-3_ERA5_evaluation_r1i1p1f1_ICTP_RegCM5-0_v1-r1_1hr_200002260100-200002270000.nc
hfss_CSAM-3_ERA5_evaluation_r1i1p1f1_ICTP_RegCM5-0_v1-r1_1hr_200002270100-200002280000.nc
hfss_CSAM-3_ERA5_evaluation_r1i1p1f1_ICTP_RegCM5-0_v1-r1_1hr_200002280100-200002290000.nc
hfss_CSAM-3_ERA5_evaluation_r1i1p1f1_ICTP_RegCM5-0_v1-r1_1hr_200002290100-200003010000.nc
hfss_CSAM-3_ERA5_evaluation_r1i1p1f1_ICTP_RegCM5-0_v1-r1_1hr_200003010100-200003020000.nc
hfss_CSAM-3_ERA5_evaluation_r1i1p1f1_ICTP_RegCM5-0_v1-r1_1hr_200003020100-200003030000.nc
hfss_CSAM-3_ERA5_evaluation_r1i1p1f1_ICTP_RegCM5-0_v1-r1_1hr_200003030100-200003040000.nc
hfss_CSAM-3_ERA5_evaluation_r1i1p1f1_ICTP_RegCM5-0_v1-r1_1hr_200003040100-200003050000.nc
hfss_CSAM-3_ERA5_evaluation_r1i1p1f1_ICTP_RegCM5-0_v1-r1_1hr_200003050100-200003060000.nc
hfss_CSAM-3_ERA5_evaluation_r1i1p1f1_ICTP_RegCM5-0_v1-r1_1hr_200003060100-200003070000.nc
hfss_CSAM-3_ERA5_evaluation_r1i1p1f1_ICTP_RegCM5-0_v1-r1_1hr_200003070100-200003080000.nc
hfss_CSAM-3_ERA5_evaluation_r1i1p1f1_ICTP_RegCM5-0_v1-r1_1hr_200003080100-200003090000.nc
hfss_CSAM-3_ERA5_evaluation_r1i1p1f1_ICTP_RegCM5-0_v1-r1_1hr_200003090100-200003100000.nc
hfss_CSAM-3_ERA5_evaluation_r1i1p1f1_ICTP_RegCM5-0_v1-r1_1hr_200003100100-200003110000.nc
hfss_CSAM-3_ERA5_evaluation_r1i1p1f1_ICTP_RegCM5-0_v1-r1_1hr_200003110100-200003120000.nc
hfss_CSAM-3_ERA5_evaluation_r1i1p1f1_ICTP_RegCM5-0_v1-r1_1hr_200003120100-200003130000.nc
hfss_CSAM-3_ERA5_evaluation_r1i1p1f1_ICTP_RegCM5-0_v1-r1_1hr_200003130100-200003140000.nc
hfss_CSAM-3_ERA5_evaluation_r1i1p1f1_ICTP_RegCM5-0_v1-r1_1hr_200003140100-200003150000.nc
hfss_CSAM-3_ERA5_evaluation_r1i1p1f1_ICTP_RegCM5-0_v1-r1_1hr_200003150100-200003160000.nc
hfss_CSAM-3_ERA5_evaluation_r1i1p1f1_ICTP_RegCM5-0_v1-r1_1hr_200003160100-200003170000.nc
hfss_CSAM-3_ERA5_evaluation_r1i1p1f1_ICTP_RegCM5-0_v1-r1_1hr_200003170100-200003180000.nc
hfss_CSAM-3_ERA5_evaluation_r1i1p1f1_ICTP_RegCM5-0_v1-r1_1hr_200003180100-200003190000.nc
hfss_CSAM-3_ERA5_evaluation_r1i1p1f1_ICTP_RegCM5-0_v1-r1_1hr_200003190100-200003200000.nc
hfss_CSAM-3_ERA5_evaluation_r1i1p1f1_ICTP_RegCM5-0_v1-r1_1hr_200003200100-200003210000.nc
hfss_CSAM-3_ERA5_evaluation_r1i1p1f1_ICTP_RegCM5-0_v1-r1_1hr_200003210100-200003220000.nc
hfss_CSAM-3_ERA5_evaluation_r1i1p1f1_ICTP_RegCM5-0_v1-r1_1hr_200003220100-200003230000.nc
hfss_CSAM-3_ERA5_evaluation_r1i1p1f1_ICTP_RegCM5-0_v1-r1_1hr_200003230100-200003240000.nc
hfss_CSAM-3_ERA5_evaluation_r1i1p1f1_ICTP_RegCM5-0_v1-r1_1hr_200003240100-200003250000.nc
hfss_CSAM-3_ERA5_evaluation_r1i1p1f1_ICTP_RegCM5-0_v1-r1_1hr_200003250100-200003260000.nc
hfss_CSAM-3_ERA5_evaluation_r1i1p1f1_ICTP_RegCM5-0_v1-r1_1hr_200003260100-200003270000.nc
hfss_CSAM-3_ERA5_evaluation_r1i1p1f1_ICTP_RegCM5-0_v1-r1_1hr_200003270100-200003280000.nc
hfss_CSAM-3_ERA5_evaluation_r1i1p1f1_ICTP_RegCM5-0_v1-r1_1hr_200003280100-200003290000.nc
hfss_CSAM-3_ERA5_evaluation_r1i1p1f1_ICTP_RegCM5-0_v1-r1_1hr_200003290100-200003300000.nc
hfss_CSAM-3_ERA5_evaluation_r1i1p1f1_ICTP_RegCM5-0_v1-r1_1hr_200003300100-200003310000.nc
hfss_CSAM-3_ERA5_evaluation_r1i1p1f1_ICTP_RegCM5-0_v1-r1_1hr_200003310100-200004010000.nc
hfss_CSAM-3_ERA5_evaluation_r1i1p1f1_ICTP_RegCM5-0_v1-r1_1hr_200004010100-200004020000.nc
hfss_CSAM-3_ERA5_evaluation_r1i1p1f1_ICTP_RegCM5-0_v1-r1_1hr_200004020100-200004030000.nc
hfss_CSAM-3_ERA5_evaluation_r1i1p1f1_ICTP_RegCM5-0_v1-r1_1hr_200004030100-200004040000.nc
hfss_CSAM-3_ERA5_evaluation_r1i1p1f1_ICTP_RegCM5-0_v1-r1_1hr_200004040100-200004050000.nc
hfss_CSAM-3_ERA5_evaluation_r1i1p1f1_ICTP_RegCM5-0_v1-r1_1hr_200004050100-200004060000.nc
hfss_CSAM-3_ERA5_evaluation_r1i1p1f1_ICTP_RegCM5-0_v1-r1_1hr_200004060100-200004070000.nc
hfss_CSAM-3_ERA5_evaluation_r1i1p1f1_ICTP_RegCM5-0_v1-r1_1hr_200004070100-200004080000.nc
hfss_CSAM-3_ERA5_evaluation_r1i1p1f1_ICTP_RegCM5-0_v1-r1_1hr_200004080100-200004090000.nc
hfss_CSAM-3_ERA5_evaluation_r1i1p1f1_ICTP_RegCM5-0_v1-r1_1hr_200004090100-200004100000.nc
hfss_CSAM-3_ERA5_evaluation_r1i1p1f1_ICTP_RegCM5-0_v1-r1_1hr_200004100100-200004110000.nc
hfss_CSAM-3_ERA5_evaluation_r1i1p1f1_ICTP_RegCM5-0_v1-r1_1hr_200004110100-200004120000.nc
hfss_CSAM-3_ERA5_evaluation_r1i1p1f1_ICTP_RegCM5-0_v1-r1_1hr_200004120100-200004130000.nc
hfss_CSAM-3_ERA5_evaluation_r1i1p1f1_ICTP_RegCM5-0_v1-r1_1hr_200004130100-200004140000.nc
hfss_CSAM-3_ERA5_evaluation_r1i1p1f1_ICTP_RegCM5-0_v1-r1_1hr_200004140100-200004150000.nc
hfss_CSAM-3_ERA5_evaluation_r1i1p1f1_ICTP_RegCM5-0_v1-r1_1hr_200004150100-200004160000.nc
hfss_CSAM-3_ERA5_evaluation_r1i1p1f1_ICTP_RegCM5-0_v1-r1_1hr_200004160100-200004170000.nc
hfss_CSAM-3_ERA5_evaluation_r1i1p1f1_ICTP_RegCM5-0_v1-r1_1hr_200004170100-200004180000.nc
hfss_CSAM-3_ERA5_evaluation_r1i1p1f1_ICTP_RegCM5-0_v1-r1_1hr_200004180100-200004190000.nc
hfss_CSAM-3_ERA5_evaluation_r1i1p1f1_ICTP_RegCM5-0_v1-r1_1hr_200004190100-200004200000.nc
hfss_CSAM-3_ERA5_evaluation_r1i1p1f1_ICTP_RegCM5-0_v1-r1_1hr_200004200100-200004210000.nc
hfss_CSAM-3_ERA5_evaluation_r1i1p1f1_ICTP_RegCM5-0_v1-r1_1hr_200004210100-200004220000.nc
hfss_CSAM-3_ERA5_evaluation_r1i1p1f1_ICTP_RegCM5-0_v1-r1_1hr_200004220100-200004230000.nc
hfss_CSAM-3_ERA5_evaluation_r1i1p1f1_ICTP_RegCM5-0_v1-r1_1hr_200004230100-200004240000.nc
hfss_CSAM-3_ERA5_evaluation_r1i1p1f1_ICTP_RegCM5-0_v1-r1_1hr_200004240100-200004250000.nc
hfss_CSAM-3_ERA5_evaluation_r1i1p1f1_ICTP_RegCM5-0_v1-r1_1hr_200004250100-200004260000.nc
hfss_CSAM-3_ERA5_evaluation_r1i1p1f1_ICTP_RegCM5-0_v1-r1_1hr_200004260100-200004270000.nc
hfss_CSAM-3_ERA5_evaluation_r1i1p1f1_ICTP_RegCM5-0_v1-r1_1hr_200004270100-200004280000.nc
hfss_CSAM-3_ERA5_evaluation_r1i1p1f1_ICTP_RegCM5-0_v1-r1_1hr_200004280100-200004290000.nc
hfss_CSAM-3_ERA5_evaluation_r1i1p1f1_ICTP_RegCM5-0_v1-r1_1hr_200004290100-200004300000.nc
hfss_CSAM-3_ERA5_evaluation_r1i1p1f1_ICTP_RegCM5-0_v1-r1_1hr_200004300100-200005010000.nc
hfss_CSAM-3_ERA5_evaluation_r1i1p1f1_ICTP_RegCM5-0_v1-r1_1hr_200005010100-200005020000.nc
hfss_CSAM-3_ERA5_evaluation_r1i1p1f1_ICTP_RegCM5-0_v1-r1_1hr_200005020100-200005030000.nc
hfss_CSAM-3_ERA5_evaluation_r1i1p1f1_ICTP_RegCM5-0_v1-r1_1hr_200005030100-200005040000.nc
hfss_CSAM-3_ERA5_evaluation_r1i1p1f1_ICTP_RegCM5-0_v1-r1_1hr_200005040100-200005050000.nc
hfss_CSAM-3_ERA5_evaluation_r1i1p1f1_ICTP_RegCM5-0_v1-r1_1hr_200005050100-200005060000.nc
hfss_CSAM-3_ERA5_evaluation_r1i1p1f1_ICTP_RegCM5-0_v1-r1_1hr_200005060100-200005070000.nc
hfss_CSAM-3_ERA5_evaluation_r1i1p1f1_ICTP_RegCM5-0_v1-r1_1hr_200005070100-200005080000.nc
hfss_CSAM-3_ERA5_evaluation_r1i1p1f1_ICTP_RegCM5-0_v1-r1_1hr_200005080100-200005090000.nc
hfss_CSAM-3_ERA5_evaluation_r1i1p1f1_ICTP_RegCM5-0_v1-r1_1hr_200005090100-200005100000.nc
hfss_CSAM-3_ERA5_evaluation_r1i1p1f1_ICTP_RegCM5-0_v1-r1_1hr_200005100100-200005110000.nc
hfss_CSAM-3_ERA5_evaluation_r1i1p1f1_ICTP_RegCM5-0_v1-r1_1hr_200005110100-200005120000.nc
hfss_CSAM-3_ERA5_evaluation_r1i1p1f1_ICTP_RegCM5-0_v1-r1_1hr_200005120100-200005130000.nc
hfss_CSAM-3_ERA5_evaluation_r1i1p1f1_ICTP_RegCM5-0_v1-r1_1hr_200005130100-200005140000.nc
hfss_CSAM-3_ERA5_evaluation_r1i1p1f1_ICTP_RegCM5-0_v1-r1_1hr_200005140100-200005150000.nc
hfss_CSAM-3_ERA5_evaluation_r1i1p1f1_ICTP_RegCM5-0_v1-r1_1hr_200005150100-200005160000.nc
hfss_CSAM-3_ERA5_evaluation_r1i1p1f1_ICTP_RegCM5-0_v1-r1_1hr_200005160100-200005170000.nc
hfss_CSAM-3_ERA5_evaluation_r1i1p1f1_ICTP_RegCM5-0_v1-r1_1hr_200005170100-200005180000.nc
hfss_CSAM-3_ERA5_evaluation_r1i1p1f1_ICTP_RegCM5-0_v1-r1_1hr_200005180100-200005190000.nc
hfss_CSAM-3_ERA5_evaluation_r1i1p1f1_ICTP_RegCM5-0_v1-r1_1hr_200005190100-200005200000.nc
hfss_CSAM-3_ERA5_evaluation_r1i1p1f1_ICTP_RegCM5-0_v1-r1_1hr_200005200100-200005210000.nc
hfss_CSAM-3_ERA5_evaluation_r1i1p1f1_ICTP_RegCM5-0_v1-r1_1hr_200005210100-200005220000.nc
hfss_CSAM-3_ERA5_evaluation_r1i1p1f1_ICTP_RegCM5-0_v1-r1_1hr_200005220100-200005230000.nc
hfss_CSAM-3_ERA5_evaluation_r1i1p1f1_ICTP_RegCM5-0_v1-r1_1hr_200005230100-200005240000.nc
hfss_CSAM-3_ERA5_evaluation_r1i1p1f1_ICTP_RegCM5-0_v1-r1_1hr_200005240100-200005250000.nc
hfss_CSAM-3_ERA5_evaluation_r1i1p1f1_ICTP_RegCM5-0_v1-r1_1hr_200005250100-200005260000.nc
hfss_CSAM-3_ERA5_evaluation_r1i1p1f1_ICTP_RegCM5-0_v1-r1_1hr_200005260100-200005270000.nc
hfss_CSAM-3_ERA5_evaluation_r1i1p1f1_ICTP_RegCM5-0_v1-r1_1hr_200005270100-200005280000.nc
hfss_CSAM-3_ERA5_evaluation_r1i1p1f1_ICTP_RegCM5-0_v1-r1_1hr_200005280100-200005290000.nc
hfss_CSAM-3_ERA5_evaluation_r1i1p1f1_ICTP_RegCM5-0_v1-r1_1hr_200005290100-200005300000.nc
hfss_CSAM-3_ERA5_evaluation_r1i1p1f1_ICTP_RegCM5-0_v1-r1_1hr_200005300100-200005310000.nc
hfss_CSAM-3_ERA5_evaluation_r1i1p1f1_ICTP_RegCM5-0_v1-r1_1hr_200005310100-200006010000.nc
hfss_CSAM-3_ERA5_evaluation_r1i1p1f1_ICTP_RegCM5-0_v1-r1_1hr_200006010100-200006020000.nc
hfss_CSAM-3_ERA5_evaluation_r1i1p1f1_ICTP_RegCM5-0_v1-r1_1hr_200006020100-200006030000.nc
hfss_CSAM-3_ERA5_evaluation_r1i1p1f1_ICTP_RegCM5-0_v1-r1_1hr_200006030100-200006040000.nc
hfss_CSAM-3_ERA5_evaluation_r1i1p1f1_ICTP_RegCM5-0_v1-r1_1hr_200006040100-200006050000.nc
hfss_CSAM-3_ERA5_evaluation_r1i1p1f1_ICTP_RegCM5-0_v1-r1_1hr_200006050100-200006060000.nc
hfss_CSAM-3_ERA5_evaluation_r1i1p1f1_ICTP_RegCM5-0_v1-r1_1hr_200006060100-200006070000.nc
hfss_CSAM-3_ERA5_evaluation_r1i1p1f1_ICTP_RegCM5-0_v1-r1_1hr_200006070100-200006080000.nc
hfss_CSAM-3_ERA5_evaluation_r1i1p1f1_ICTP_RegCM5-0_v1-r1_1hr_200006080100-200006090000.nc
hfss_CSAM-3_ERA5_evaluation_r1i1p1f1_ICTP_RegCM5-0_v1-r1_1hr_200006090100-200006100000.nc
hfss_CSAM-3_ERA5_evaluation_r1i1p1f1_ICTP_RegCM5-0_v1-r1_1hr_200006100100-200006110000.nc
hfss_CSAM-3_ERA5_evaluation_r1i1p1f1_ICTP_RegCM5-0_v1-r1_1hr_200006110100-200006120000.nc
hfss_CSAM-3_ERA5_evaluation_r1i1p1f1_ICTP_RegCM5-0_v1-r1_1hr_200006120100-200006130000.nc
hfss_CSAM-3_ERA5_evaluation_r1i1p1f1_ICTP_RegCM5-0_v1-r1_1hr_200006130100-200006140000.nc
hfss_CSAM-3_ERA5_evaluation_r1i1p1f1_ICTP_RegCM5-0_v1-r1_1hr_200006140100-200006150000.nc
hfss_CSAM-3_ERA5_evaluation_r1i1p1f1_ICTP_RegCM5-0_v1-r1_1hr_200006150100-200006160000.nc
hfss_CSAM-3_ERA5_evaluation_r1i1p1f1_ICTP_RegCM5-0_v1-r1_1hr_200006160100-200006170000.nc
hfss_CSAM-3_ERA5_evaluation_r1i1p1f1_ICTP_RegCM5-0_v1-r1_1hr_200006170100-200006180000.nc
hfss_CSAM-3_ERA5_evaluation_r1i1p1f1_ICTP_RegCM5-0_v1-r1_1hr_200006180100-200006190000.nc
hfss_CSAM-3_ERA5_evaluation_r1i1p1f1_ICTP_RegCM5-0_v1-r1_1hr_200006190100-200006200000.nc
hfss_CSAM-3_ERA5_evaluation_r1i1p1f1_ICTP_RegCM5-0_v1-r1_1hr_200006200100-200006210000.nc
hfss_CSAM-3_ERA5_evaluation_r1i1p1f1_ICTP_RegCM5-0_v1-r1_1hr_200006210100-200006220000.nc
hfss_CSAM-3_ERA5_evaluation_r1i1p1f1_ICTP_RegCM5-0_v1-r1_1hr_200006220100-200006230000.nc
hfss_CSAM-3_ERA5_evaluation_r1i1p1f1_ICTP_RegCM5-0_v1-r1_1hr_200006230100-200006240000.nc
hfss_CSAM-3_ERA5_evaluation_r1i1p1f1_ICTP_RegCM5-0_v1-r1_1hr_200006240100-200006250000.nc
hfss_CSAM-3_ERA5_evaluation_r1i1p1f1_ICTP_RegCM5-0_v1-r1_1hr_200006250100-200006260000.nc
hfss_CSAM-3_ERA5_evaluation_r1i1p1f1_ICTP_RegCM5-0_v1-r1_1hr_200006260100-200006270000.nc
hfss_CSAM-3_ERA5_evaluation_r1i1p1f1_ICTP_RegCM5-0_v1-r1_1hr_200006270100-200006280000.nc
hfss_CSAM-3_ERA5_evaluation_r1i1p1f1_ICTP_RegCM5-0_v1-r1_1hr_200006280100-200006290000.nc
hfss_CSAM-3_ERA5_evaluation_r1i1p1f1_ICTP_RegCM5-0_v1-r1_1hr_200006290100-200006300000.nc
hfss_CSAM-3_ERA5_evaluation_r1i1p1f1_ICTP_RegCM5-0_v1-r1_1hr_200006300100-200007010000.nc
hfss_CSAM-3_ERA5_evaluation_r1i1p1f1_ICTP_RegCM5-0_v1-r1_1hr_200007010100-200007020000.nc
hfss_CSAM-3_ERA5_evaluation_r1i1p1f1_ICTP_RegCM5-0_v1-r1_1hr_200007020100-200007030000.nc
hfss_CSAM-3_ERA5_evaluation_r1i1p1f1_ICTP_RegCM5-0_v1-r1_1hr_200007030100-200007040000.nc
hfss_CSAM-3_ERA5_evaluation_r1i1p1f1_ICTP_RegCM5-0_v1-r1_1hr_200007040100-200007050000.nc
hfss_CSAM-3_ERA5_evaluation_r1i1p1f1_ICTP_RegCM5-0_v1-r1_1hr_200007050100-200007060000.nc
hfss_CSAM-3_ERA5_evaluation_r1i1p1f1_ICTP_RegCM5-0_v1-r1_1hr_200007060100-200007070000.nc
hfss_CSAM-3_ERA5_evaluation_r1i1p1f1_ICTP_RegCM5-0_v1-r1_1hr_200007070100-200007080000.nc
hfss_CSAM-3_ERA5_evaluation_r1i1p1f1_ICTP_RegCM5-0_v1-r1_1hr_200007080100-200007090000.nc
hfss_CSAM-3_ERA5_evaluation_r1i1p1f1_ICTP_RegCM5-0_v1-r1_1hr_200007090100-200007100000.nc
hfss_CSAM-3_ERA5_evaluation_r1i1p1f1_ICTP_RegCM5-0_v1-r1_1hr_200007100100-200007110000.nc
hfss_CSAM-3_ERA5_evaluation_r1i1p1f1_ICTP_RegCM5-0_v1-r1_1hr_200007110100-200007120000.nc
hfss_CSAM-3_ERA5_evaluation_r1i1p1f1_ICTP_RegCM5-0_v1-r1_1hr_200007120100-200007130000.nc
hfss_CSAM-3_ERA5_evaluation_r1i1p1f1_ICTP_RegCM5-0_v1-r1_1hr_200007130100-200007140000.nc
hfss_CSAM-3_ERA5_evaluation_r1i1p1f1_ICTP_RegCM5-0_v1-r1_1hr_200007140100-200007150000.nc
hfss_CSAM-3_ERA5_evaluation_r1i1p1f1_ICTP_RegCM5-0_v1-r1_1hr_200007150100-200007160000.nc
hfss_CSAM-3_ERA5_evaluation_r1i1p1f1_ICTP_RegCM5-0_v1-r1_1hr_200007160100-200007170000.nc
hfss_CSAM-3_ERA5_evaluation_r1i1p1f1_ICTP_RegCM5-0_v1-r1_1hr_200007170100-200007180000.nc
hfss_CSAM-3_ERA5_evaluation_r1i1p1f1_ICTP_RegCM5-0_v1-r1_1hr_200007180100-200007190000.nc
hfss_CSAM-3_ERA5_evaluation_r1i1p1f1_ICTP_RegCM5-0_v1-r1_1hr_200007190100-200007200000.nc
hfss_CSAM-3_ERA5_evaluation_r1i1p1f1_ICTP_RegCM5-0_v1-r1_1hr_200007200100-200007210000.nc
hfss_CSAM-3_ERA5_evaluation_r1i1p1f1_ICTP_RegCM5-0_v1-r1_1hr_200007210100-200007220000.nc
hfss_CSAM-3_ERA5_evaluation_r1i1p1f1_ICTP_RegCM5-0_v1-r1_1hr_200007220100-200007230000.nc
hfss_CSAM-3_ERA5_evaluation_r1i1p1f1_ICTP_RegCM5-0_v1-r1_1hr_200007230100-200007240000.nc
hfss_CSAM-3_ERA5_evaluation_r1i1p1f1_ICTP_RegCM5-0_v1-r1_1hr_200007240100-200007250000.nc
hfss_CSAM-3_ERA5_evaluation_r1i1p1f1_ICTP_RegCM5-0_v1-r1_1hr_200007250100-200007260000.nc
hfss_CSAM-3_ERA5_evaluation_r1i1p1f1_ICTP_RegCM5-0_v1-r1_1hr_200007260100-200007270000.nc
hfss_CSAM-3_ERA5_evaluation_r1i1p1f1_ICTP_RegCM5-0_v1-r1_1hr_200007270100-200007280000.nc
hfss_CSAM-3_ERA5_evaluation_r1i1p1f1_ICTP_RegCM5-0_v1-r1_1hr_200007280100-200007290000.nc
hfss_CSAM-3_ERA5_evaluation_r1i1p1f1_ICTP_RegCM5-0_v1-r1_1hr_200007290100-200007300000.nc
hfss_CSAM-3_ERA5_evaluation_r1i1p1f1_ICTP_RegCM5-0_v1-r1_1hr_200007300100-200007310000.nc
hfss_CSAM-3_ERA5_evaluation_r1i1p1f1_ICTP_RegCM5-0_v1-r1_1hr_200007310100-200008010000.nc
hfss_CSAM-3_ERA5_evaluation_r1i1p1f1_ICTP_RegCM5-0_v1-r1_1hr_200008010100-200008020000.nc
hfss_CSAM-3_ERA5_evaluation_r1i1p1f1_ICTP_RegCM5-0_v1-r1_1hr_200008020100-200008030000.nc
hfss_CSAM-3_ERA5_evaluation_r1i1p1f1_ICTP_RegCM5-0_v1-r1_1hr_200008030100-200008040000.nc
hfss_CSAM-3_ERA5_evaluation_r1i1p1f1_ICTP_RegCM5-0_v1-r1_1hr_200008040100-200008050000.nc
hfss_CSAM-3_ERA5_evaluation_r1i1p1f1_ICTP_RegCM5-0_v1-r1_1hr_200008050100-200008060000.nc
hfss_CSAM-3_ERA5_evaluation_r1i1p1f1_ICTP_RegCM5-0_v1-r1_1hr_200008060100-200008070000.nc
hfss_CSAM-3_ERA5_evaluation_r1i1p1f1_ICTP_RegCM5-0_v1-r1_1hr_200008070100-200008080000.nc
hfss_CSAM-3_ERA5_evaluation_r1i1p1f1_ICTP_RegCM5-0_v1-r1_1hr_200008080100-200008090000.nc
hfss_CSAM-3_ERA5_evaluation_r1i1p1f1_ICTP_RegCM5-0_v1-r1_1hr_200008090100-200008100000.nc
hfss_CSAM-3_ERA5_evaluation_r1i1p1f1_ICTP_RegCM5-0_v1-r1_1hr_200008100100-200008110000.nc
hfss_CSAM-3_ERA5_evaluation_r1i1p1f1_ICTP_RegCM5-0_v1-r1_1hr_200008110100-200008120000.nc
hfss_CSAM-3_ERA5_evaluation_r1i1p1f1_ICTP_RegCM5-0_v1-r1_1hr_200008120100-200008130000.nc
hfss_CSAM-3_ERA5_evaluation_r1i1p1f1_ICTP_RegCM5-0_v1-r1_1hr_200008130100-200008140000.nc
hfss_CSAM-3_ERA5_evaluation_r1i1p1f1_ICTP_RegCM5-0_v1-r1_1hr_200008140100-200008150000.nc
hfss_CSAM-3_ERA5_evaluation_r1i1p1f1_ICTP_RegCM5-0_v1-r1_1hr_200008150100-200008160000.nc
hfss_CSAM-3_ERA5_evaluation_r1i1p1f1_ICTP_RegCM5-0_v1-r1_1hr_200008160100-200008170000.nc
hfss_CSAM-3_ERA5_evaluation_r1i1p1f1_ICTP_RegCM5-0_v1-r1_1hr_200008170100-200008180000.nc
hfss_CSAM-3_ERA5_evaluation_r1i1p1f1_ICTP_RegCM5-0_v1-r1_1hr_200008180100-200008190000.nc
hfss_CSAM-3_ERA5_evaluation_r1i1p1f1_ICTP_RegCM5-0_v1-r1_1hr_200008190100-200008200000.nc
hfss_CSAM-3_ERA5_evaluation_r1i1p1f1_ICTP_RegCM5-0_v1-r1_1hr_200008200100-200008210000.nc
hfss_CSAM-3_ERA5_evaluation_r1i1p1f1_ICTP_RegCM5-0_v1-r1_1hr_200008210100-200008220000.nc
hfss_CSAM-3_ERA5_evaluation_r1i1p1f1_ICTP_RegCM5-0_v1-r1_1hr_200008220100-200008230000.nc
hfss_CSAM-3_ERA5_evaluation_r1i1p1f1_ICTP_RegCM5-0_v1-r1_1hr_200008230100-200008240000.nc
hfss_CSAM-3_ERA5_evaluation_r1i1p1f1_ICTP_RegCM5-0_v1-r1_1hr_200008240100-200008250000.nc
hfss_CSAM-3_ERA5_evaluation_r1i1p1f1_ICTP_RegCM5-0_v1-r1_1hr_200008250100-200008260000.nc
hfss_CSAM-3_ERA5_evaluation_r1i1p1f1_ICTP_RegCM5-0_v1-r1_1hr_200008260100-200008270000.nc
hfss_CSAM-3_ERA5_evaluation_r1i1p1f1_ICTP_RegCM5-0_v1-r1_1hr_200008270100-200008280000.nc
hfss_CSAM-3_ERA5_evaluation_r1i1p1f1_ICTP_RegCM5-0_v1-r1_1hr_200008280100-200008290000.nc
hfss_CSAM-3_ERA5_evaluation_r1i1p1f1_ICTP_RegCM5-0_v1-r1_1hr_200008290100-200008300000.nc
hfss_CSAM-3_ERA5_evaluation_r1i1p1f1_ICTP_RegCM5-0_v1-r1_1hr_200008300100-200008310000.nc
hfss_CSAM-3_ERA5_evaluation_r1i1p1f1_ICTP_RegCM5-0_v1-r1_1hr_200008310100-200009010000.nc
hfss_CSAM-3_ERA5_evaluation_r1i1p1f1_ICTP_RegCM5-0_v1-r1_1hr_200009010100-200009020000.nc
hfss_CSAM-3_ERA5_evaluation_r1i1p1f1_ICTP_RegCM5-0_v1-r1_1hr_200009020100-200009030000.nc
hfss_CSAM-3_ERA5_evaluation_r1i1p1f1_ICTP_RegCM5-0_v1-r1_1hr_200009030100-200009040000.nc
hfss_CSAM-3_ERA5_evaluation_r1i1p1f1_ICTP_RegCM5-0_v1-r1_1hr_200009040100-200009050000.nc
hfss_CSAM-3_ERA5_evaluation_r1i1p1f1_ICTP_RegCM5-0_v1-r1_1hr_200009050100-200009060000.nc
hfss_CSAM-3_ERA5_evaluation_r1i1p1f1_ICTP_RegCM5-0_v1-r1_1hr_200009060100-200009070000.nc
hfss_CSAM-3_ERA5_evaluation_r1i1p1f1_ICTP_RegCM5-0_v1-r1_1hr_200009070100-200009080000.nc
hfss_CSAM-3_ERA5_evaluation_r1i1p1f1_ICTP_RegCM5-0_v1-r1_1hr_200009080100-200009090000.nc
hfss_CSAM-3_ERA5_evaluation_r1i1p1f1_ICTP_RegCM5-0_v1-r1_1hr_200009090100-200009100000.nc
hfss_CSAM-3_ERA5_evaluation_r1i1p1f1_ICTP_RegCM5-0_v1-r1_1hr_200009100100-200009110000.nc
hfss_CSAM-3_ERA5_evaluation_r1i1p1f1_ICTP_RegCM5-0_v1-r1_1hr_200009110100-200009120000.nc
hfss_CSAM-3_ERA5_evaluation_r1i1p1f1_ICTP_RegCM5-0_v1-r1_1hr_200009120100-200009130000.nc
hfss_CSAM-3_ERA5_evaluation_r1i1p1f1_ICTP_RegCM5-0_v1-r1_1hr_200009130100-200009140000.nc
hfss_CSAM-3_ERA5_evaluation_r1i1p1f1_ICTP_RegCM5-0_v1-r1_1hr_200009140100-200009150000.nc
hfss_CSAM-3_ERA5_evaluation_r1i1p1f1_ICTP_RegCM5-0_v1-r1_1hr_200009150100-200009160000.nc
hfss_CSAM-3_ERA5_evaluation_r1i1p1f1_ICTP_RegCM5-0_v1-r1_1hr_200009160100-200009170000.nc
hfss_CSAM-3_ERA5_evaluation_r1i1p1f1_ICTP_RegCM5-0_v1-r1_1hr_200009170100-200009180000.nc
hfss_CSAM-3_ERA5_evaluation_r1i1p1f1_ICTP_RegCM5-0_v1-r1_1hr_200009180100-200009190000.nc
hfss_CSAM-3_ERA5_evaluation_r1i1p1f1_ICTP_RegCM5-0_v1-r1_1hr_200009190100-200009200000.nc
hfss_CSAM-3_ERA5_evaluation_r1i1p1f1_ICTP_RegCM5-0_v1-r1_1hr_200009200100-200009210000.nc
hfss_CSAM-3_ERA5_evaluation_r1i1p1f1_ICTP_RegCM5-0_v1-r1_1hr_200009210100-200009220000.nc
hfss_CSAM-3_ERA5_evaluation_r1i1p1f1_ICTP_RegCM5-0_v1-r1_1hr_200009220100-200009230000.nc
hfss_CSAM-3_ERA5_evaluation_r1i1p1f1_ICTP_RegCM5-0_v1-r1_1hr_200009230100-200009240000.nc
hfss_CSAM-3_ERA5_evaluation_r1i1p1f1_ICTP_RegCM5-0_v1-r1_1hr_200009240100-200009250000.nc
hfss_CSAM-3_ERA5_evaluation_r1i1p1f1_ICTP_RegCM5-0_v1-r1_1hr_200009250100-200009260000.nc
hfss_CSAM-3_ERA5_evaluation_r1i1p1f1_ICTP_RegCM5-0_v1-r1_1hr_200009260100-200009270000.nc
hfss_CSAM-3_ERA5_evaluation_r1i1p1f1_ICTP_RegCM5-0_v1-r1_1hr_200009270100-200009280000.nc
hfss_CSAM-3_ERA5_evaluation_r1i1p1f1_ICTP_RegCM5-0_v1-r1_1hr_200009280100-200009290000.nc
hfss_CSAM-3_ERA5_evaluation_r1i1p1f1_ICTP_RegCM5-0_v1-r1_1hr_200009290100-200009300000.nc
hfss_CSAM-3_ERA5_evaluation_r1i1p1f1_ICTP_RegCM5-0_v1-r1_1hr_200009300100-200010010000.nc
hfss_CSAM-3_ERA5_evaluation_r1i1p1f1_ICTP_RegCM5-0_v1-r1_1hr_200010010100-200010020000.nc
hfss_CSAM-3_ERA5_evaluation_r1i1p1f1_ICTP_RegCM5-0_v1-r1_1hr_200010020100-200010030000.nc
hfss_CSAM-3_ERA5_evaluation_r1i1p1f1_ICTP_RegCM5-0_v1-r1_1hr_200010030100-200010040000.nc
hfss_CSAM-3_ERA5_evaluation_r1i1p1f1_ICTP_RegCM5-0_v1-r1_1hr_200010040100-200010050000.nc
hfss_CSAM-3_ERA5_evaluation_r1i1p1f1_ICTP_RegCM5-0_v1-r1_1hr_200010050100-200010060000.nc
hfss_CSAM-3_ERA5_evaluation_r1i1p1f1_ICTP_RegCM5-0_v1-r1_1hr_200010060100-200010070000.nc
hfss_CSAM-3_ERA5_evaluation_r1i1p1f1_ICTP_RegCM5-0_v1-r1_1hr_200010070100-200010080000.nc
hfss_CSAM-3_ERA5_evaluation_r1i1p1f1_ICTP_RegCM5-0_v1-r1_1hr_200010080100-200010090000.nc
hfss_CSAM-3_ERA5_evaluation_r1i1p1f1_ICTP_RegCM5-0_v1-r1_1hr_200010090100-200010100000.nc
hfss_CSAM-3_ERA5_evaluation_r1i1p1f1_ICTP_RegCM5-0_v1-r1_1hr_200010100100-200010110000.nc
hfss_CSAM-3_ERA5_evaluation_r1i1p1f1_ICTP_RegCM5-0_v1-r1_1hr_200010110100-200010120000.nc
hfss_CSAM-3_ERA5_evaluation_r1i1p1f1_ICTP_RegCM5-0_v1-r1_1hr_200010120100-200010130000.nc
hfss_CSAM-3_ERA5_evaluation_r1i1p1f1_ICTP_RegCM5-0_v1-r1_1hr_200010130100-200010140000.nc
hfss_CSAM-3_ERA5_evaluation_r1i1p1f1_ICTP_RegCM5-0_v1-r1_1hr_200010140100-200010150000.nc
hfss_CSAM-3_ERA5_evaluation_r1i1p1f1_ICTP_RegCM5-0_v1-r1_1hr_200010150100-200010160000.nc
hfss_CSAM-3_ERA5_evaluation_r1i1p1f1_ICTP_RegCM5-0_v1-r1_1hr_200010160100-200010170000.nc
hfss_CSAM-3_ERA5_evaluation_r1i1p1f1_ICTP_RegCM5-0_v1-r1_1hr_200010170100-200010180000.nc
hfss_CSAM-3_ERA5_evaluation_r1i1p1f1_ICTP_RegCM5-0_v1-r1_1hr_200010180100-200010190000.nc
hfss_CSAM-3_ERA5_evaluation_r1i1p1f1_ICTP_RegCM5-0_v1-r1_1hr_200010190100-200010200000.nc
hfss_CSAM-3_ERA5_evaluation_r1i1p1f1_ICTP_RegCM5-0_v1-r1_1hr_200010200100-200010210000.nc
hfss_CSAM-3_ERA5_evaluation_r1i1p1f1_ICTP_RegCM5-0_v1-r1_1hr_200010210100-200010220000.nc
hfss_CSAM-3_ERA5_evaluation_r1i1p1f1_ICTP_RegCM5-0_v1-r1_1hr_200010220100-200010230000.nc
hfss_CSAM-3_ERA5_evaluation_r1i1p1f1_ICTP_RegCM5-0_v1-r1_1hr_200010230100-200010240000.nc
hfss_CSAM-3_ERA5_evaluation_r1i1p1f1_ICTP_RegCM5-0_v1-r1_1hr_200010240100-200010250000.nc
hfss_CSAM-3_ERA5_evaluation_r1i1p1f1_ICTP_RegCM5-0_v1-r1_1hr_200010250100-200010260000.nc
hfss_CSAM-3_ERA5_evaluation_r1i1p1f1_ICTP_RegCM5-0_v1-r1_1hr_200010260100-200010270000.nc
hfss_CSAM-3_ERA5_evaluation_r1i1p1f1_ICTP_RegCM5-0_v1-r1_1hr_200010270100-200010280000.nc
hfss_CSAM-3_ERA5_evaluation_r1i1p1f1_ICTP_RegCM5-0_v1-r1_1hr_200010280100-200010290000.nc
hfss_CSAM-3_ERA5_evaluation_r1i1p1f1_ICTP_RegCM5-0_v1-r1_1hr_200010290100-200010300000.nc
hfss_CSAM-3_ERA5_evaluation_r1i1p1f1_ICTP_RegCM5-0_v1-r1_1hr_200010300100-200010310000.nc
hfss_CSAM-3_ERA5_evaluation_r1i1p1f1_ICTP_RegCM5-0_v1-r1_1hr_200010310100-200011010000.nc
hfss_CSAM-3_ERA5_evaluation_r1i1p1f1_ICTP_RegCM5-0_v1-r1_1hr_200011010100-200011020000.nc
hfss_CSAM-3_ERA5_evaluation_r1i1p1f1_ICTP_RegCM5-0_v1-r1_1hr_200011020100-200011030000.nc
hfss_CSAM-3_ERA5_evaluation_r1i1p1f1_ICTP_RegCM5-0_v1-r1_1hr_200011030100-200011040000.nc
hfss_CSAM-3_ERA5_evaluation_r1i1p1f1_ICTP_RegCM5-0_v1-r1_1hr_200011040100-200011050000.nc
hfss_CSAM-3_ERA5_evaluation_r1i1p1f1_ICTP_RegCM5-0_v1-r1_1hr_200011050100-200011060000.nc
hfss_CSAM-3_ERA5_evaluation_r1i1p1f1_ICTP_RegCM5-0_v1-r1_1hr_200011060100-200011070000.nc
hfss_CSAM-3_ERA5_evaluation_r1i1p1f1_ICTP_RegCM5-0_v1-r1_1hr_200011070100-200011080000.nc
hfss_CSAM-3_ERA5_evaluation_r1i1p1f1_ICTP_RegCM5-0_v1-r1_1hr_200011080100-200011090000.nc
hfss_CSAM-3_ERA5_evaluation_r1i1p1f1_ICTP_RegCM5-0_v1-r1_1hr_200011090100-200011100000.nc
hfss_CSAM-3_ERA5_evaluation_r1i1p1f1_ICTP_RegCM5-0_v1-r1_1hr_200011100100-200011110000.nc
hfss_CSAM-3_ERA5_evaluation_r1i1p1f1_ICTP_RegCM5-0_v1-r1_1hr_200011110100-200011120000.nc
hfss_CSAM-3_ERA5_evaluation_r1i1p1f1_ICTP_RegCM5-0_v1-r1_1hr_200011120100-200011130000.nc
hfss_CSAM-3_ERA5_evaluation_r1i1p1f1_ICTP_RegCM5-0_v1-r1_1hr_200011130100-200011140000.nc
hfss_CSAM-3_ERA5_evaluation_r1i1p1f1_ICTP_RegCM5-0_v1-r1_1hr_200011140100-200011150000.nc
hfss_CSAM-3_ERA5_evaluation_r1i1p1f1_ICTP_RegCM5-0_v1-r1_1hr_200011150100-200011160000.nc
hfss_CSAM-3_ERA5_evaluation_r1i1p1f1_ICTP_RegCM5-0_v1-r1_1hr_200011160100-200011170000.nc
hfss_CSAM-3_ERA5_evaluation_r1i1p1f1_ICTP_RegCM5-0_v1-r1_1hr_200011170100-200011180000.nc
hfss_CSAM-3_ERA5_evaluation_r1i1p1f1_ICTP_RegCM5-0_v1-r1_1hr_200011180100-200011190000.nc
hfss_CSAM-3_ERA5_evaluation_r1i1p1f1_ICTP_RegCM5-0_v1-r1_1hr_200011190100-200011200000.nc
hfss_CSAM-3_ERA5_evaluation_r1i1p1f1_ICTP_RegCM5-0_v1-r1_1hr_200011200100-200011210000.nc
hfss_CSAM-3_ERA5_evaluation_r1i1p1f1_ICTP_RegCM5-0_v1-r1_1hr_200011210100-200011220000.nc
hfss_CSAM-3_ERA5_evaluation_r1i1p1f1_ICTP_RegCM5-0_v1-r1_1hr_200011220100-200011230000.nc
hfss_CSAM-3_ERA5_evaluation_r1i1p1f1_ICTP_RegCM5-0_v1-r1_1hr_200011230100-200011240000.nc
hfss_CSAM-3_ERA5_evaluation_r1i1p1f1_ICTP_RegCM5-0_v1-r1_1hr_200011240100-200011250000.nc
hfss_CSAM-3_ERA5_evaluation_r1i1p1f1_ICTP_RegCM5-0_v1-r1_1hr_200011250100-200011260000.nc
hfss_CSAM-3_ERA5_evaluation_r1i1p1f1_ICTP_RegCM5-0_v1-r1_1hr_200011260100-200011270000.nc
hfss_CSAM-3_ERA5_evaluation_r1i1p1f1_ICTP_RegCM5-0_v1-r1_1hr_200011270100-200011280000.nc
hfss_CSAM-3_ERA5_evaluation_r1i1p1f1_ICTP_RegCM5-0_v1-r1_1hr_200011280100-200011290000.nc
hfss_CSAM-3_ERA5_evaluation_r1i1p1f1_ICTP_RegCM5-0_v1-r1_1hr_200011290100-200011300000.nc
hfss_CSAM-3_ERA5_evaluation_r1i1p1f1_ICTP_RegCM5-0_v1-r1_1hr_200011300100-200012010000.nc
hfss_CSAM-3_ERA5_evaluation_r1i1p1f1_ICTP_RegCM5-0_v1-r1_1hr_200012010100-200012020000.nc
hfss_CSAM-3_ERA5_evaluation_r1i1p1f1_ICTP_RegCM5-0_v1-r1_1hr_200012020100-200012030000.nc
hfss_CSAM-3_ERA5_evaluation_r1i1p1f1_ICTP_RegCM5-0_v1-r1_1hr_200012030100-200012040000.nc
hfss_CSAM-3_ERA5_evaluation_r1i1p1f1_ICTP_RegCM5-0_v1-r1_1hr_200012040100-200012050000.nc
hfss_CSAM-3_ERA5_evaluation_r1i1p1f1_ICTP_RegCM5-0_v1-r1_1hr_200012050100-200012060000.nc
hfss_CSAM-3_ERA5_evaluation_r1i1p1f1_ICTP_RegCM5-0_v1-r1_1hr_200012060100-200012070000.nc
hfss_CSAM-3_ERA5_evaluation_r1i1p1f1_ICTP_RegCM5-0_v1-r1_1hr_200012070100-200012080000.nc
hfss_CSAM-3_ERA5_evaluation_r1i1p1f1_ICTP_RegCM5-0_v1-r1_1hr_200012080100-200012090000.nc
hfss_CSAM-3_ERA5_evaluation_r1i1p1f1_ICTP_RegCM5-0_v1-r1_1hr_200012090100-200012100000.nc
hfss_CSAM-3_ERA5_evaluation_r1i1p1f1_ICTP_RegCM5-0_v1-r1_1hr_200012100100-200012110000.nc
hfss_CSAM-3_ERA5_evaluation_r1i1p1f1_ICTP_RegCM5-0_v1-r1_1hr_200012110100-200012120000.nc
hfss_CSAM-3_ERA5_evaluation_r1i1p1f1_ICTP_RegCM5-0_v1-r1_1hr_200012120100-200012130000.nc
hfss_CSAM-3_ERA5_evaluation_r1i1p1f1_ICTP_RegCM5-0_v1-r1_1hr_200012130100-200012140000.nc
hfss_CSAM-3_ERA5_evaluation_r1i1p1f1_ICTP_RegCM5-0_v1-r1_1hr_200012140100-200012150000.nc
hfss_CSAM-3_ERA5_evaluation_r1i1p1f1_ICTP_RegCM5-0_v1-r1_1hr_200012150100-200012160000.nc
hfss_CSAM-3_ERA5_evaluation_r1i1p1f1_ICTP_RegCM5-0_v1-r1_1hr_200012160100-200012170000.nc
hfss_CSAM-3_ERA5_evaluation_r1i1p1f1_ICTP_RegCM5-0_v1-r1_1hr_200012170100-200012180000.nc
hfss_CSAM-3_ERA5_evaluation_r1i1p1f1_ICTP_RegCM5-0_v1-r1_1hr_200012180100-200012190000.nc
hfss_CSAM-3_ERA5_evaluation_r1i1p1f1_ICTP_RegCM5-0_v1-r1_1hr_200012190100-200012200000.nc
hfss_CSAM-3_ERA5_evaluation_r1i1p1f1_ICTP_RegCM5-0_v1-r1_1hr_200012200100-200012210000.nc
hfss_CSAM-3_ERA5_evaluation_r1i1p1f1_ICTP_RegCM5-0_v1-r1_1hr_200012210100-200012220000.nc
hfss_CSAM-3_ERA5_evaluation_r1i1p1f1_ICTP_RegCM5-0_v1-r1_1hr_200012220100-200012230000.nc
hfss_CSAM-3_ERA5_evaluation_r1i1p1f1_ICTP_RegCM5-0_v1-r1_1hr_200012230100-200012240000.nc
hfss_CSAM-3_ERA5_evaluation_r1i1p1f1_ICTP_RegCM5-0_v1-r1_1hr_200012240100-200012250000.nc
hfss_CSAM-3_ERA5_evaluation_r1i1p1f1_ICTP_RegCM5-0_v1-r1_1hr_200012250100-200012260000.nc
hfss_CSAM-3_ERA5_evaluation_r1i1p1f1_ICTP_RegCM5-0_v1-r1_1hr_200012260100-200012270000.nc
hfss_CSAM-3_ERA5_evaluation_r1i1p1f1_ICTP_RegCM5-0_v1-r1_1hr_200012270100-200012280000.nc
hfss_CSAM-3_ERA5_evaluation_r1i1p1f1_ICTP_RegCM5-0_v1-r1_1hr_200012280100-200012290000.nc
hfss_CSAM-3_ERA5_evaluation_r1i1p1f1_ICTP_RegCM5-0_v1-r1_1hr_200012290100-200012300000.nc
hfss_CSAM-3_ERA5_evaluation_r1i1p1f1_ICTP_RegCM5-0_v1-r1_1hr_200012300100-200012310000.nc
hfss_CSAM-3_ERA5_evaluation_r1i1p1f1_ICTP_RegCM5-0_v1-r1_1hr_200012310100-200101010000.nc
Files: hurs_CSAM-3_ERA5_evaluation_r1i1p1f1_ICTP_RegCM5-0_v1-r1_1hr_200001010100-200001020000.nc
hurs_CSAM-3_ERA5_evaluation_r1i1p1f1_ICTP_RegCM5-0_v1-r1_1hr_200001020100-200001030000.nc
hurs_CSAM-3_ERA5_evaluation_r1i1p1f1_ICTP_RegCM5-0_v1-r1_1hr_200001030100-200001040000.nc
hurs_CSAM-3_ERA5_evaluation_r1i1p1f1_ICTP_RegCM5-0_v1-r1_1hr_200001040100-200001050000.nc
hurs_CSAM-3_ERA5_evaluation_r1i1p1f1_ICTP_RegCM5-0_v1-r1_1hr_200001050100-200001060000.nc
hurs_CSAM-3_ERA5_evaluation_r1i1p1f1_ICTP_RegCM5-0_v1-r1_1hr_200001060100-200001070000.nc
hurs_CSAM-3_ERA5_evaluation_r1i1p1f1_ICTP_RegCM5-0_v1-r1_1hr_200001070100-200001080000.nc
hurs_CSAM-3_ERA5_evaluation_r1i1p1f1_ICTP_RegCM5-0_v1-r1_1hr_200001080100-200001090000.nc
hurs_CSAM-3_ERA5_evaluation_r1i1p1f1_ICTP_RegCM5-0_v1-r1_1hr_200001090100-200001100000.nc
hurs_CSAM-3_ERA5_evaluation_r1i1p1f1_ICTP_RegCM5-0_v1-r1_1hr_200001100100-200001110000.nc
hurs_CSAM-3_ERA5_evaluation_r1i1p1f1_ICTP_RegCM5-0_v1-r1_1hr_200001110100-200001120000.nc
hurs_CSAM-3_ERA5_evaluation_r1i1p1f1_ICTP_RegCM5-0_v1-r1_1hr_200001120100-200001130000.nc
hurs_CSAM-3_ERA5_evaluation_r1i1p1f1_ICTP_RegCM5-0_v1-r1_1hr_200001130100-200001140000.nc
hurs_CSAM-3_ERA5_evaluation_r1i1p1f1_ICTP_RegCM5-0_v1-r1_1hr_200001140100-200001150000.nc
hurs_CSAM-3_ERA5_evaluation_r1i1p1f1_ICTP_RegCM5-0_v1-r1_1hr_200001150100-200001160000.nc
hurs_CSAM-3_ERA5_evaluation_r1i1p1f1_ICTP_RegCM5-0_v1-r1_1hr_200001160100-200001170000.nc
hurs_CSAM-3_ERA5_evaluation_r1i1p1f1_ICTP_RegCM5-0_v1-r1_1hr_200001170100-200001180000.nc
hurs_CSAM-3_ERA5_evaluation_r1i1p1f1_ICTP_RegCM5-0_v1-r1_1hr_200001180100-200001190000.nc
hurs_CSAM-3_ERA5_evaluation_r1i1p1f1_ICTP_RegCM5-0_v1-r1_1hr_200001190100-200001200000.nc
hurs_CSAM-3_ERA5_evaluation_r1i1p1f1_ICTP_RegCM5-0_v1-r1_1hr_200001200100-200001210000.nc
hurs_CSAM-3_ERA5_evaluation_r1i1p1f1_ICTP_RegCM5-0_v1-r1_1hr_200001210100-200001220000.nc
hurs_CSAM-3_ERA5_evaluation_r1i1p1f1_ICTP_RegCM5-0_v1-r1_1hr_200001220100-200001230000.nc
hurs_CSAM-3_ERA5_evaluation_r1i1p1f1_ICTP_RegCM5-0_v1-r1_1hr_200001230100-200001240000.nc
hurs_CSAM-3_ERA5_evaluation_r1i1p1f1_ICTP_RegCM5-0_v1-r1_1hr_200001240100-200001250000.nc
hurs_CSAM-3_ERA5_evaluation_r1i1p1f1_ICTP_RegCM5-0_v1-r1_1hr_200001250100-200001260000.nc
hurs_CSAM-3_ERA5_evaluation_r1i1p1f1_ICTP_RegCM5-0_v1-r1_1hr_200001260100-200001270000.nc
hurs_CSAM-3_ERA5_evaluation_r1i1p1f1_ICTP_RegCM5-0_v1-r1_1hr_200001270100-200001280000.nc
hurs_CSAM-3_ERA5_evaluation_r1i1p1f1_ICTP_RegCM5-0_v1-r1_1hr_200001280100-200001290000.nc
hurs_CSAM-3_ERA5_evaluation_r1i1p1f1_ICTP_RegCM5-0_v1-r1_1hr_200001290100-200001300000.nc
hurs_CSAM-3_ERA5_evaluation_r1i1p1f1_ICTP_RegCM5-0_v1-r1_1hr_200001300100-200001310000.nc
hurs_CSAM-3_ERA5_evaluation_r1i1p1f1_ICTP_RegCM5-0_v1-r1_1hr_200001310100-200002010000.nc
hurs_CSAM-3_ERA5_evaluation_r1i1p1f1_ICTP_RegCM5-0_v1-r1_1hr_200002010100-200002020000.nc
hurs_CSAM-3_ERA5_evaluation_r1i1p1f1_ICTP_RegCM5-0_v1-r1_1hr_200002020100-200002030000.nc
hurs_CSAM-3_ERA5_evaluation_r1i1p1f1_ICTP_RegCM5-0_v1-r1_1hr_200002030100-200002040000.nc
hurs_CSAM-3_ERA5_evaluation_r1i1p1f1_ICTP_RegCM5-0_v1-r1_1hr_200002040100-200002050000.nc
hurs_CSAM-3_ERA5_evaluation_r1i1p1f1_ICTP_RegCM5-0_v1-r1_1hr_200002050100-200002060000.nc
hurs_CSAM-3_ERA5_evaluation_r1i1p1f1_ICTP_RegCM5-0_v1-r1_1hr_200002060100-200002070000.nc
hurs_CSAM-3_ERA5_evaluation_r1i1p1f1_ICTP_RegCM5-0_v1-r1_1hr_200002070100-200002080000.nc
hurs_CSAM-3_ERA5_evaluation_r1i1p1f1_ICTP_RegCM5-0_v1-r1_1hr_200002080100-200002090000.nc
hurs_CSAM-3_ERA5_evaluation_r1i1p1f1_ICTP_RegCM5-0_v1-r1_1hr_200002090100-200002100000.nc
hurs_CSAM-3_ERA5_evaluation_r1i1p1f1_ICTP_RegCM5-0_v1-r1_1hr_200002100100-200002110000.nc
hurs_CSAM-3_ERA5_evaluation_r1i1p1f1_ICTP_RegCM5-0_v1-r1_1hr_200002110100-200002120000.nc
hurs_CSAM-3_ERA5_evaluation_r1i1p1f1_ICTP_RegCM5-0_v1-r1_1hr_200002120100-200002130000.nc
hurs_CSAM-3_ERA5_evaluation_r1i1p1f1_ICTP_RegCM5-0_v1-r1_1hr_200002130100-200002140000.nc
hurs_CSAM-3_ERA5_evaluation_r1i1p1f1_ICTP_RegCM5-0_v1-r1_1hr_200002140100-200002150000.nc
hurs_CSAM-3_ERA5_evaluation_r1i1p1f1_ICTP_RegCM5-0_v1-r1_1hr_200002150100-200002160000.nc
hurs_CSAM-3_ERA5_evaluation_r1i1p1f1_ICTP_RegCM5-0_v1-r1_1hr_200002160100-200002170000.nc
hurs_CSAM-3_ERA5_evaluation_r1i1p1f1_ICTP_RegCM5-0_v1-r1_1hr_200002170100-200002180000.nc
hurs_CSAM-3_ERA5_evaluation_r1i1p1f1_ICTP_RegCM5-0_v1-r1_1hr_200002180100-200002190000.nc
hurs_CSAM-3_ERA5_evaluation_r1i1p1f1_ICTP_RegCM5-0_v1-r1_1hr_200002190100-200002200000.nc
hurs_CSAM-3_ERA5_evaluation_r1i1p1f1_ICTP_RegCM5-0_v1-r1_1hr_200002200100-200002210000.nc
hurs_CSAM-3_ERA5_evaluation_r1i1p1f1_ICTP_RegCM5-0_v1-r1_1hr_200002210100-200002220000.nc
hurs_CSAM-3_ERA5_evaluation_r1i1p1f1_ICTP_RegCM5-0_v1-r1_1hr_200002220100-200002230000.nc
hurs_CSAM-3_ERA5_evaluation_r1i1p1f1_ICTP_RegCM5-0_v1-r1_1hr_200002230100-200002240000.nc
hurs_CSAM-3_ERA5_evaluation_r1i1p1f1_ICTP_RegCM5-0_v1-r1_1hr_200002240100-200002250000.nc
hurs_CSAM-3_ERA5_evaluation_r1i1p1f1_ICTP_RegCM5-0_v1-r1_1hr_200002250100-200002260000.nc
hurs_CSAM-3_ERA5_evaluation_r1i1p1f1_ICTP_RegCM5-0_v1-r1_1hr_200002260100-200002270000.nc
hurs_CSAM-3_ERA5_evaluation_r1i1p1f1_ICTP_RegCM5-0_v1-r1_1hr_200002270100-200002280000.nc
hurs_CSAM-3_ERA5_evaluation_r1i1p1f1_ICTP_RegCM5-0_v1-r1_1hr_200002280100-200002290000.nc
hurs_CSAM-3_ERA5_evaluation_r1i1p1f1_ICTP_RegCM5-0_v1-r1_1hr_200002290100-200003010000.nc
hurs_CSAM-3_ERA5_evaluation_r1i1p1f1_ICTP_RegCM5-0_v1-r1_1hr_200003010100-200003020000.nc
hurs_CSAM-3_ERA5_evaluation_r1i1p1f1_ICTP_RegCM5-0_v1-r1_1hr_200003020100-200003030000.nc
hurs_CSAM-3_ERA5_evaluation_r1i1p1f1_ICTP_RegCM5-0_v1-r1_1hr_200003030100-200003040000.nc
hurs_CSAM-3_ERA5_evaluation_r1i1p1f1_ICTP_RegCM5-0_v1-r1_1hr_200003040100-200003050000.nc
hurs_CSAM-3_ERA5_evaluation_r1i1p1f1_ICTP_RegCM5-0_v1-r1_1hr_200003050100-200003060000.nc
hurs_CSAM-3_ERA5_evaluation_r1i1p1f1_ICTP_RegCM5-0_v1-r1_1hr_200003060100-200003070000.nc
hurs_CSAM-3_ERA5_evaluation_r1i1p1f1_ICTP_RegCM5-0_v1-r1_1hr_200003070100-200003080000.nc
hurs_CSAM-3_ERA5_evaluation_r1i1p1f1_ICTP_RegCM5-0_v1-r1_1hr_200003080100-200003090000.nc
hurs_CSAM-3_ERA5_evaluation_r1i1p1f1_ICTP_RegCM5-0_v1-r1_1hr_200003090100-200003100000.nc
hurs_CSAM-3_ERA5_evaluation_r1i1p1f1_ICTP_RegCM5-0_v1-r1_1hr_200003100100-200003110000.nc
hurs_CSAM-3_ERA5_evaluation_r1i1p1f1_ICTP_RegCM5-0_v1-r1_1hr_200003110100-200003120000.nc
hurs_CSAM-3_ERA5_evaluation_r1i1p1f1_ICTP_RegCM5-0_v1-r1_1hr_200003120100-200003130000.nc
hurs_CSAM-3_ERA5_evaluation_r1i1p1f1_ICTP_RegCM5-0_v1-r1_1hr_200003130100-200003140000.nc
hurs_CSAM-3_ERA5_evaluation_r1i1p1f1_ICTP_RegCM5-0_v1-r1_1hr_200003140100-200003150000.nc
hurs_CSAM-3_ERA5_evaluation_r1i1p1f1_ICTP_RegCM5-0_v1-r1_1hr_200003150100-200003160000.nc
hurs_CSAM-3_ERA5_evaluation_r1i1p1f1_ICTP_RegCM5-0_v1-r1_1hr_200003160100-200003170000.nc
hurs_CSAM-3_ERA5_evaluation_r1i1p1f1_ICTP_RegCM5-0_v1-r1_1hr_200003170100-200003180000.nc
hurs_CSAM-3_ERA5_evaluation_r1i1p1f1_ICTP_RegCM5-0_v1-r1_1hr_200003180100-200003190000.nc
hurs_CSAM-3_ERA5_evaluation_r1i1p1f1_ICTP_RegCM5-0_v1-r1_1hr_200003190100-200003200000.nc
hurs_CSAM-3_ERA5_evaluation_r1i1p1f1_ICTP_RegCM5-0_v1-r1_1hr_200003200100-200003210000.nc
hurs_CSAM-3_ERA5_evaluation_r1i1p1f1_ICTP_RegCM5-0_v1-r1_1hr_200003210100-200003220000.nc
hurs_CSAM-3_ERA5_evaluation_r1i1p1f1_ICTP_RegCM5-0_v1-r1_1hr_200003220100-200003230000.nc
hurs_CSAM-3_ERA5_evaluation_r1i1p1f1_ICTP_RegCM5-0_v1-r1_1hr_200003230100-200003240000.nc
hurs_CSAM-3_ERA5_evaluation_r1i1p1f1_ICTP_RegCM5-0_v1-r1_1hr_200003240100-200003250000.nc
hurs_CSAM-3_ERA5_evaluation_r1i1p1f1_ICTP_RegCM5-0_v1-r1_1hr_200003250100-200003260000.nc
hurs_CSAM-3_ERA5_evaluation_r1i1p1f1_ICTP_RegCM5-0_v1-r1_1hr_200003260100-200003270000.nc
hurs_CSAM-3_ERA5_evaluation_r1i1p1f1_ICTP_RegCM5-0_v1-r1_1hr_200003270100-200003280000.nc
hurs_CSAM-3_ERA5_evaluation_r1i1p1f1_ICTP_RegCM5-0_v1-r1_1hr_200003280100-200003290000.nc
hurs_CSAM-3_ERA5_evaluation_r1i1p1f1_ICTP_RegCM5-0_v1-r1_1hr_200003290100-200003300000.nc
hurs_CSAM-3_ERA5_evaluation_r1i1p1f1_ICTP_RegCM5-0_v1-r1_1hr_200003300100-200003310000.nc
hurs_CSAM-3_ERA5_evaluation_r1i1p1f1_ICTP_RegCM5-0_v1-r1_1hr_200003310100-200004010000.nc
hurs_CSAM-3_ERA5_evaluation_r1i1p1f1_ICTP_RegCM5-0_v1-r1_1hr_200004010100-200004020000.nc
hurs_CSAM-3_ERA5_evaluation_r1i1p1f1_ICTP_RegCM5-0_v1-r1_1hr_200004020100-200004030000.nc
hurs_CSAM-3_ERA5_evaluation_r1i1p1f1_ICTP_RegCM5-0_v1-r1_1hr_200004030100-200004040000.nc
hurs_CSAM-3_ERA5_evaluation_r1i1p1f1_ICTP_RegCM5-0_v1-r1_1hr_200004040100-200004050000.nc
hurs_CSAM-3_ERA5_evaluation_r1i1p1f1_ICTP_RegCM5-0_v1-r1_1hr_200004050100-200004060000.nc
hurs_CSAM-3_ERA5_evaluation_r1i1p1f1_ICTP_RegCM5-0_v1-r1_1hr_200004060100-200004070000.nc
hurs_CSAM-3_ERA5_evaluation_r1i1p1f1_ICTP_RegCM5-0_v1-r1_1hr_200004070100-200004080000.nc
hurs_CSAM-3_ERA5_evaluation_r1i1p1f1_ICTP_RegCM5-0_v1-r1_1hr_200004080100-200004090000.nc
hurs_CSAM-3_ERA5_evaluation_r1i1p1f1_ICTP_RegCM5-0_v1-r1_1hr_200004090100-200004100000.nc
hurs_CSAM-3_ERA5_evaluation_r1i1p1f1_ICTP_RegCM5-0_v1-r1_1hr_200004100100-200004110000.nc
hurs_CSAM-3_ERA5_evaluation_r1i1p1f1_ICTP_RegCM5-0_v1-r1_1hr_200004110100-200004120000.nc
hurs_CSAM-3_ERA5_evaluation_r1i1p1f1_ICTP_RegCM5-0_v1-r1_1hr_200004120100-200004130000.nc
hurs_CSAM-3_ERA5_evaluation_r1i1p1f1_ICTP_RegCM5-0_v1-r1_1hr_200004130100-200004140000.nc
hurs_CSAM-3_ERA5_evaluation_r1i1p1f1_ICTP_RegCM5-0_v1-r1_1hr_200004140100-200004150000.nc
hurs_CSAM-3_ERA5_evaluation_r1i1p1f1_ICTP_RegCM5-0_v1-r1_1hr_200004150100-200004160000.nc
hurs_CSAM-3_ERA5_evaluation_r1i1p1f1_ICTP_RegCM5-0_v1-r1_1hr_200004160100-200004170000.nc
hurs_CSAM-3_ERA5_evaluation_r1i1p1f1_ICTP_RegCM5-0_v1-r1_1hr_200004170100-200004180000.nc
hurs_CSAM-3_ERA5_evaluation_r1i1p1f1_ICTP_RegCM5-0_v1-r1_1hr_200004180100-200004190000.nc
hurs_CSAM-3_ERA5_evaluation_r1i1p1f1_ICTP_RegCM5-0_v1-r1_1hr_200004190100-200004200000.nc
hurs_CSAM-3_ERA5_evaluation_r1i1p1f1_ICTP_RegCM5-0_v1-r1_1hr_200004200100-200004210000.nc
hurs_CSAM-3_ERA5_evaluation_r1i1p1f1_ICTP_RegCM5-0_v1-r1_1hr_200004210100-200004220000.nc
hurs_CSAM-3_ERA5_evaluation_r1i1p1f1_ICTP_RegCM5-0_v1-r1_1hr_200004220100-200004230000.nc
hurs_CSAM-3_ERA5_evaluation_r1i1p1f1_ICTP_RegCM5-0_v1-r1_1hr_200004230100-200004240000.nc
hurs_CSAM-3_ERA5_evaluation_r1i1p1f1_ICTP_RegCM5-0_v1-r1_1hr_200004240100-200004250000.nc
hurs_CSAM-3_ERA5_evaluation_r1i1p1f1_ICTP_RegCM5-0_v1-r1_1hr_200004250100-200004260000.nc
hurs_CSAM-3_ERA5_evaluation_r1i1p1f1_ICTP_RegCM5-0_v1-r1_1hr_200004260100-200004270000.nc
hurs_CSAM-3_ERA5_evaluation_r1i1p1f1_ICTP_RegCM5-0_v1-r1_1hr_200004270100-200004280000.nc
hurs_CSAM-3_ERA5_evaluation_r1i1p1f1_ICTP_RegCM5-0_v1-r1_1hr_200004280100-200004290000.nc
hurs_CSAM-3_ERA5_evaluation_r1i1p1f1_ICTP_RegCM5-0_v1-r1_1hr_200004290100-200004300000.nc
hurs_CSAM-3_ERA5_evaluation_r1i1p1f1_ICTP_RegCM5-0_v1-r1_1hr_200004300100-200005010000.nc
hurs_CSAM-3_ERA5_evaluation_r1i1p1f1_ICTP_RegCM5-0_v1-r1_1hr_200005010100-200005020000.nc
hurs_CSAM-3_ERA5_evaluation_r1i1p1f1_ICTP_RegCM5-0_v1-r1_1hr_200005020100-200005030000.nc
hurs_CSAM-3_ERA5_evaluation_r1i1p1f1_ICTP_RegCM5-0_v1-r1_1hr_200005030100-200005040000.nc
hurs_CSAM-3_ERA5_evaluation_r1i1p1f1_ICTP_RegCM5-0_v1-r1_1hr_200005040100-200005050000.nc
hurs_CSAM-3_ERA5_evaluation_r1i1p1f1_ICTP_RegCM5-0_v1-r1_1hr_200005050100-200005060000.nc
hurs_CSAM-3_ERA5_evaluation_r1i1p1f1_ICTP_RegCM5-0_v1-r1_1hr_200005060100-200005070000.nc
hurs_CSAM-3_ERA5_evaluation_r1i1p1f1_ICTP_RegCM5-0_v1-r1_1hr_200005070100-200005080000.nc
hurs_CSAM-3_ERA5_evaluation_r1i1p1f1_ICTP_RegCM5-0_v1-r1_1hr_200005080100-200005090000.nc
hurs_CSAM-3_ERA5_evaluation_r1i1p1f1_ICTP_RegCM5-0_v1-r1_1hr_200005090100-200005100000.nc
hurs_CSAM-3_ERA5_evaluation_r1i1p1f1_ICTP_RegCM5-0_v1-r1_1hr_200005100100-200005110000.nc
hurs_CSAM-3_ERA5_evaluation_r1i1p1f1_ICTP_RegCM5-0_v1-r1_1hr_200005110100-200005120000.nc
hurs_CSAM-3_ERA5_evaluation_r1i1p1f1_ICTP_RegCM5-0_v1-r1_1hr_200005120100-200005130000.nc
hurs_CSAM-3_ERA5_evaluation_r1i1p1f1_ICTP_RegCM5-0_v1-r1_1hr_200005130100-200005140000.nc
hurs_CSAM-3_ERA5_evaluation_r1i1p1f1_ICTP_RegCM5-0_v1-r1_1hr_200005140100-200005150000.nc
hurs_CSAM-3_ERA5_evaluation_r1i1p1f1_ICTP_RegCM5-0_v1-r1_1hr_200005150100-200005160000.nc
hurs_CSAM-3_ERA5_evaluation_r1i1p1f1_ICTP_RegCM5-0_v1-r1_1hr_200005160100-200005170000.nc
hurs_CSAM-3_ERA5_evaluation_r1i1p1f1_ICTP_RegCM5-0_v1-r1_1hr_200005170100-200005180000.nc
hurs_CSAM-3_ERA5_evaluation_r1i1p1f1_ICTP_RegCM5-0_v1-r1_1hr_200005180100-200005190000.nc
hurs_CSAM-3_ERA5_evaluation_r1i1p1f1_ICTP_RegCM5-0_v1-r1_1hr_200005190100-200005200000.nc
hurs_CSAM-3_ERA5_evaluation_r1i1p1f1_ICTP_RegCM5-0_v1-r1_1hr_200005200100-200005210000.nc
hurs_CSAM-3_ERA5_evaluation_r1i1p1f1_ICTP_RegCM5-0_v1-r1_1hr_200005210100-200005220000.nc
hurs_CSAM-3_ERA5_evaluation_r1i1p1f1_ICTP_RegCM5-0_v1-r1_1hr_200005220100-200005230000.nc
hurs_CSAM-3_ERA5_evaluation_r1i1p1f1_ICTP_RegCM5-0_v1-r1_1hr_200005230100-200005240000.nc
hurs_CSAM-3_ERA5_evaluation_r1i1p1f1_ICTP_RegCM5-0_v1-r1_1hr_200005240100-200005250000.nc
hurs_CSAM-3_ERA5_evaluation_r1i1p1f1_ICTP_RegCM5-0_v1-r1_1hr_200005250100-200005260000.nc
hurs_CSAM-3_ERA5_evaluation_r1i1p1f1_ICTP_RegCM5-0_v1-r1_1hr_200005260100-200005270000.nc
hurs_CSAM-3_ERA5_evaluation_r1i1p1f1_ICTP_RegCM5-0_v1-r1_1hr_200005270100-200005280000.nc
hurs_CSAM-3_ERA5_evaluation_r1i1p1f1_ICTP_RegCM5-0_v1-r1_1hr_200005280100-200005290000.nc
hurs_CSAM-3_ERA5_evaluation_r1i1p1f1_ICTP_RegCM5-0_v1-r1_1hr_200005290100-200005300000.nc
hurs_CSAM-3_ERA5_evaluation_r1i1p1f1_ICTP_RegCM5-0_v1-r1_1hr_200005300100-200005310000.nc
hurs_CSAM-3_ERA5_evaluation_r1i1p1f1_ICTP_RegCM5-0_v1-r1_1hr_200005310100-200006010000.nc
hurs_CSAM-3_ERA5_evaluation_r1i1p1f1_ICTP_RegCM5-0_v1-r1_1hr_200006010100-200006020000.nc
hurs_CSAM-3_ERA5_evaluation_r1i1p1f1_ICTP_RegCM5-0_v1-r1_1hr_200006020100-200006030000.nc
hurs_CSAM-3_ERA5_evaluation_r1i1p1f1_ICTP_RegCM5-0_v1-r1_1hr_200006030100-200006040000.nc
hurs_CSAM-3_ERA5_evaluation_r1i1p1f1_ICTP_RegCM5-0_v1-r1_1hr_200006040100-200006050000.nc
hurs_CSAM-3_ERA5_evaluation_r1i1p1f1_ICTP_RegCM5-0_v1-r1_1hr_200006050100-200006060000.nc
hurs_CSAM-3_ERA5_evaluation_r1i1p1f1_ICTP_RegCM5-0_v1-r1_1hr_200006060100-200006070000.nc
hurs_CSAM-3_ERA5_evaluation_r1i1p1f1_ICTP_RegCM5-0_v1-r1_1hr_200006070100-200006080000.nc
hurs_CSAM-3_ERA5_evaluation_r1i1p1f1_ICTP_RegCM5-0_v1-r1_1hr_200006080100-200006090000.nc
hurs_CSAM-3_ERA5_evaluation_r1i1p1f1_ICTP_RegCM5-0_v1-r1_1hr_200006090100-200006100000.nc
hurs_CSAM-3_ERA5_evaluation_r1i1p1f1_ICTP_RegCM5-0_v1-r1_1hr_200006100100-200006110000.nc
hurs_CSAM-3_ERA5_evaluation_r1i1p1f1_ICTP_RegCM5-0_v1-r1_1hr_200006110100-200006120000.nc
hurs_CSAM-3_ERA5_evaluation_r1i1p1f1_ICTP_RegCM5-0_v1-r1_1hr_200006120100-200006130000.nc
hurs_CSAM-3_ERA5_evaluation_r1i1p1f1_ICTP_RegCM5-0_v1-r1_1hr_200006130100-200006140000.nc
hurs_CSAM-3_ERA5_evaluation_r1i1p1f1_ICTP_RegCM5-0_v1-r1_1hr_200006140100-200006150000.nc
hurs_CSAM-3_ERA5_evaluation_r1i1p1f1_ICTP_RegCM5-0_v1-r1_1hr_200006150100-200006160000.nc
hurs_CSAM-3_ERA5_evaluation_r1i1p1f1_ICTP_RegCM5-0_v1-r1_1hr_200006160100-200006170000.nc
hurs_CSAM-3_ERA5_evaluation_r1i1p1f1_ICTP_RegCM5-0_v1-r1_1hr_200006170100-200006180000.nc
hurs_CSAM-3_ERA5_evaluation_r1i1p1f1_ICTP_RegCM5-0_v1-r1_1hr_200006180100-200006190000.nc
hurs_CSAM-3_ERA5_evaluation_r1i1p1f1_ICTP_RegCM5-0_v1-r1_1hr_200006190100-200006200000.nc
hurs_CSAM-3_ERA5_evaluation_r1i1p1f1_ICTP_RegCM5-0_v1-r1_1hr_200006200100-200006210000.nc
hurs_CSAM-3_ERA5_evaluation_r1i1p1f1_ICTP_RegCM5-0_v1-r1_1hr_200006210100-200006220000.nc
hurs_CSAM-3_ERA5_evaluation_r1i1p1f1_ICTP_RegCM5-0_v1-r1_1hr_200006220100-200006230000.nc
hurs_CSAM-3_ERA5_evaluation_r1i1p1f1_ICTP_RegCM5-0_v1-r1_1hr_200006230100-200006240000.nc
hurs_CSAM-3_ERA5_evaluation_r1i1p1f1_ICTP_RegCM5-0_v1-r1_1hr_200006240100-200006250000.nc
hurs_CSAM-3_ERA5_evaluation_r1i1p1f1_ICTP_RegCM5-0_v1-r1_1hr_200006250100-200006260000.nc
hurs_CSAM-3_ERA5_evaluation_r1i1p1f1_ICTP_RegCM5-0_v1-r1_1hr_200006260100-200006270000.nc
hurs_CSAM-3_ERA5_evaluation_r1i1p1f1_ICTP_RegCM5-0_v1-r1_1hr_200006270100-200006280000.nc
hurs_CSAM-3_ERA5_evaluation_r1i1p1f1_ICTP_RegCM5-0_v1-r1_1hr_200006280100-200006290000.nc
hurs_CSAM-3_ERA5_evaluation_r1i1p1f1_ICTP_RegCM5-0_v1-r1_1hr_200006290100-200006300000.nc
hurs_CSAM-3_ERA5_evaluation_r1i1p1f1_ICTP_RegCM5-0_v1-r1_1hr_200006300100-200007010000.nc
hurs_CSAM-3_ERA5_evaluation_r1i1p1f1_ICTP_RegCM5-0_v1-r1_1hr_200007010100-200007020000.nc
hurs_CSAM-3_ERA5_evaluation_r1i1p1f1_ICTP_RegCM5-0_v1-r1_1hr_200007020100-200007030000.nc
hurs_CSAM-3_ERA5_evaluation_r1i1p1f1_ICTP_RegCM5-0_v1-r1_1hr_200007030100-200007040000.nc
hurs_CSAM-3_ERA5_evaluation_r1i1p1f1_ICTP_RegCM5-0_v1-r1_1hr_200007040100-200007050000.nc
hurs_CSAM-3_ERA5_evaluation_r1i1p1f1_ICTP_RegCM5-0_v1-r1_1hr_200007050100-200007060000.nc
hurs_CSAM-3_ERA5_evaluation_r1i1p1f1_ICTP_RegCM5-0_v1-r1_1hr_200007060100-200007070000.nc
hurs_CSAM-3_ERA5_evaluation_r1i1p1f1_ICTP_RegCM5-0_v1-r1_1hr_200007070100-200007080000.nc
hurs_CSAM-3_ERA5_evaluation_r1i1p1f1_ICTP_RegCM5-0_v1-r1_1hr_200007080100-200007090000.nc
hurs_CSAM-3_ERA5_evaluation_r1i1p1f1_ICTP_RegCM5-0_v1-r1_1hr_200007090100-200007100000.nc
hurs_CSAM-3_ERA5_evaluation_r1i1p1f1_ICTP_RegCM5-0_v1-r1_1hr_200007100100-200007110000.nc
hurs_CSAM-3_ERA5_evaluation_r1i1p1f1_ICTP_RegCM5-0_v1-r1_1hr_200007110100-200007120000.nc
hurs_CSAM-3_ERA5_evaluation_r1i1p1f1_ICTP_RegCM5-0_v1-r1_1hr_200007120100-200007130000.nc
hurs_CSAM-3_ERA5_evaluation_r1i1p1f1_ICTP_RegCM5-0_v1-r1_1hr_200007130100-200007140000.nc
hurs_CSAM-3_ERA5_evaluation_r1i1p1f1_ICTP_RegCM5-0_v1-r1_1hr_200007140100-200007150000.nc
hurs_CSAM-3_ERA5_evaluation_r1i1p1f1_ICTP_RegCM5-0_v1-r1_1hr_200007150100-200007160000.nc
hurs_CSAM-3_ERA5_evaluation_r1i1p1f1_ICTP_RegCM5-0_v1-r1_1hr_200007160100-200007170000.nc
hurs_CSAM-3_ERA5_evaluation_r1i1p1f1_ICTP_RegCM5-0_v1-r1_1hr_200007170100-200007180000.nc
hurs_CSAM-3_ERA5_evaluation_r1i1p1f1_ICTP_RegCM5-0_v1-r1_1hr_200007180100-200007190000.nc
hurs_CSAM-3_ERA5_evaluation_r1i1p1f1_ICTP_RegCM5-0_v1-r1_1hr_200007190100-200007200000.nc
hurs_CSAM-3_ERA5_evaluation_r1i1p1f1_ICTP_RegCM5-0_v1-r1_1hr_200007200100-200007210000.nc
hurs_CSAM-3_ERA5_evaluation_r1i1p1f1_ICTP_RegCM5-0_v1-r1_1hr_200007210100-200007220000.nc
hurs_CSAM-3_ERA5_evaluation_r1i1p1f1_ICTP_RegCM5-0_v1-r1_1hr_200007220100-200007230000.nc
hurs_CSAM-3_ERA5_evaluation_r1i1p1f1_ICTP_RegCM5-0_v1-r1_1hr_200007230100-200007240000.nc
hurs_CSAM-3_ERA5_evaluation_r1i1p1f1_ICTP_RegCM5-0_v1-r1_1hr_200007240100-200007250000.nc
hurs_CSAM-3_ERA5_evaluation_r1i1p1f1_ICTP_RegCM5-0_v1-r1_1hr_200007250100-200007260000.nc
hurs_CSAM-3_ERA5_evaluation_r1i1p1f1_ICTP_RegCM5-0_v1-r1_1hr_200007260100-200007270000.nc
hurs_CSAM-3_ERA5_evaluation_r1i1p1f1_ICTP_RegCM5-0_v1-r1_1hr_200007270100-200007280000.nc
hurs_CSAM-3_ERA5_evaluation_r1i1p1f1_ICTP_RegCM5-0_v1-r1_1hr_200007280100-200007290000.nc
hurs_CSAM-3_ERA5_evaluation_r1i1p1f1_ICTP_RegCM5-0_v1-r1_1hr_200007290100-200007300000.nc
hurs_CSAM-3_ERA5_evaluation_r1i1p1f1_ICTP_RegCM5-0_v1-r1_1hr_200007300100-200007310000.nc
hurs_CSAM-3_ERA5_evaluation_r1i1p1f1_ICTP_RegCM5-0_v1-r1_1hr_200007310100-200008010000.nc
hurs_CSAM-3_ERA5_evaluation_r1i1p1f1_ICTP_RegCM5-0_v1-r1_1hr_200008010100-200008020000.nc
hurs_CSAM-3_ERA5_evaluation_r1i1p1f1_ICTP_RegCM5-0_v1-r1_1hr_200008020100-200008030000.nc
hurs_CSAM-3_ERA5_evaluation_r1i1p1f1_ICTP_RegCM5-0_v1-r1_1hr_200008030100-200008040000.nc
hurs_CSAM-3_ERA5_evaluation_r1i1p1f1_ICTP_RegCM5-0_v1-r1_1hr_200008040100-200008050000.nc
hurs_CSAM-3_ERA5_evaluation_r1i1p1f1_ICTP_RegCM5-0_v1-r1_1hr_200008050100-200008060000.nc
hurs_CSAM-3_ERA5_evaluation_r1i1p1f1_ICTP_RegCM5-0_v1-r1_1hr_200008060100-200008070000.nc
hurs_CSAM-3_ERA5_evaluation_r1i1p1f1_ICTP_RegCM5-0_v1-r1_1hr_200008070100-200008080000.nc
hurs_CSAM-3_ERA5_evaluation_r1i1p1f1_ICTP_RegCM5-0_v1-r1_1hr_200008080100-200008090000.nc
hurs_CSAM-3_ERA5_evaluation_r1i1p1f1_ICTP_RegCM5-0_v1-r1_1hr_200008090100-200008100000.nc
hurs_CSAM-3_ERA5_evaluation_r1i1p1f1_ICTP_RegCM5-0_v1-r1_1hr_200008100100-200008110000.nc
hurs_CSAM-3_ERA5_evaluation_r1i1p1f1_ICTP_RegCM5-0_v1-r1_1hr_200008110100-200008120000.nc
hurs_CSAM-3_ERA5_evaluation_r1i1p1f1_ICTP_RegCM5-0_v1-r1_1hr_200008120100-200008130000.nc
hurs_CSAM-3_ERA5_evaluation_r1i1p1f1_ICTP_RegCM5-0_v1-r1_1hr_200008130100-200008140000.nc
hurs_CSAM-3_ERA5_evaluation_r1i1p1f1_ICTP_RegCM5-0_v1-r1_1hr_200008140100-200008150000.nc
hurs_CSAM-3_ERA5_evaluation_r1i1p1f1_ICTP_RegCM5-0_v1-r1_1hr_200008150100-200008160000.nc
hurs_CSAM-3_ERA5_evaluation_r1i1p1f1_ICTP_RegCM5-0_v1-r1_1hr_200008160100-200008170000.nc
hurs_CSAM-3_ERA5_evaluation_r1i1p1f1_ICTP_RegCM5-0_v1-r1_1hr_200008170100-200008180000.nc
hurs_CSAM-3_ERA5_evaluation_r1i1p1f1_ICTP_RegCM5-0_v1-r1_1hr_200008180100-200008190000.nc
hurs_CSAM-3_ERA5_evaluation_r1i1p1f1_ICTP_RegCM5-0_v1-r1_1hr_200008190100-200008200000.nc
hurs_CSAM-3_ERA5_evaluation_r1i1p1f1_ICTP_RegCM5-0_v1-r1_1hr_200008200100-200008210000.nc
hurs_CSAM-3_ERA5_evaluation_r1i1p1f1_ICTP_RegCM5-0_v1-r1_1hr_200008210100-200008220000.nc
hurs_CSAM-3_ERA5_evaluation_r1i1p1f1_ICTP_RegCM5-0_v1-r1_1hr_200008220100-200008230000.nc
hurs_CSAM-3_ERA5_evaluation_r1i1p1f1_ICTP_RegCM5-0_v1-r1_1hr_200008230100-200008240000.nc
hurs_CSAM-3_ERA5_evaluation_r1i1p1f1_ICTP_RegCM5-0_v1-r1_1hr_200008240100-200008250000.nc
hurs_CSAM-3_ERA5_evaluation_r1i1p1f1_ICTP_RegCM5-0_v1-r1_1hr_200008250100-200008260000.nc
hurs_CSAM-3_ERA5_evaluation_r1i1p1f1_ICTP_RegCM5-0_v1-r1_1hr_200008260100-200008270000.nc
hurs_CSAM-3_ERA5_evaluation_r1i1p1f1_ICTP_RegCM5-0_v1-r1_1hr_200008270100-200008280000.nc
hurs_CSAM-3_ERA5_evaluation_r1i1p1f1_ICTP_RegCM5-0_v1-r1_1hr_200008280100-200008290000.nc
hurs_CSAM-3_ERA5_evaluation_r1i1p1f1_ICTP_RegCM5-0_v1-r1_1hr_200008290100-200008300000.nc
hurs_CSAM-3_ERA5_evaluation_r1i1p1f1_ICTP_RegCM5-0_v1-r1_1hr_200008300100-200008310000.nc
hurs_CSAM-3_ERA5_evaluation_r1i1p1f1_ICTP_RegCM5-0_v1-r1_1hr_200008310100-200009010000.nc
hurs_CSAM-3_ERA5_evaluation_r1i1p1f1_ICTP_RegCM5-0_v1-r1_1hr_200009010100-200009020000.nc
hurs_CSAM-3_ERA5_evaluation_r1i1p1f1_ICTP_RegCM5-0_v1-r1_1hr_200009020100-200009030000.nc
hurs_CSAM-3_ERA5_evaluation_r1i1p1f1_ICTP_RegCM5-0_v1-r1_1hr_200009030100-200009040000.nc
hurs_CSAM-3_ERA5_evaluation_r1i1p1f1_ICTP_RegCM5-0_v1-r1_1hr_200009040100-200009050000.nc
hurs_CSAM-3_ERA5_evaluation_r1i1p1f1_ICTP_RegCM5-0_v1-r1_1hr_200009050100-200009060000.nc
hurs_CSAM-3_ERA5_evaluation_r1i1p1f1_ICTP_RegCM5-0_v1-r1_1hr_200009060100-200009070000.nc
hurs_CSAM-3_ERA5_evaluation_r1i1p1f1_ICTP_RegCM5-0_v1-r1_1hr_200009070100-200009080000.nc
hurs_CSAM-3_ERA5_evaluation_r1i1p1f1_ICTP_RegCM5-0_v1-r1_1hr_200009080100-200009090000.nc
hurs_CSAM-3_ERA5_evaluation_r1i1p1f1_ICTP_RegCM5-0_v1-r1_1hr_200009090100-200009100000.nc
hurs_CSAM-3_ERA5_evaluation_r1i1p1f1_ICTP_RegCM5-0_v1-r1_1hr_200009100100-200009110000.nc
hurs_CSAM-3_ERA5_evaluation_r1i1p1f1_ICTP_RegCM5-0_v1-r1_1hr_200009110100-200009120000.nc
hurs_CSAM-3_ERA5_evaluation_r1i1p1f1_ICTP_RegCM5-0_v1-r1_1hr_200009120100-200009130000.nc
hurs_CSAM-3_ERA5_evaluation_r1i1p1f1_ICTP_RegCM5-0_v1-r1_1hr_200009130100-200009140000.nc
hurs_CSAM-3_ERA5_evaluation_r1i1p1f1_ICTP_RegCM5-0_v1-r1_1hr_200009140100-200009150000.nc
hurs_CSAM-3_ERA5_evaluation_r1i1p1f1_ICTP_RegCM5-0_v1-r1_1hr_200009150100-200009160000.nc
hurs_CSAM-3_ERA5_evaluation_r1i1p1f1_ICTP_RegCM5-0_v1-r1_1hr_200009160100-200009170000.nc
hurs_CSAM-3_ERA5_evaluation_r1i1p1f1_ICTP_RegCM5-0_v1-r1_1hr_200009170100-200009180000.nc
hurs_CSAM-3_ERA5_evaluation_r1i1p1f1_ICTP_RegCM5-0_v1-r1_1hr_200009180100-200009190000.nc
hurs_CSAM-3_ERA5_evaluation_r1i1p1f1_ICTP_RegCM5-0_v1-r1_1hr_200009190100-200009200000.nc
hurs_CSAM-3_ERA5_evaluation_r1i1p1f1_ICTP_RegCM5-0_v1-r1_1hr_200009200100-200009210000.nc
hurs_CSAM-3_ERA5_evaluation_r1i1p1f1_ICTP_RegCM5-0_v1-r1_1hr_200009210100-200009220000.nc
hurs_CSAM-3_ERA5_evaluation_r1i1p1f1_ICTP_RegCM5-0_v1-r1_1hr_200009220100-200009230000.nc
hurs_CSAM-3_ERA5_evaluation_r1i1p1f1_ICTP_RegCM5-0_v1-r1_1hr_200009230100-200009240000.nc
hurs_CSAM-3_ERA5_evaluation_r1i1p1f1_ICTP_RegCM5-0_v1-r1_1hr_200009240100-200009250000.nc
hurs_CSAM-3_ERA5_evaluation_r1i1p1f1_ICTP_RegCM5-0_v1-r1_1hr_200009250100-200009260000.nc
hurs_CSAM-3_ERA5_evaluation_r1i1p1f1_ICTP_RegCM5-0_v1-r1_1hr_200009260100-200009270000.nc
hurs_CSAM-3_ERA5_evaluation_r1i1p1f1_ICTP_RegCM5-0_v1-r1_1hr_200009270100-200009280000.nc
hurs_CSAM-3_ERA5_evaluation_r1i1p1f1_ICTP_RegCM5-0_v1-r1_1hr_200009280100-200009290000.nc
hurs_CSAM-3_ERA5_evaluation_r1i1p1f1_ICTP_RegCM5-0_v1-r1_1hr_200009290100-200009300000.nc
hurs_CSAM-3_ERA5_evaluation_r1i1p1f1_ICTP_RegCM5-0_v1-r1_1hr_200009300100-200010010000.nc
hurs_CSAM-3_ERA5_evaluation_r1i1p1f1_ICTP_RegCM5-0_v1-r1_1hr_200010010100-200010020000.nc
hurs_CSAM-3_ERA5_evaluation_r1i1p1f1_ICTP_RegCM5-0_v1-r1_1hr_200010020100-200010030000.nc
hurs_CSAM-3_ERA5_evaluation_r1i1p1f1_ICTP_RegCM5-0_v1-r1_1hr_200010030100-200010040000.nc
hurs_CSAM-3_ERA5_evaluation_r1i1p1f1_ICTP_RegCM5-0_v1-r1_1hr_200010040100-200010050000.nc
hurs_CSAM-3_ERA5_evaluation_r1i1p1f1_ICTP_RegCM5-0_v1-r1_1hr_200010050100-200010060000.nc
hurs_CSAM-3_ERA5_evaluation_r1i1p1f1_ICTP_RegCM5-0_v1-r1_1hr_200010060100-200010070000.nc
hurs_CSAM-3_ERA5_evaluation_r1i1p1f1_ICTP_RegCM5-0_v1-r1_1hr_200010070100-200010080000.nc
hurs_CSAM-3_ERA5_evaluation_r1i1p1f1_ICTP_RegCM5-0_v1-r1_1hr_200010080100-200010090000.nc
hurs_CSAM-3_ERA5_evaluation_r1i1p1f1_ICTP_RegCM5-0_v1-r1_1hr_200010090100-200010100000.nc
hurs_CSAM-3_ERA5_evaluation_r1i1p1f1_ICTP_RegCM5-0_v1-r1_1hr_200010100100-200010110000.nc
hurs_CSAM-3_ERA5_evaluation_r1i1p1f1_ICTP_RegCM5-0_v1-r1_1hr_200010110100-200010120000.nc
hurs_CSAM-3_ERA5_evaluation_r1i1p1f1_ICTP_RegCM5-0_v1-r1_1hr_200010120100-200010130000.nc
hurs_CSAM-3_ERA5_evaluation_r1i1p1f1_ICTP_RegCM5-0_v1-r1_1hr_200010130100-200010140000.nc
hurs_CSAM-3_ERA5_evaluation_r1i1p1f1_ICTP_RegCM5-0_v1-r1_1hr_200010140100-200010150000.nc
hurs_CSAM-3_ERA5_evaluation_r1i1p1f1_ICTP_RegCM5-0_v1-r1_1hr_200010150100-200010160000.nc
hurs_CSAM-3_ERA5_evaluation_r1i1p1f1_ICTP_RegCM5-0_v1-r1_1hr_200010160100-200010170000.nc
hurs_CSAM-3_ERA5_evaluation_r1i1p1f1_ICTP_RegCM5-0_v1-r1_1hr_200010170100-200010180000.nc
hurs_CSAM-3_ERA5_evaluation_r1i1p1f1_ICTP_RegCM5-0_v1-r1_1hr_200010180100-200010190000.nc
hurs_CSAM-3_ERA5_evaluation_r1i1p1f1_ICTP_RegCM5-0_v1-r1_1hr_200010190100-200010200000.nc
hurs_CSAM-3_ERA5_evaluation_r1i1p1f1_ICTP_RegCM5-0_v1-r1_1hr_200010200100-200010210000.nc
hurs_CSAM-3_ERA5_evaluation_r1i1p1f1_ICTP_RegCM5-0_v1-r1_1hr_200010210100-200010220000.nc
hurs_CSAM-3_ERA5_evaluation_r1i1p1f1_ICTP_RegCM5-0_v1-r1_1hr_200010220100-200010230000.nc
hurs_CSAM-3_ERA5_evaluation_r1i1p1f1_ICTP_RegCM5-0_v1-r1_1hr_200010230100-200010240000.nc
hurs_CSAM-3_ERA5_evaluation_r1i1p1f1_ICTP_RegCM5-0_v1-r1_1hr_200010240100-200010250000.nc
hurs_CSAM-3_ERA5_evaluation_r1i1p1f1_ICTP_RegCM5-0_v1-r1_1hr_200010250100-200010260000.nc
hurs_CSAM-3_ERA5_evaluation_r1i1p1f1_ICTP_RegCM5-0_v1-r1_1hr_200010260100-200010270000.nc
hurs_CSAM-3_ERA5_evaluation_r1i1p1f1_ICTP_RegCM5-0_v1-r1_1hr_200010270100-200010280000.nc
hurs_CSAM-3_ERA5_evaluation_r1i1p1f1_ICTP_RegCM5-0_v1-r1_1hr_200010280100-200010290000.nc
hurs_CSAM-3_ERA5_evaluation_r1i1p1f1_ICTP_RegCM5-0_v1-r1_1hr_200010290100-200010300000.nc
hurs_CSAM-3_ERA5_evaluation_r1i1p1f1_ICTP_RegCM5-0_v1-r1_1hr_200010300100-200010310000.nc
hurs_CSAM-3_ERA5_evaluation_r1i1p1f1_ICTP_RegCM5-0_v1-r1_1hr_200010310100-200011010000.nc
hurs_CSAM-3_ERA5_evaluation_r1i1p1f1_ICTP_RegCM5-0_v1-r1_1hr_200011010100-200011020000.nc
hurs_CSAM-3_ERA5_evaluation_r1i1p1f1_ICTP_RegCM5-0_v1-r1_1hr_200011020100-200011030000.nc
hurs_CSAM-3_ERA5_evaluation_r1i1p1f1_ICTP_RegCM5-0_v1-r1_1hr_200011030100-200011040000.nc
hurs_CSAM-3_ERA5_evaluation_r1i1p1f1_ICTP_RegCM5-0_v1-r1_1hr_200011040100-200011050000.nc
hurs_CSAM-3_ERA5_evaluation_r1i1p1f1_ICTP_RegCM5-0_v1-r1_1hr_200011050100-200011060000.nc
hurs_CSAM-3_ERA5_evaluation_r1i1p1f1_ICTP_RegCM5-0_v1-r1_1hr_200011060100-200011070000.nc
hurs_CSAM-3_ERA5_evaluation_r1i1p1f1_ICTP_RegCM5-0_v1-r1_1hr_200011070100-200011080000.nc
hurs_CSAM-3_ERA5_evaluation_r1i1p1f1_ICTP_RegCM5-0_v1-r1_1hr_200011080100-200011090000.nc
hurs_CSAM-3_ERA5_evaluation_r1i1p1f1_ICTP_RegCM5-0_v1-r1_1hr_200011090100-200011100000.nc
hurs_CSAM-3_ERA5_evaluation_r1i1p1f1_ICTP_RegCM5-0_v1-r1_1hr_200011100100-200011110000.nc
hurs_CSAM-3_ERA5_evaluation_r1i1p1f1_ICTP_RegCM5-0_v1-r1_1hr_200011110100-200011120000.nc
hurs_CSAM-3_ERA5_evaluation_r1i1p1f1_ICTP_RegCM5-0_v1-r1_1hr_200011120100-200011130000.nc
hurs_CSAM-3_ERA5_evaluation_r1i1p1f1_ICTP_RegCM5-0_v1-r1_1hr_200011130100-200011140000.nc
hurs_CSAM-3_ERA5_evaluation_r1i1p1f1_ICTP_RegCM5-0_v1-r1_1hr_200011140100-200011150000.nc
hurs_CSAM-3_ERA5_evaluation_r1i1p1f1_ICTP_RegCM5-0_v1-r1_1hr_200011150100-200011160000.nc
hurs_CSAM-3_ERA5_evaluation_r1i1p1f1_ICTP_RegCM5-0_v1-r1_1hr_200011160100-200011170000.nc
hurs_CSAM-3_ERA5_evaluation_r1i1p1f1_ICTP_RegCM5-0_v1-r1_1hr_200011170100-200011180000.nc
hurs_CSAM-3_ERA5_evaluation_r1i1p1f1_ICTP_RegCM5-0_v1-r1_1hr_200011180100-200011190000.nc
hurs_CSAM-3_ERA5_evaluation_r1i1p1f1_ICTP_RegCM5-0_v1-r1_1hr_200011190100-200011200000.nc
hurs_CSAM-3_ERA5_evaluation_r1i1p1f1_ICTP_RegCM5-0_v1-r1_1hr_200011200100-200011210000.nc
hurs_CSAM-3_ERA5_evaluation_r1i1p1f1_ICTP_RegCM5-0_v1-r1_1hr_200011210100-200011220000.nc
hurs_CSAM-3_ERA5_evaluation_r1i1p1f1_ICTP_RegCM5-0_v1-r1_1hr_200011220100-200011230000.nc
hurs_CSAM-3_ERA5_evaluation_r1i1p1f1_ICTP_RegCM5-0_v1-r1_1hr_200011230100-200011240000.nc
hurs_CSAM-3_ERA5_evaluation_r1i1p1f1_ICTP_RegCM5-0_v1-r1_1hr_200011240100-200011250000.nc
hurs_CSAM-3_ERA5_evaluation_r1i1p1f1_ICTP_RegCM5-0_v1-r1_1hr_200011250100-200011260000.nc
hurs_CSAM-3_ERA5_evaluation_r1i1p1f1_ICTP_RegCM5-0_v1-r1_1hr_200011260100-200011270000.nc
hurs_CSAM-3_ERA5_evaluation_r1i1p1f1_ICTP_RegCM5-0_v1-r1_1hr_200011270100-200011280000.nc
hurs_CSAM-3_ERA5_evaluation_r1i1p1f1_ICTP_RegCM5-0_v1-r1_1hr_200011280100-200011290000.nc
hurs_CSAM-3_ERA5_evaluation_r1i1p1f1_ICTP_RegCM5-0_v1-r1_1hr_200011290100-200011300000.nc
hurs_CSAM-3_ERA5_evaluation_r1i1p1f1_ICTP_RegCM5-0_v1-r1_1hr_200011300100-200012010000.nc
hurs_CSAM-3_ERA5_evaluation_r1i1p1f1_ICTP_RegCM5-0_v1-r1_1hr_200012010100-200012020000.nc
hurs_CSAM-3_ERA5_evaluation_r1i1p1f1_ICTP_RegCM5-0_v1-r1_1hr_200012020100-200012030000.nc
hurs_CSAM-3_ERA5_evaluation_r1i1p1f1_ICTP_RegCM5-0_v1-r1_1hr_200012030100-200012040000.nc
hurs_CSAM-3_ERA5_evaluation_r1i1p1f1_ICTP_RegCM5-0_v1-r1_1hr_200012040100-200012050000.nc
hurs_CSAM-3_ERA5_evaluation_r1i1p1f1_ICTP_RegCM5-0_v1-r1_1hr_200012050100-200012060000.nc
hurs_CSAM-3_ERA5_evaluation_r1i1p1f1_ICTP_RegCM5-0_v1-r1_1hr_200012060100-200012070000.nc
hurs_CSAM-3_ERA5_evaluation_r1i1p1f1_ICTP_RegCM5-0_v1-r1_1hr_200012070100-200012080000.nc
hurs_CSAM-3_ERA5_evaluation_r1i1p1f1_ICTP_RegCM5-0_v1-r1_1hr_200012080100-200012090000.nc
hurs_CSAM-3_ERA5_evaluation_r1i1p1f1_ICTP_RegCM5-0_v1-r1_1hr_200012090100-200012100000.nc
hurs_CSAM-3_ERA5_evaluation_r1i1p1f1_ICTP_RegCM5-0_v1-r1_1hr_200012100100-200012110000.nc
hurs_CSAM-3_ERA5_evaluation_r1i1p1f1_ICTP_RegCM5-0_v1-r1_1hr_200012110100-200012120000.nc
hurs_CSAM-3_ERA5_evaluation_r1i1p1f1_ICTP_RegCM5-0_v1-r1_1hr_200012120100-200012130000.nc
hurs_CSAM-3_ERA5_evaluation_r1i1p1f1_ICTP_RegCM5-0_v1-r1_1hr_200012130100-200012140000.nc
hurs_CSAM-3_ERA5_evaluation_r1i1p1f1_ICTP_RegCM5-0_v1-r1_1hr_200012140100-200012150000.nc
hurs_CSAM-3_ERA5_evaluation_r1i1p1f1_ICTP_RegCM5-0_v1-r1_1hr_200012150100-200012160000.nc
hurs_CSAM-3_ERA5_evaluation_r1i1p1f1_ICTP_RegCM5-0_v1-r1_1hr_200012160100-200012170000.nc
hurs_CSAM-3_ERA5_evaluation_r1i1p1f1_ICTP_RegCM5-0_v1-r1_1hr_200012170100-200012180000.nc
hurs_CSAM-3_ERA5_evaluation_r1i1p1f1_ICTP_RegCM5-0_v1-r1_1hr_200012180100-200012190000.nc
hurs_CSAM-3_ERA5_evaluation_r1i1p1f1_ICTP_RegCM5-0_v1-r1_1hr_200012190100-200012200000.nc
hurs_CSAM-3_ERA5_evaluation_r1i1p1f1_ICTP_RegCM5-0_v1-r1_1hr_200012200100-200012210000.nc
hurs_CSAM-3_ERA5_evaluation_r1i1p1f1_ICTP_RegCM5-0_v1-r1_1hr_200012210100-200012220000.nc
hurs_CSAM-3_ERA5_evaluation_r1i1p1f1_ICTP_RegCM5-0_v1-r1_1hr_200012220100-200012230000.nc
hurs_CSAM-3_ERA5_evaluation_r1i1p1f1_ICTP_RegCM5-0_v1-r1_1hr_200012230100-200012240000.nc
hurs_CSAM-3_ERA5_evaluation_r1i1p1f1_ICTP_RegCM5-0_v1-r1_1hr_200012240100-200012250000.nc
hurs_CSAM-3_ERA5_evaluation_r1i1p1f1_ICTP_RegCM5-0_v1-r1_1hr_200012250100-200012260000.nc
hurs_CSAM-3_ERA5_evaluation_r1i1p1f1_ICTP_RegCM5-0_v1-r1_1hr_200012260100-200012270000.nc
hurs_CSAM-3_ERA5_evaluation_r1i1p1f1_ICTP_RegCM5-0_v1-r1_1hr_200012270100-200012280000.nc
hurs_CSAM-3_ERA5_evaluation_r1i1p1f1_ICTP_RegCM5-0_v1-r1_1hr_200012280100-200012290000.nc
hurs_CSAM-3_ERA5_evaluation_r1i1p1f1_ICTP_RegCM5-0_v1-r1_1hr_200012290100-200012300000.nc
hurs_CSAM-3_ERA5_evaluation_r1i1p1f1_ICTP_RegCM5-0_v1-r1_1hr_200012300100-200012310000.nc
hurs_CSAM-3_ERA5_evaluation_r1i1p1f1_ICTP_RegCM5-0_v1-r1_1hr_200012310100-200101010000.nc
Files: hus1000_CSAM-3_ERA5_evaluation_r1i1p1f1_ICTP_RegCM5-0_v1-r1_1hr_200001010100-200001020000.nc
hus1000_CSAM-3_ERA5_evaluation_r1i1p1f1_ICTP_RegCM5-0_v1-r1_1hr_200001020100-200001030000.nc
hus1000_CSAM-3_ERA5_evaluation_r1i1p1f1_ICTP_RegCM5-0_v1-r1_1hr_200001030100-200001040000.nc
hus1000_CSAM-3_ERA5_evaluation_r1i1p1f1_ICTP_RegCM5-0_v1-r1_1hr_200001040100-200001050000.nc
hus1000_CSAM-3_ERA5_evaluation_r1i1p1f1_ICTP_RegCM5-0_v1-r1_1hr_200001050100-200001060000.nc
hus1000_CSAM-3_ERA5_evaluation_r1i1p1f1_ICTP_RegCM5-0_v1-r1_1hr_200001060100-200001070000.nc
hus1000_CSAM-3_ERA5_evaluation_r1i1p1f1_ICTP_RegCM5-0_v1-r1_1hr_200001070100-200001080000.nc
hus1000_CSAM-3_ERA5_evaluation_r1i1p1f1_ICTP_RegCM5-0_v1-r1_1hr_200001080100-200001090000.nc
hus1000_CSAM-3_ERA5_evaluation_r1i1p1f1_ICTP_RegCM5-0_v1-r1_1hr_200001090100-200001100000.nc
hus1000_CSAM-3_ERA5_evaluation_r1i1p1f1_ICTP_RegCM5-0_v1-r1_1hr_200001100100-200001110000.nc
hus1000_CSAM-3_ERA5_evaluation_r1i1p1f1_ICTP_RegCM5-0_v1-r1_1hr_200001110100-200001120000.nc
hus1000_CSAM-3_ERA5_evaluation_r1i1p1f1_ICTP_RegCM5-0_v1-r1_1hr_200001120100-200001130000.nc
hus1000_CSAM-3_ERA5_evaluation_r1i1p1f1_ICTP_RegCM5-0_v1-r1_1hr_200001130100-200001140000.nc
hus1000_CSAM-3_ERA5_evaluation_r1i1p1f1_ICTP_RegCM5-0_v1-r1_1hr_200001140100-200001150000.nc
hus1000_CSAM-3_ERA5_evaluation_r1i1p1f1_ICTP_RegCM5-0_v1-r1_1hr_200001150100-200001160000.nc
hus1000_CSAM-3_ERA5_evaluation_r1i1p1f1_ICTP_RegCM5-0_v1-r1_1hr_200001160100-200001170000.nc
hus1000_CSAM-3_ERA5_evaluation_r1i1p1f1_ICTP_RegCM5-0_v1-r1_1hr_200001170100-200001180000.nc
hus1000_CSAM-3_ERA5_evaluation_r1i1p1f1_ICTP_RegCM5-0_v1-r1_1hr_200001180100-200001190000.nc
hus1000_CSAM-3_ERA5_evaluation_r1i1p1f1_ICTP_RegCM5-0_v1-r1_1hr_200001190100-200001200000.nc
hus1000_CSAM-3_ERA5_evaluation_r1i1p1f1_ICTP_RegCM5-0_v1-r1_1hr_200001200100-200001210000.nc
hus1000_CSAM-3_ERA5_evaluation_r1i1p1f1_ICTP_RegCM5-0_v1-r1_1hr_200001210100-200001220000.nc
hus1000_CSAM-3_ERA5_evaluation_r1i1p1f1_ICTP_RegCM5-0_v1-r1_1hr_200001220100-200001230000.nc
hus1000_CSAM-3_ERA5_evaluation_r1i1p1f1_ICTP_RegCM5-0_v1-r1_1hr_200001230100-200001240000.nc
hus1000_CSAM-3_ERA5_evaluation_r1i1p1f1_ICTP_RegCM5-0_v1-r1_1hr_200001240100-200001250000.nc
hus1000_CSAM-3_ERA5_evaluation_r1i1p1f1_ICTP_RegCM5-0_v1-r1_1hr_200001250100-200001260000.nc
hus1000_CSAM-3_ERA5_evaluation_r1i1p1f1_ICTP_RegCM5-0_v1-r1_1hr_200001260100-200001270000.nc
hus1000_CSAM-3_ERA5_evaluation_r1i1p1f1_ICTP_RegCM5-0_v1-r1_1hr_200001270100-200001280000.nc
hus1000_CSAM-3_ERA5_evaluation_r1i1p1f1_ICTP_RegCM5-0_v1-r1_1hr_200001280100-200001290000.nc
hus1000_CSAM-3_ERA5_evaluation_r1i1p1f1_ICTP_RegCM5-0_v1-r1_1hr_200001290100-200001300000.nc
hus1000_CSAM-3_ERA5_evaluation_r1i1p1f1_ICTP_RegCM5-0_v1-r1_1hr_200001300100-200001310000.nc
hus1000_CSAM-3_ERA5_evaluation_r1i1p1f1_ICTP_RegCM5-0_v1-r1_1hr_200001310100-200002010000.nc
hus1000_CSAM-3_ERA5_evaluation_r1i1p1f1_ICTP_RegCM5-0_v1-r1_1hr_200002010100-200002020000.nc
hus1000_CSAM-3_ERA5_evaluation_r1i1p1f1_ICTP_RegCM5-0_v1-r1_1hr_200002020100-200002030000.nc
hus1000_CSAM-3_ERA5_evaluation_r1i1p1f1_ICTP_RegCM5-0_v1-r1_1hr_200002030100-200002040000.nc
hus1000_CSAM-3_ERA5_evaluation_r1i1p1f1_ICTP_RegCM5-0_v1-r1_1hr_200002040100-200002050000.nc
hus1000_CSAM-3_ERA5_evaluation_r1i1p1f1_ICTP_RegCM5-0_v1-r1_1hr_200002050100-200002060000.nc
hus1000_CSAM-3_ERA5_evaluation_r1i1p1f1_ICTP_RegCM5-0_v1-r1_1hr_200002060100-200002070000.nc
hus1000_CSAM-3_ERA5_evaluation_r1i1p1f1_ICTP_RegCM5-0_v1-r1_1hr_200002070100-200002080000.nc
hus1000_CSAM-3_ERA5_evaluation_r1i1p1f1_ICTP_RegCM5-0_v1-r1_1hr_200002080100-200002090000.nc
hus1000_CSAM-3_ERA5_evaluation_r1i1p1f1_ICTP_RegCM5-0_v1-r1_1hr_200002090100-200002100000.nc
hus1000_CSAM-3_ERA5_evaluation_r1i1p1f1_ICTP_RegCM5-0_v1-r1_1hr_200002100100-200002110000.nc
hus1000_CSAM-3_ERA5_evaluation_r1i1p1f1_ICTP_RegCM5-0_v1-r1_1hr_200002110100-200002120000.nc
hus1000_CSAM-3_ERA5_evaluation_r1i1p1f1_ICTP_RegCM5-0_v1-r1_1hr_200002120100-200002130000.nc
hus1000_CSAM-3_ERA5_evaluation_r1i1p1f1_ICTP_RegCM5-0_v1-r1_1hr_200002130100-200002140000.nc
hus1000_CSAM-3_ERA5_evaluation_r1i1p1f1_ICTP_RegCM5-0_v1-r1_1hr_200002140100-200002150000.nc
hus1000_CSAM-3_ERA5_evaluation_r1i1p1f1_ICTP_RegCM5-0_v1-r1_1hr_200002150100-200002160000.nc
hus1000_CSAM-3_ERA5_evaluation_r1i1p1f1_ICTP_RegCM5-0_v1-r1_1hr_200002160100-200002170000.nc
hus1000_CSAM-3_ERA5_evaluation_r1i1p1f1_ICTP_RegCM5-0_v1-r1_1hr_200002170100-200002180000.nc
hus1000_CSAM-3_ERA5_evaluation_r1i1p1f1_ICTP_RegCM5-0_v1-r1_1hr_200002180100-200002190000.nc
hus1000_CSAM-3_ERA5_evaluation_r1i1p1f1_ICTP_RegCM5-0_v1-r1_1hr_200002190100-200002200000.nc
hus1000_CSAM-3_ERA5_evaluation_r1i1p1f1_ICTP_RegCM5-0_v1-r1_1hr_200002200100-200002210000.nc
hus1000_CSAM-3_ERA5_evaluation_r1i1p1f1_ICTP_RegCM5-0_v1-r1_1hr_200002210100-200002220000.nc
hus1000_CSAM-3_ERA5_evaluation_r1i1p1f1_ICTP_RegCM5-0_v1-r1_1hr_200002220100-200002230000.nc
hus1000_CSAM-3_ERA5_evaluation_r1i1p1f1_ICTP_RegCM5-0_v1-r1_1hr_200002230100-200002240000.nc
hus1000_CSAM-3_ERA5_evaluation_r1i1p1f1_ICTP_RegCM5-0_v1-r1_1hr_200002240100-200002250000.nc
hus1000_CSAM-3_ERA5_evaluation_r1i1p1f1_ICTP_RegCM5-0_v1-r1_1hr_200002250100-200002260000.nc
hus1000_CSAM-3_ERA5_evaluation_r1i1p1f1_ICTP_RegCM5-0_v1-r1_1hr_200002260100-200002270000.nc
hus1000_CSAM-3_ERA5_evaluation_r1i1p1f1_ICTP_RegCM5-0_v1-r1_1hr_200002270100-200002280000.nc
hus1000_CSAM-3_ERA5_evaluation_r1i1p1f1_ICTP_RegCM5-0_v1-r1_1hr_200002280100-200002290000.nc
hus1000_CSAM-3_ERA5_evaluation_r1i1p1f1_ICTP_RegCM5-0_v1-r1_1hr_200002290100-200003010000.nc
hus1000_CSAM-3_ERA5_evaluation_r1i1p1f1_ICTP_RegCM5-0_v1-r1_1hr_200003010100-200003020000.nc
hus1000_CSAM-3_ERA5_evaluation_r1i1p1f1_ICTP_RegCM5-0_v1-r1_1hr_200003020100-200003030000.nc
hus1000_CSAM-3_ERA5_evaluation_r1i1p1f1_ICTP_RegCM5-0_v1-r1_1hr_200003030100-200003040000.nc
hus1000_CSAM-3_ERA5_evaluation_r1i1p1f1_ICTP_RegCM5-0_v1-r1_1hr_200003040100-200003050000.nc
hus1000_CSAM-3_ERA5_evaluation_r1i1p1f1_ICTP_RegCM5-0_v1-r1_1hr_200003050100-200003060000.nc
hus1000_CSAM-3_ERA5_evaluation_r1i1p1f1_ICTP_RegCM5-0_v1-r1_1hr_200003060100-200003070000.nc
hus1000_CSAM-3_ERA5_evaluation_r1i1p1f1_ICTP_RegCM5-0_v1-r1_1hr_200003070100-200003080000.nc
hus1000_CSAM-3_ERA5_evaluation_r1i1p1f1_ICTP_RegCM5-0_v1-r1_1hr_200003080100-200003090000.nc
hus1000_CSAM-3_ERA5_evaluation_r1i1p1f1_ICTP_RegCM5-0_v1-r1_1hr_200003090100-200003100000.nc
hus1000_CSAM-3_ERA5_evaluation_r1i1p1f1_ICTP_RegCM5-0_v1-r1_1hr_200003100100-200003110000.nc
hus1000_CSAM-3_ERA5_evaluation_r1i1p1f1_ICTP_RegCM5-0_v1-r1_1hr_200003110100-200003120000.nc
hus1000_CSAM-3_ERA5_evaluation_r1i1p1f1_ICTP_RegCM5-0_v1-r1_1hr_200003120100-200003130000.nc
hus1000_CSAM-3_ERA5_evaluation_r1i1p1f1_ICTP_RegCM5-0_v1-r1_1hr_200003130100-200003140000.nc
hus1000_CSAM-3_ERA5_evaluation_r1i1p1f1_ICTP_RegCM5-0_v1-r1_1hr_200003140100-200003150000.nc
hus1000_CSAM-3_ERA5_evaluation_r1i1p1f1_ICTP_RegCM5-0_v1-r1_1hr_200003150100-200003160000.nc
hus1000_CSAM-3_ERA5_evaluation_r1i1p1f1_ICTP_RegCM5-0_v1-r1_1hr_200003160100-200003170000.nc
hus1000_CSAM-3_ERA5_evaluation_r1i1p1f1_ICTP_RegCM5-0_v1-r1_1hr_200003170100-200003180000.nc
hus1000_CSAM-3_ERA5_evaluation_r1i1p1f1_ICTP_RegCM5-0_v1-r1_1hr_200003180100-200003190000.nc
hus1000_CSAM-3_ERA5_evaluation_r1i1p1f1_ICTP_RegCM5-0_v1-r1_1hr_200003190100-200003200000.nc
hus1000_CSAM-3_ERA5_evaluation_r1i1p1f1_ICTP_RegCM5-0_v1-r1_1hr_200003200100-200003210000.nc
hus1000_CSAM-3_ERA5_evaluation_r1i1p1f1_ICTP_RegCM5-0_v1-r1_1hr_200003210100-200003220000.nc
hus1000_CSAM-3_ERA5_evaluation_r1i1p1f1_ICTP_RegCM5-0_v1-r1_1hr_200003220100-200003230000.nc
hus1000_CSAM-3_ERA5_evaluation_r1i1p1f1_ICTP_RegCM5-0_v1-r1_1hr_200003230100-200003240000.nc
hus1000_CSAM-3_ERA5_evaluation_r1i1p1f1_ICTP_RegCM5-0_v1-r1_1hr_200003240100-200003250000.nc
hus1000_CSAM-3_ERA5_evaluation_r1i1p1f1_ICTP_RegCM5-0_v1-r1_1hr_200003250100-200003260000.nc
hus1000_CSAM-3_ERA5_evaluation_r1i1p1f1_ICTP_RegCM5-0_v1-r1_1hr_200003260100-200003270000.nc
hus1000_CSAM-3_ERA5_evaluation_r1i1p1f1_ICTP_RegCM5-0_v1-r1_1hr_200003270100-200003280000.nc
hus1000_CSAM-3_ERA5_evaluation_r1i1p1f1_ICTP_RegCM5-0_v1-r1_1hr_200003280100-200003290000.nc
hus1000_CSAM-3_ERA5_evaluation_r1i1p1f1_ICTP_RegCM5-0_v1-r1_1hr_200003290100-200003300000.nc
hus1000_CSAM-3_ERA5_evaluation_r1i1p1f1_ICTP_RegCM5-0_v1-r1_1hr_200003300100-200003310000.nc
hus1000_CSAM-3_ERA5_evaluation_r1i1p1f1_ICTP_RegCM5-0_v1-r1_1hr_200003310100-200004010000.nc
hus1000_CSAM-3_ERA5_evaluation_r1i1p1f1_ICTP_RegCM5-0_v1-r1_1hr_200004010100-200004020000.nc
hus1000_CSAM-3_ERA5_evaluation_r1i1p1f1_ICTP_RegCM5-0_v1-r1_1hr_200004020100-200004030000.nc
hus1000_CSAM-3_ERA5_evaluation_r1i1p1f1_ICTP_RegCM5-0_v1-r1_1hr_200004030100-200004040000.nc
hus1000_CSAM-3_ERA5_evaluation_r1i1p1f1_ICTP_RegCM5-0_v1-r1_1hr_200004040100-200004050000.nc
hus1000_CSAM-3_ERA5_evaluation_r1i1p1f1_ICTP_RegCM5-0_v1-r1_1hr_200004050100-200004060000.nc
hus1000_CSAM-3_ERA5_evaluation_r1i1p1f1_ICTP_RegCM5-0_v1-r1_1hr_200004060100-200004070000.nc
hus1000_CSAM-3_ERA5_evaluation_r1i1p1f1_ICTP_RegCM5-0_v1-r1_1hr_200004070100-200004080000.nc
hus1000_CSAM-3_ERA5_evaluation_r1i1p1f1_ICTP_RegCM5-0_v1-r1_1hr_200004080100-200004090000.nc
hus1000_CSAM-3_ERA5_evaluation_r1i1p1f1_ICTP_RegCM5-0_v1-r1_1hr_200004090100-200004100000.nc
hus1000_CSAM-3_ERA5_evaluation_r1i1p1f1_ICTP_RegCM5-0_v1-r1_1hr_200004100100-200004110000.nc
hus1000_CSAM-3_ERA5_evaluation_r1i1p1f1_ICTP_RegCM5-0_v1-r1_1hr_200004110100-200004120000.nc
hus1000_CSAM-3_ERA5_evaluation_r1i1p1f1_ICTP_RegCM5-0_v1-r1_1hr_200004120100-200004130000.nc
hus1000_CSAM-3_ERA5_evaluation_r1i1p1f1_ICTP_RegCM5-0_v1-r1_1hr_200004130100-200004140000.nc
hus1000_CSAM-3_ERA5_evaluation_r1i1p1f1_ICTP_RegCM5-0_v1-r1_1hr_200004140100-200004150000.nc
hus1000_CSAM-3_ERA5_evaluation_r1i1p1f1_ICTP_RegCM5-0_v1-r1_1hr_200004150100-200004160000.nc
hus1000_CSAM-3_ERA5_evaluation_r1i1p1f1_ICTP_RegCM5-0_v1-r1_1hr_200004160100-200004170000.nc
hus1000_CSAM-3_ERA5_evaluation_r1i1p1f1_ICTP_RegCM5-0_v1-r1_1hr_200004170100-200004180000.nc
hus1000_CSAM-3_ERA5_evaluation_r1i1p1f1_ICTP_RegCM5-0_v1-r1_1hr_200004180100-200004190000.nc
hus1000_CSAM-3_ERA5_evaluation_r1i1p1f1_ICTP_RegCM5-0_v1-r1_1hr_200004190100-200004200000.nc
hus1000_CSAM-3_ERA5_evaluation_r1i1p1f1_ICTP_RegCM5-0_v1-r1_1hr_200004200100-200004210000.nc
hus1000_CSAM-3_ERA5_evaluation_r1i1p1f1_ICTP_RegCM5-0_v1-r1_1hr_200004210100-200004220000.nc
hus1000_CSAM-3_ERA5_evaluation_r1i1p1f1_ICTP_RegCM5-0_v1-r1_1hr_200004220100-200004230000.nc
hus1000_CSAM-3_ERA5_evaluation_r1i1p1f1_ICTP_RegCM5-0_v1-r1_1hr_200004230100-200004240000.nc
hus1000_CSAM-3_ERA5_evaluation_r1i1p1f1_ICTP_RegCM5-0_v1-r1_1hr_200004240100-200004250000.nc
hus1000_CSAM-3_ERA5_evaluation_r1i1p1f1_ICTP_RegCM5-0_v1-r1_1hr_200004250100-200004260000.nc
hus1000_CSAM-3_ERA5_evaluation_r1i1p1f1_ICTP_RegCM5-0_v1-r1_1hr_200004260100-200004270000.nc
hus1000_CSAM-3_ERA5_evaluation_r1i1p1f1_ICTP_RegCM5-0_v1-r1_1hr_200004270100-200004280000.nc
hus1000_CSAM-3_ERA5_evaluation_r1i1p1f1_ICTP_RegCM5-0_v1-r1_1hr_200004280100-200004290000.nc
hus1000_CSAM-3_ERA5_evaluation_r1i1p1f1_ICTP_RegCM5-0_v1-r1_1hr_200004290100-200004300000.nc
hus1000_CSAM-3_ERA5_evaluation_r1i1p1f1_ICTP_RegCM5-0_v1-r1_1hr_200004300100-200005010000.nc
hus1000_CSAM-3_ERA5_evaluation_r1i1p1f1_ICTP_RegCM5-0_v1-r1_1hr_200005010100-200005020000.nc
hus1000_CSAM-3_ERA5_evaluation_r1i1p1f1_ICTP_RegCM5-0_v1-r1_1hr_200005020100-200005030000.nc
hus1000_CSAM-3_ERA5_evaluation_r1i1p1f1_ICTP_RegCM5-0_v1-r1_1hr_200005030100-200005040000.nc
hus1000_CSAM-3_ERA5_evaluation_r1i1p1f1_ICTP_RegCM5-0_v1-r1_1hr_200005040100-200005050000.nc
hus1000_CSAM-3_ERA5_evaluation_r1i1p1f1_ICTP_RegCM5-0_v1-r1_1hr_200005050100-200005060000.nc
hus1000_CSAM-3_ERA5_evaluation_r1i1p1f1_ICTP_RegCM5-0_v1-r1_1hr_200005060100-200005070000.nc
hus1000_CSAM-3_ERA5_evaluation_r1i1p1f1_ICTP_RegCM5-0_v1-r1_1hr_200005070100-200005080000.nc
hus1000_CSAM-3_ERA5_evaluation_r1i1p1f1_ICTP_RegCM5-0_v1-r1_1hr_200005080100-200005090000.nc
hus1000_CSAM-3_ERA5_evaluation_r1i1p1f1_ICTP_RegCM5-0_v1-r1_1hr_200005090100-200005100000.nc
hus1000_CSAM-3_ERA5_evaluation_r1i1p1f1_ICTP_RegCM5-0_v1-r1_1hr_200005100100-200005110000.nc
hus1000_CSAM-3_ERA5_evaluation_r1i1p1f1_ICTP_RegCM5-0_v1-r1_1hr_200005110100-200005120000.nc
hus1000_CSAM-3_ERA5_evaluation_r1i1p1f1_ICTP_RegCM5-0_v1-r1_1hr_200005120100-200005130000.nc
hus1000_CSAM-3_ERA5_evaluation_r1i1p1f1_ICTP_RegCM5-0_v1-r1_1hr_200005130100-200005140000.nc
hus1000_CSAM-3_ERA5_evaluation_r1i1p1f1_ICTP_RegCM5-0_v1-r1_1hr_200005140100-200005150000.nc
hus1000_CSAM-3_ERA5_evaluation_r1i1p1f1_ICTP_RegCM5-0_v1-r1_1hr_200005150100-200005160000.nc
hus1000_CSAM-3_ERA5_evaluation_r1i1p1f1_ICTP_RegCM5-0_v1-r1_1hr_200005160100-200005170000.nc
hus1000_CSAM-3_ERA5_evaluation_r1i1p1f1_ICTP_RegCM5-0_v1-r1_1hr_200005170100-200005180000.nc
hus1000_CSAM-3_ERA5_evaluation_r1i1p1f1_ICTP_RegCM5-0_v1-r1_1hr_200005180100-200005190000.nc
hus1000_CSAM-3_ERA5_evaluation_r1i1p1f1_ICTP_RegCM5-0_v1-r1_1hr_200005190100-200005200000.nc
hus1000_CSAM-3_ERA5_evaluation_r1i1p1f1_ICTP_RegCM5-0_v1-r1_1hr_200005200100-200005210000.nc
hus1000_CSAM-3_ERA5_evaluation_r1i1p1f1_ICTP_RegCM5-0_v1-r1_1hr_200005210100-200005220000.nc
hus1000_CSAM-3_ERA5_evaluation_r1i1p1f1_ICTP_RegCM5-0_v1-r1_1hr_200005220100-200005230000.nc
hus1000_CSAM-3_ERA5_evaluation_r1i1p1f1_ICTP_RegCM5-0_v1-r1_1hr_200005230100-200005240000.nc
hus1000_CSAM-3_ERA5_evaluation_r1i1p1f1_ICTP_RegCM5-0_v1-r1_1hr_200005240100-200005250000.nc
hus1000_CSAM-3_ERA5_evaluation_r1i1p1f1_ICTP_RegCM5-0_v1-r1_1hr_200005250100-200005260000.nc
hus1000_CSAM-3_ERA5_evaluation_r1i1p1f1_ICTP_RegCM5-0_v1-r1_1hr_200005260100-200005270000.nc
hus1000_CSAM-3_ERA5_evaluation_r1i1p1f1_ICTP_RegCM5-0_v1-r1_1hr_200005270100-200005280000.nc
hus1000_CSAM-3_ERA5_evaluation_r1i1p1f1_ICTP_RegCM5-0_v1-r1_1hr_200005280100-200005290000.nc
hus1000_CSAM-3_ERA5_evaluation_r1i1p1f1_ICTP_RegCM5-0_v1-r1_1hr_200005290100-200005300000.nc
hus1000_CSAM-3_ERA5_evaluation_r1i1p1f1_ICTP_RegCM5-0_v1-r1_1hr_200005300100-200005310000.nc
hus1000_CSAM-3_ERA5_evaluation_r1i1p1f1_ICTP_RegCM5-0_v1-r1_1hr_200005310100-200006010000.nc
hus1000_CSAM-3_ERA5_evaluation_r1i1p1f1_ICTP_RegCM5-0_v1-r1_1hr_200006010100-200006020000.nc
hus1000_CSAM-3_ERA5_evaluation_r1i1p1f1_ICTP_RegCM5-0_v1-r1_1hr_200006020100-200006030000.nc
hus1000_CSAM-3_ERA5_evaluation_r1i1p1f1_ICTP_RegCM5-0_v1-r1_1hr_200006030100-200006040000.nc
hus1000_CSAM-3_ERA5_evaluation_r1i1p1f1_ICTP_RegCM5-0_v1-r1_1hr_200006040100-200006050000.nc
hus1000_CSAM-3_ERA5_evaluation_r1i1p1f1_ICTP_RegCM5-0_v1-r1_1hr_200006050100-200006060000.nc
hus1000_CSAM-3_ERA5_evaluation_r1i1p1f1_ICTP_RegCM5-0_v1-r1_1hr_200006060100-200006070000.nc
hus1000_CSAM-3_ERA5_evaluation_r1i1p1f1_ICTP_RegCM5-0_v1-r1_1hr_200006070100-200006080000.nc
hus1000_CSAM-3_ERA5_evaluation_r1i1p1f1_ICTP_RegCM5-0_v1-r1_1hr_200006080100-200006090000.nc
hus1000_CSAM-3_ERA5_evaluation_r1i1p1f1_ICTP_RegCM5-0_v1-r1_1hr_200006090100-200006100000.nc
hus1000_CSAM-3_ERA5_evaluation_r1i1p1f1_ICTP_RegCM5-0_v1-r1_1hr_200006100100-200006110000.nc
hus1000_CSAM-3_ERA5_evaluation_r1i1p1f1_ICTP_RegCM5-0_v1-r1_1hr_200006110100-200006120000.nc
hus1000_CSAM-3_ERA5_evaluation_r1i1p1f1_ICTP_RegCM5-0_v1-r1_1hr_200006120100-200006130000.nc
hus1000_CSAM-3_ERA5_evaluation_r1i1p1f1_ICTP_RegCM5-0_v1-r1_1hr_200006130100-200006140000.nc
hus1000_CSAM-3_ERA5_evaluation_r1i1p1f1_ICTP_RegCM5-0_v1-r1_1hr_200006140100-200006150000.nc
hus1000_CSAM-3_ERA5_evaluation_r1i1p1f1_ICTP_RegCM5-0_v1-r1_1hr_200006150100-200006160000.nc
hus1000_CSAM-3_ERA5_evaluation_r1i1p1f1_ICTP_RegCM5-0_v1-r1_1hr_200006160100-200006170000.nc
hus1000_CSAM-3_ERA5_evaluation_r1i1p1f1_ICTP_RegCM5-0_v1-r1_1hr_200006170100-200006180000.nc
hus1000_CSAM-3_ERA5_evaluation_r1i1p1f1_ICTP_RegCM5-0_v1-r1_1hr_200006180100-200006190000.nc
hus1000_CSAM-3_ERA5_evaluation_r1i1p1f1_ICTP_RegCM5-0_v1-r1_1hr_200006190100-200006200000.nc
hus1000_CSAM-3_ERA5_evaluation_r1i1p1f1_ICTP_RegCM5-0_v1-r1_1hr_200006200100-200006210000.nc
hus1000_CSAM-3_ERA5_evaluation_r1i1p1f1_ICTP_RegCM5-0_v1-r1_1hr_200006210100-200006220000.nc
hus1000_CSAM-3_ERA5_evaluation_r1i1p1f1_ICTP_RegCM5-0_v1-r1_1hr_200006220100-200006230000.nc
hus1000_CSAM-3_ERA5_evaluation_r1i1p1f1_ICTP_RegCM5-0_v1-r1_1hr_200006230100-200006240000.nc
hus1000_CSAM-3_ERA5_evaluation_r1i1p1f1_ICTP_RegCM5-0_v1-r1_1hr_200006240100-200006250000.nc
hus1000_CSAM-3_ERA5_evaluation_r1i1p1f1_ICTP_RegCM5-0_v1-r1_1hr_200006250100-200006260000.nc
hus1000_CSAM-3_ERA5_evaluation_r1i1p1f1_ICTP_RegCM5-0_v1-r1_1hr_200006260100-200006270000.nc
hus1000_CSAM-3_ERA5_evaluation_r1i1p1f1_ICTP_RegCM5-0_v1-r1_1hr_200006270100-200006280000.nc
hus1000_CSAM-3_ERA5_evaluation_r1i1p1f1_ICTP_RegCM5-0_v1-r1_1hr_200006280100-200006290000.nc
hus1000_CSAM-3_ERA5_evaluation_r1i1p1f1_ICTP_RegCM5-0_v1-r1_1hr_200006290100-200006300000.nc
hus1000_CSAM-3_ERA5_evaluation_r1i1p1f1_ICTP_RegCM5-0_v1-r1_1hr_200006300100-200007010000.nc
hus1000_CSAM-3_ERA5_evaluation_r1i1p1f1_ICTP_RegCM5-0_v1-r1_1hr_200007010100-200007020000.nc
hus1000_CSAM-3_ERA5_evaluation_r1i1p1f1_ICTP_RegCM5-0_v1-r1_1hr_200007020100-200007030000.nc
hus1000_CSAM-3_ERA5_evaluation_r1i1p1f1_ICTP_RegCM5-0_v1-r1_1hr_200007030100-200007040000.nc
hus1000_CSAM-3_ERA5_evaluation_r1i1p1f1_ICTP_RegCM5-0_v1-r1_1hr_200007040100-200007050000.nc
hus1000_CSAM-3_ERA5_evaluation_r1i1p1f1_ICTP_RegCM5-0_v1-r1_1hr_200007050100-200007060000.nc
hus1000_CSAM-3_ERA5_evaluation_r1i1p1f1_ICTP_RegCM5-0_v1-r1_1hr_200007060100-200007070000.nc
hus1000_CSAM-3_ERA5_evaluation_r1i1p1f1_ICTP_RegCM5-0_v1-r1_1hr_200007070100-200007080000.nc
hus1000_CSAM-3_ERA5_evaluation_r1i1p1f1_ICTP_RegCM5-0_v1-r1_1hr_200007080100-200007090000.nc
hus1000_CSAM-3_ERA5_evaluation_r1i1p1f1_ICTP_RegCM5-0_v1-r1_1hr_200007090100-200007100000.nc
hus1000_CSAM-3_ERA5_evaluation_r1i1p1f1_ICTP_RegCM5-0_v1-r1_1hr_200007100100-200007110000.nc
hus1000_CSAM-3_ERA5_evaluation_r1i1p1f1_ICTP_RegCM5-0_v1-r1_1hr_200007110100-200007120000.nc
hus1000_CSAM-3_ERA5_evaluation_r1i1p1f1_ICTP_RegCM5-0_v1-r1_1hr_200007120100-200007130000.nc
hus1000_CSAM-3_ERA5_evaluation_r1i1p1f1_ICTP_RegCM5-0_v1-r1_1hr_200007130100-200007140000.nc
hus1000_CSAM-3_ERA5_evaluation_r1i1p1f1_ICTP_RegCM5-0_v1-r1_1hr_200007140100-200007150000.nc
hus1000_CSAM-3_ERA5_evaluation_r1i1p1f1_ICTP_RegCM5-0_v1-r1_1hr_200007150100-200007160000.nc
hus1000_CSAM-3_ERA5_evaluation_r1i1p1f1_ICTP_RegCM5-0_v1-r1_1hr_200007160100-200007170000.nc
hus1000_CSAM-3_ERA5_evaluation_r1i1p1f1_ICTP_RegCM5-0_v1-r1_1hr_200007170100-200007180000.nc
hus1000_CSAM-3_ERA5_evaluation_r1i1p1f1_ICTP_RegCM5-0_v1-r1_1hr_200007180100-200007190000.nc
hus1000_CSAM-3_ERA5_evaluation_r1i1p1f1_ICTP_RegCM5-0_v1-r1_1hr_200007190100-200007200000.nc
hus1000_CSAM-3_ERA5_evaluation_r1i1p1f1_ICTP_RegCM5-0_v1-r1_1hr_200007200100-200007210000.nc
hus1000_CSAM-3_ERA5_evaluation_r1i1p1f1_ICTP_RegCM5-0_v1-r1_1hr_200007210100-200007220000.nc
hus1000_CSAM-3_ERA5_evaluation_r1i1p1f1_ICTP_RegCM5-0_v1-r1_1hr_200007220100-200007230000.nc
hus1000_CSAM-3_ERA5_evaluation_r1i1p1f1_ICTP_RegCM5-0_v1-r1_1hr_200007230100-200007240000.nc
hus1000_CSAM-3_ERA5_evaluation_r1i1p1f1_ICTP_RegCM5-0_v1-r1_1hr_200007240100-200007250000.nc
hus1000_CSAM-3_ERA5_evaluation_r1i1p1f1_ICTP_RegCM5-0_v1-r1_1hr_200007250100-200007260000.nc
hus1000_CSAM-3_ERA5_evaluation_r1i1p1f1_ICTP_RegCM5-0_v1-r1_1hr_200007260100-200007270000.nc
hus1000_CSAM-3_ERA5_evaluation_r1i1p1f1_ICTP_RegCM5-0_v1-r1_1hr_200007270100-200007280000.nc
hus1000_CSAM-3_ERA5_evaluation_r1i1p1f1_ICTP_RegCM5-0_v1-r1_1hr_200007280100-200007290000.nc
hus1000_CSAM-3_ERA5_evaluation_r1i1p1f1_ICTP_RegCM5-0_v1-r1_1hr_200007290100-200007300000.nc
hus1000_CSAM-3_ERA5_evaluation_r1i1p1f1_ICTP_RegCM5-0_v1-r1_1hr_200007300100-200007310000.nc
hus1000_CSAM-3_ERA5_evaluation_r1i1p1f1_ICTP_RegCM5-0_v1-r1_1hr_200007310100-200008010000.nc
hus1000_CSAM-3_ERA5_evaluation_r1i1p1f1_ICTP_RegCM5-0_v1-r1_1hr_200008010100-200008020000.nc
hus1000_CSAM-3_ERA5_evaluation_r1i1p1f1_ICTP_RegCM5-0_v1-r1_1hr_200008020100-200008030000.nc
hus1000_CSAM-3_ERA5_evaluation_r1i1p1f1_ICTP_RegCM5-0_v1-r1_1hr_200008030100-200008040000.nc
hus1000_CSAM-3_ERA5_evaluation_r1i1p1f1_ICTP_RegCM5-0_v1-r1_1hr_200008040100-200008050000.nc
hus1000_CSAM-3_ERA5_evaluation_r1i1p1f1_ICTP_RegCM5-0_v1-r1_1hr_200008050100-200008060000.nc
hus1000_CSAM-3_ERA5_evaluation_r1i1p1f1_ICTP_RegCM5-0_v1-r1_1hr_200008060100-200008070000.nc
hus1000_CSAM-3_ERA5_evaluation_r1i1p1f1_ICTP_RegCM5-0_v1-r1_1hr_200008070100-200008080000.nc
hus1000_CSAM-3_ERA5_evaluation_r1i1p1f1_ICTP_RegCM5-0_v1-r1_1hr_200008080100-200008090000.nc
hus1000_CSAM-3_ERA5_evaluation_r1i1p1f1_ICTP_RegCM5-0_v1-r1_1hr_200008090100-200008100000.nc
hus1000_CSAM-3_ERA5_evaluation_r1i1p1f1_ICTP_RegCM5-0_v1-r1_1hr_200008100100-200008110000.nc
hus1000_CSAM-3_ERA5_evaluation_r1i1p1f1_ICTP_RegCM5-0_v1-r1_1hr_200008110100-200008120000.nc
hus1000_CSAM-3_ERA5_evaluation_r1i1p1f1_ICTP_RegCM5-0_v1-r1_1hr_200008120100-200008130000.nc
hus1000_CSAM-3_ERA5_evaluation_r1i1p1f1_ICTP_RegCM5-0_v1-r1_1hr_200008130100-200008140000.nc
hus1000_CSAM-3_ERA5_evaluation_r1i1p1f1_ICTP_RegCM5-0_v1-r1_1hr_200008140100-200008150000.nc
hus1000_CSAM-3_ERA5_evaluation_r1i1p1f1_ICTP_RegCM5-0_v1-r1_1hr_200008150100-200008160000.nc
hus1000_CSAM-3_ERA5_evaluation_r1i1p1f1_ICTP_RegCM5-0_v1-r1_1hr_200008160100-200008170000.nc
hus1000_CSAM-3_ERA5_evaluation_r1i1p1f1_ICTP_RegCM5-0_v1-r1_1hr_200008170100-200008180000.nc
hus1000_CSAM-3_ERA5_evaluation_r1i1p1f1_ICTP_RegCM5-0_v1-r1_1hr_200008180100-200008190000.nc
hus1000_CSAM-3_ERA5_evaluation_r1i1p1f1_ICTP_RegCM5-0_v1-r1_1hr_200008190100-200008200000.nc
hus1000_CSAM-3_ERA5_evaluation_r1i1p1f1_ICTP_RegCM5-0_v1-r1_1hr_200008200100-200008210000.nc
hus1000_CSAM-3_ERA5_evaluation_r1i1p1f1_ICTP_RegCM5-0_v1-r1_1hr_200008210100-200008220000.nc
hus1000_CSAM-3_ERA5_evaluation_r1i1p1f1_ICTP_RegCM5-0_v1-r1_1hr_200008220100-200008230000.nc
hus1000_CSAM-3_ERA5_evaluation_r1i1p1f1_ICTP_RegCM5-0_v1-r1_1hr_200008230100-200008240000.nc
hus1000_CSAM-3_ERA5_evaluation_r1i1p1f1_ICTP_RegCM5-0_v1-r1_1hr_200008240100-200008250000.nc
hus1000_CSAM-3_ERA5_evaluation_r1i1p1f1_ICTP_RegCM5-0_v1-r1_1hr_200008250100-200008260000.nc
hus1000_CSAM-3_ERA5_evaluation_r1i1p1f1_ICTP_RegCM5-0_v1-r1_1hr_200008260100-200008270000.nc
hus1000_CSAM-3_ERA5_evaluation_r1i1p1f1_ICTP_RegCM5-0_v1-r1_1hr_200008270100-200008280000.nc
hus1000_CSAM-3_ERA5_evaluation_r1i1p1f1_ICTP_RegCM5-0_v1-r1_1hr_200008280100-200008290000.nc
hus1000_CSAM-3_ERA5_evaluation_r1i1p1f1_ICTP_RegCM5-0_v1-r1_1hr_200008290100-200008300000.nc
hus1000_CSAM-3_ERA5_evaluation_r1i1p1f1_ICTP_RegCM5-0_v1-r1_1hr_200008300100-200008310000.nc
hus1000_CSAM-3_ERA5_evaluation_r1i1p1f1_ICTP_RegCM5-0_v1-r1_1hr_200008310100-200009010000.nc
hus1000_CSAM-3_ERA5_evaluation_r1i1p1f1_ICTP_RegCM5-0_v1-r1_1hr_200009010100-200009020000.nc
hus1000_CSAM-3_ERA5_evaluation_r1i1p1f1_ICTP_RegCM5-0_v1-r1_1hr_200009020100-200009030000.nc
hus1000_CSAM-3_ERA5_evaluation_r1i1p1f1_ICTP_RegCM5-0_v1-r1_1hr_200009030100-200009040000.nc
hus1000_CSAM-3_ERA5_evaluation_r1i1p1f1_ICTP_RegCM5-0_v1-r1_1hr_200009040100-200009050000.nc
hus1000_CSAM-3_ERA5_evaluation_r1i1p1f1_ICTP_RegCM5-0_v1-r1_1hr_200009050100-200009060000.nc
hus1000_CSAM-3_ERA5_evaluation_r1i1p1f1_ICTP_RegCM5-0_v1-r1_1hr_200009060100-200009070000.nc
hus1000_CSAM-3_ERA5_evaluation_r1i1p1f1_ICTP_RegCM5-0_v1-r1_1hr_200009070100-200009080000.nc
hus1000_CSAM-3_ERA5_evaluation_r1i1p1f1_ICTP_RegCM5-0_v1-r1_1hr_200009080100-200009090000.nc
hus1000_CSAM-3_ERA5_evaluation_r1i1p1f1_ICTP_RegCM5-0_v1-r1_1hr_200009090100-200009100000.nc
hus1000_CSAM-3_ERA5_evaluation_r1i1p1f1_ICTP_RegCM5-0_v1-r1_1hr_200009100100-200009110000.nc
hus1000_CSAM-3_ERA5_evaluation_r1i1p1f1_ICTP_RegCM5-0_v1-r1_1hr_200009110100-200009120000.nc
hus1000_CSAM-3_ERA5_evaluation_r1i1p1f1_ICTP_RegCM5-0_v1-r1_1hr_200009120100-200009130000.nc
hus1000_CSAM-3_ERA5_evaluation_r1i1p1f1_ICTP_RegCM5-0_v1-r1_1hr_200009130100-200009140000.nc
hus1000_CSAM-3_ERA5_evaluation_r1i1p1f1_ICTP_RegCM5-0_v1-r1_1hr_200009140100-200009150000.nc
hus1000_CSAM-3_ERA5_evaluation_r1i1p1f1_ICTP_RegCM5-0_v1-r1_1hr_200009150100-200009160000.nc
hus1000_CSAM-3_ERA5_evaluation_r1i1p1f1_ICTP_RegCM5-0_v1-r1_1hr_200009160100-200009170000.nc
hus1000_CSAM-3_ERA5_evaluation_r1i1p1f1_ICTP_RegCM5-0_v1-r1_1hr_200009170100-200009180000.nc
hus1000_CSAM-3_ERA5_evaluation_r1i1p1f1_ICTP_RegCM5-0_v1-r1_1hr_200009180100-200009190000.nc
hus1000_CSAM-3_ERA5_evaluation_r1i1p1f1_ICTP_RegCM5-0_v1-r1_1hr_200009190100-200009200000.nc
hus1000_CSAM-3_ERA5_evaluation_r1i1p1f1_ICTP_RegCM5-0_v1-r1_1hr_200009200100-200009210000.nc
hus1000_CSAM-3_ERA5_evaluation_r1i1p1f1_ICTP_RegCM5-0_v1-r1_1hr_200009210100-200009220000.nc
hus1000_CSAM-3_ERA5_evaluation_r1i1p1f1_ICTP_RegCM5-0_v1-r1_1hr_200009220100-200009230000.nc
hus1000_CSAM-3_ERA5_evaluation_r1i1p1f1_ICTP_RegCM5-0_v1-r1_1hr_200009230100-200009240000.nc
hus1000_CSAM-3_ERA5_evaluation_r1i1p1f1_ICTP_RegCM5-0_v1-r1_1hr_200009240100-200009250000.nc
hus1000_CSAM-3_ERA5_evaluation_r1i1p1f1_ICTP_RegCM5-0_v1-r1_1hr_200009250100-200009260000.nc
hus1000_CSAM-3_ERA5_evaluation_r1i1p1f1_ICTP_RegCM5-0_v1-r1_1hr_200009260100-200009270000.nc
hus1000_CSAM-3_ERA5_evaluation_r1i1p1f1_ICTP_RegCM5-0_v1-r1_1hr_200009270100-200009280000.nc
hus1000_CSAM-3_ERA5_evaluation_r1i1p1f1_ICTP_RegCM5-0_v1-r1_1hr_200009280100-200009290000.nc
hus1000_CSAM-3_ERA5_evaluation_r1i1p1f1_ICTP_RegCM5-0_v1-r1_1hr_200009290100-200009300000.nc
hus1000_CSAM-3_ERA5_evaluation_r1i1p1f1_ICTP_RegCM5-0_v1-r1_1hr_200009300100-200010010000.nc
hus1000_CSAM-3_ERA5_evaluation_r1i1p1f1_ICTP_RegCM5-0_v1-r1_1hr_200010010100-200010020000.nc
hus1000_CSAM-3_ERA5_evaluation_r1i1p1f1_ICTP_RegCM5-0_v1-r1_1hr_200010020100-200010030000.nc
hus1000_CSAM-3_ERA5_evaluation_r1i1p1f1_ICTP_RegCM5-0_v1-r1_1hr_200010030100-200010040000.nc
hus1000_CSAM-3_ERA5_evaluation_r1i1p1f1_ICTP_RegCM5-0_v1-r1_1hr_200010040100-200010050000.nc
hus1000_CSAM-3_ERA5_evaluation_r1i1p1f1_ICTP_RegCM5-0_v1-r1_1hr_200010050100-200010060000.nc
hus1000_CSAM-3_ERA5_evaluation_r1i1p1f1_ICTP_RegCM5-0_v1-r1_1hr_200010060100-200010070000.nc
hus1000_CSAM-3_ERA5_evaluation_r1i1p1f1_ICTP_RegCM5-0_v1-r1_1hr_200010070100-200010080000.nc
hus1000_CSAM-3_ERA5_evaluation_r1i1p1f1_ICTP_RegCM5-0_v1-r1_1hr_200010080100-200010090000.nc
hus1000_CSAM-3_ERA5_evaluation_r1i1p1f1_ICTP_RegCM5-0_v1-r1_1hr_200010090100-200010100000.nc
hus1000_CSAM-3_ERA5_evaluation_r1i1p1f1_ICTP_RegCM5-0_v1-r1_1hr_200010100100-200010110000.nc
hus1000_CSAM-3_ERA5_evaluation_r1i1p1f1_ICTP_RegCM5-0_v1-r1_1hr_200010110100-200010120000.nc
hus1000_CSAM-3_ERA5_evaluation_r1i1p1f1_ICTP_RegCM5-0_v1-r1_1hr_200010120100-200010130000.nc
hus1000_CSAM-3_ERA5_evaluation_r1i1p1f1_ICTP_RegCM5-0_v1-r1_1hr_200010130100-200010140000.nc
hus1000_CSAM-3_ERA5_evaluation_r1i1p1f1_ICTP_RegCM5-0_v1-r1_1hr_200010140100-200010150000.nc
hus1000_CSAM-3_ERA5_evaluation_r1i1p1f1_ICTP_RegCM5-0_v1-r1_1hr_200010150100-200010160000.nc
hus1000_CSAM-3_ERA5_evaluation_r1i1p1f1_ICTP_RegCM5-0_v1-r1_1hr_200010160100-200010170000.nc
hus1000_CSAM-3_ERA5_evaluation_r1i1p1f1_ICTP_RegCM5-0_v1-r1_1hr_200010170100-200010180000.nc
hus1000_CSAM-3_ERA5_evaluation_r1i1p1f1_ICTP_RegCM5-0_v1-r1_1hr_200010180100-200010190000.nc
hus1000_CSAM-3_ERA5_evaluation_r1i1p1f1_ICTP_RegCM5-0_v1-r1_1hr_200010190100-200010200000.nc
hus1000_CSAM-3_ERA5_evaluation_r1i1p1f1_ICTP_RegCM5-0_v1-r1_1hr_200010200100-200010210000.nc
hus1000_CSAM-3_ERA5_evaluation_r1i1p1f1_ICTP_RegCM5-0_v1-r1_1hr_200010210100-200010220000.nc
hus1000_CSAM-3_ERA5_evaluation_r1i1p1f1_ICTP_RegCM5-0_v1-r1_1hr_200010220100-200010230000.nc
hus1000_CSAM-3_ERA5_evaluation_r1i1p1f1_ICTP_RegCM5-0_v1-r1_1hr_200010230100-200010240000.nc
hus1000_CSAM-3_ERA5_evaluation_r1i1p1f1_ICTP_RegCM5-0_v1-r1_1hr_200010240100-200010250000.nc
hus1000_CSAM-3_ERA5_evaluation_r1i1p1f1_ICTP_RegCM5-0_v1-r1_1hr_200010250100-200010260000.nc
hus1000_CSAM-3_ERA5_evaluation_r1i1p1f1_ICTP_RegCM5-0_v1-r1_1hr_200010260100-200010270000.nc
hus1000_CSAM-3_ERA5_evaluation_r1i1p1f1_ICTP_RegCM5-0_v1-r1_1hr_200010270100-200010280000.nc
hus1000_CSAM-3_ERA5_evaluation_r1i1p1f1_ICTP_RegCM5-0_v1-r1_1hr_200010280100-200010290000.nc
hus1000_CSAM-3_ERA5_evaluation_r1i1p1f1_ICTP_RegCM5-0_v1-r1_1hr_200010290100-200010300000.nc
hus1000_CSAM-3_ERA5_evaluation_r1i1p1f1_ICTP_RegCM5-0_v1-r1_1hr_200010300100-200010310000.nc
hus1000_CSAM-3_ERA5_evaluation_r1i1p1f1_ICTP_RegCM5-0_v1-r1_1hr_200010310100-200011010000.nc
hus1000_CSAM-3_ERA5_evaluation_r1i1p1f1_ICTP_RegCM5-0_v1-r1_1hr_200011010100-200011020000.nc
hus1000_CSAM-3_ERA5_evaluation_r1i1p1f1_ICTP_RegCM5-0_v1-r1_1hr_200011020100-200011030000.nc
hus1000_CSAM-3_ERA5_evaluation_r1i1p1f1_ICTP_RegCM5-0_v1-r1_1hr_200011030100-200011040000.nc
hus1000_CSAM-3_ERA5_evaluation_r1i1p1f1_ICTP_RegCM5-0_v1-r1_1hr_200011040100-200011050000.nc
hus1000_CSAM-3_ERA5_evaluation_r1i1p1f1_ICTP_RegCM5-0_v1-r1_1hr_200011050100-200011060000.nc
hus1000_CSAM-3_ERA5_evaluation_r1i1p1f1_ICTP_RegCM5-0_v1-r1_1hr_200011060100-200011070000.nc
hus1000_CSAM-3_ERA5_evaluation_r1i1p1f1_ICTP_RegCM5-0_v1-r1_1hr_200011070100-200011080000.nc
hus1000_CSAM-3_ERA5_evaluation_r1i1p1f1_ICTP_RegCM5-0_v1-r1_1hr_200011080100-200011090000.nc
hus1000_CSAM-3_ERA5_evaluation_r1i1p1f1_ICTP_RegCM5-0_v1-r1_1hr_200011090100-200011100000.nc
hus1000_CSAM-3_ERA5_evaluation_r1i1p1f1_ICTP_RegCM5-0_v1-r1_1hr_200011100100-200011110000.nc
hus1000_CSAM-3_ERA5_evaluation_r1i1p1f1_ICTP_RegCM5-0_v1-r1_1hr_200011110100-200011120000.nc
hus1000_CSAM-3_ERA5_evaluation_r1i1p1f1_ICTP_RegCM5-0_v1-r1_1hr_200011120100-200011130000.nc
hus1000_CSAM-3_ERA5_evaluation_r1i1p1f1_ICTP_RegCM5-0_v1-r1_1hr_200011130100-200011140000.nc
hus1000_CSAM-3_ERA5_evaluation_r1i1p1f1_ICTP_RegCM5-0_v1-r1_1hr_200011140100-200011150000.nc
hus1000_CSAM-3_ERA5_evaluation_r1i1p1f1_ICTP_RegCM5-0_v1-r1_1hr_200011150100-200011160000.nc
hus1000_CSAM-3_ERA5_evaluation_r1i1p1f1_ICTP_RegCM5-0_v1-r1_1hr_200011160100-200011170000.nc
hus1000_CSAM-3_ERA5_evaluation_r1i1p1f1_ICTP_RegCM5-0_v1-r1_1hr_200011170100-200011180000.nc
hus1000_CSAM-3_ERA5_evaluation_r1i1p1f1_ICTP_RegCM5-0_v1-r1_1hr_200011180100-200011190000.nc
hus1000_CSAM-3_ERA5_evaluation_r1i1p1f1_ICTP_RegCM5-0_v1-r1_1hr_200011190100-200011200000.nc
hus1000_CSAM-3_ERA5_evaluation_r1i1p1f1_ICTP_RegCM5-0_v1-r1_1hr_200011200100-200011210000.nc
hus1000_CSAM-3_ERA5_evaluation_r1i1p1f1_ICTP_RegCM5-0_v1-r1_1hr_200011210100-200011220000.nc
hus1000_CSAM-3_ERA5_evaluation_r1i1p1f1_ICTP_RegCM5-0_v1-r1_1hr_200011220100-200011230000.nc
hus1000_CSAM-3_ERA5_evaluation_r1i1p1f1_ICTP_RegCM5-0_v1-r1_1hr_200011230100-200011240000.nc
hus1000_CSAM-3_ERA5_evaluation_r1i1p1f1_ICTP_RegCM5-0_v1-r1_1hr_200011240100-200011250000.nc
hus1000_CSAM-3_ERA5_evaluation_r1i1p1f1_ICTP_RegCM5-0_v1-r1_1hr_200011250100-200011260000.nc
hus1000_CSAM-3_ERA5_evaluation_r1i1p1f1_ICTP_RegCM5-0_v1-r1_1hr_200011260100-200011270000.nc
hus1000_CSAM-3_ERA5_evaluation_r1i1p1f1_ICTP_RegCM5-0_v1-r1_1hr_200011270100-200011280000.nc
hus1000_CSAM-3_ERA5_evaluation_r1i1p1f1_ICTP_RegCM5-0_v1-r1_1hr_200011280100-200011290000.nc
hus1000_CSAM-3_ERA5_evaluation_r1i1p1f1_ICTP_RegCM5-0_v1-r1_1hr_200011290100-200011300000.nc
hus1000_CSAM-3_ERA5_evaluation_r1i1p1f1_ICTP_RegCM5-0_v1-r1_1hr_200011300100-200012010000.nc
hus1000_CSAM-3_ERA5_evaluation_r1i1p1f1_ICTP_RegCM5-0_v1-r1_1hr_200012010100-200012020000.nc
hus1000_CSAM-3_ERA5_evaluation_r1i1p1f1_ICTP_RegCM5-0_v1-r1_1hr_200012020100-200012030000.nc
hus1000_CSAM-3_ERA5_evaluation_r1i1p1f1_ICTP_RegCM5-0_v1-r1_1hr_200012030100-200012040000.nc
hus1000_CSAM-3_ERA5_evaluation_r1i1p1f1_ICTP_RegCM5-0_v1-r1_1hr_200012040100-200012050000.nc
hus1000_CSAM-3_ERA5_evaluation_r1i1p1f1_ICTP_RegCM5-0_v1-r1_1hr_200012050100-200012060000.nc
hus1000_CSAM-3_ERA5_evaluation_r1i1p1f1_ICTP_RegCM5-0_v1-r1_1hr_200012060100-200012070000.nc
hus1000_CSAM-3_ERA5_evaluation_r1i1p1f1_ICTP_RegCM5-0_v1-r1_1hr_200012070100-200012080000.nc
hus1000_CSAM-3_ERA5_evaluation_r1i1p1f1_ICTP_RegCM5-0_v1-r1_1hr_200012080100-200012090000.nc
hus1000_CSAM-3_ERA5_evaluation_r1i1p1f1_ICTP_RegCM5-0_v1-r1_1hr_200012090100-200012100000.nc
hus1000_CSAM-3_ERA5_evaluation_r1i1p1f1_ICTP_RegCM5-0_v1-r1_1hr_200012100100-200012110000.nc
hus1000_CSAM-3_ERA5_evaluation_r1i1p1f1_ICTP_RegCM5-0_v1-r1_1hr_200012110100-200012120000.nc
hus1000_CSAM-3_ERA5_evaluation_r1i1p1f1_ICTP_RegCM5-0_v1-r1_1hr_200012120100-200012130000.nc
hus1000_CSAM-3_ERA5_evaluation_r1i1p1f1_ICTP_RegCM5-0_v1-r1_1hr_200012130100-200012140000.nc
hus1000_CSAM-3_ERA5_evaluation_r1i1p1f1_ICTP_RegCM5-0_v1-r1_1hr_200012140100-200012150000.nc
hus1000_CSAM-3_ERA5_evaluation_r1i1p1f1_ICTP_RegCM5-0_v1-r1_1hr_200012150100-200012160000.nc
hus1000_CSAM-3_ERA5_evaluation_r1i1p1f1_ICTP_RegCM5-0_v1-r1_1hr_200012160100-200012170000.nc
hus1000_CSAM-3_ERA5_evaluation_r1i1p1f1_ICTP_RegCM5-0_v1-r1_1hr_200012170100-200012180000.nc
hus1000_CSAM-3_ERA5_evaluation_r1i1p1f1_ICTP_RegCM5-0_v1-r1_1hr_200012180100-200012190000.nc
hus1000_CSAM-3_ERA5_evaluation_r1i1p1f1_ICTP_RegCM5-0_v1-r1_1hr_200012190100-200012200000.nc
hus1000_CSAM-3_ERA5_evaluation_r1i1p1f1_ICTP_RegCM5-0_v1-r1_1hr_200012200100-200012210000.nc
hus1000_CSAM-3_ERA5_evaluation_r1i1p1f1_ICTP_RegCM5-0_v1-r1_1hr_200012210100-200012220000.nc
hus1000_CSAM-3_ERA5_evaluation_r1i1p1f1_ICTP_RegCM5-0_v1-r1_1hr_200012220100-200012230000.nc
hus1000_CSAM-3_ERA5_evaluation_r1i1p1f1_ICTP_RegCM5-0_v1-r1_1hr_200012230100-200012240000.nc
hus1000_CSAM-3_ERA5_evaluation_r1i1p1f1_ICTP_RegCM5-0_v1-r1_1hr_200012240100-200012250000.nc
hus1000_CSAM-3_ERA5_evaluation_r1i1p1f1_ICTP_RegCM5-0_v1-r1_1hr_200012250100-200012260000.nc
hus1000_CSAM-3_ERA5_evaluation_r1i1p1f1_ICTP_RegCM5-0_v1-r1_1hr_200012260100-200012270000.nc
hus1000_CSAM-3_ERA5_evaluation_r1i1p1f1_ICTP_RegCM5-0_v1-r1_1hr_200012270100-200012280000.nc
hus1000_CSAM-3_ERA5_evaluation_r1i1p1f1_ICTP_RegCM5-0_v1-r1_1hr_200012280100-200012290000.nc
hus1000_CSAM-3_ERA5_evaluation_r1i1p1f1_ICTP_RegCM5-0_v1-r1_1hr_200012290100-200012300000.nc
hus1000_CSAM-3_ERA5_evaluation_r1i1p1f1_ICTP_RegCM5-0_v1-r1_1hr_200012300100-200012310000.nc
hus1000_CSAM-3_ERA5_evaluation_r1i1p1f1_ICTP_RegCM5-0_v1-r1_1hr_200012310100-200101010000.nc
Files: hus200_CSAM-3_ERA5_evaluation_r1i1p1f1_ICTP_RegCM5-0_v1-r1_1hr_200001010100-200001020000.nc
hus200_CSAM-3_ERA5_evaluation_r1i1p1f1_ICTP_RegCM5-0_v1-r1_1hr_200001020100-200001030000.nc
hus200_CSAM-3_ERA5_evaluation_r1i1p1f1_ICTP_RegCM5-0_v1-r1_1hr_200001030100-200001040000.nc
hus200_CSAM-3_ERA5_evaluation_r1i1p1f1_ICTP_RegCM5-0_v1-r1_1hr_200001040100-200001050000.nc
hus200_CSAM-3_ERA5_evaluation_r1i1p1f1_ICTP_RegCM5-0_v1-r1_1hr_200001050100-200001060000.nc
hus200_CSAM-3_ERA5_evaluation_r1i1p1f1_ICTP_RegCM5-0_v1-r1_1hr_200001060100-200001070000.nc
hus200_CSAM-3_ERA5_evaluation_r1i1p1f1_ICTP_RegCM5-0_v1-r1_1hr_200001070100-200001080000.nc
hus200_CSAM-3_ERA5_evaluation_r1i1p1f1_ICTP_RegCM5-0_v1-r1_1hr_200001080100-200001090000.nc
hus200_CSAM-3_ERA5_evaluation_r1i1p1f1_ICTP_RegCM5-0_v1-r1_1hr_200001090100-200001100000.nc
hus200_CSAM-3_ERA5_evaluation_r1i1p1f1_ICTP_RegCM5-0_v1-r1_1hr_200001100100-200001110000.nc
hus200_CSAM-3_ERA5_evaluation_r1i1p1f1_ICTP_RegCM5-0_v1-r1_1hr_200001110100-200001120000.nc
hus200_CSAM-3_ERA5_evaluation_r1i1p1f1_ICTP_RegCM5-0_v1-r1_1hr_200001120100-200001130000.nc
hus200_CSAM-3_ERA5_evaluation_r1i1p1f1_ICTP_RegCM5-0_v1-r1_1hr_200001130100-200001140000.nc
hus200_CSAM-3_ERA5_evaluation_r1i1p1f1_ICTP_RegCM5-0_v1-r1_1hr_200001140100-200001150000.nc
hus200_CSAM-3_ERA5_evaluation_r1i1p1f1_ICTP_RegCM5-0_v1-r1_1hr_200001150100-200001160000.nc
hus200_CSAM-3_ERA5_evaluation_r1i1p1f1_ICTP_RegCM5-0_v1-r1_1hr_200001160100-200001170000.nc
hus200_CSAM-3_ERA5_evaluation_r1i1p1f1_ICTP_RegCM5-0_v1-r1_1hr_200001170100-200001180000.nc
hus200_CSAM-3_ERA5_evaluation_r1i1p1f1_ICTP_RegCM5-0_v1-r1_1hr_200001180100-200001190000.nc
hus200_CSAM-3_ERA5_evaluation_r1i1p1f1_ICTP_RegCM5-0_v1-r1_1hr_200001190100-200001200000.nc
hus200_CSAM-3_ERA5_evaluation_r1i1p1f1_ICTP_RegCM5-0_v1-r1_1hr_200001200100-200001210000.nc
hus200_CSAM-3_ERA5_evaluation_r1i1p1f1_ICTP_RegCM5-0_v1-r1_1hr_200001210100-200001220000.nc
hus200_CSAM-3_ERA5_evaluation_r1i1p1f1_ICTP_RegCM5-0_v1-r1_1hr_200001220100-200001230000.nc
hus200_CSAM-3_ERA5_evaluation_r1i1p1f1_ICTP_RegCM5-0_v1-r1_1hr_200001230100-200001240000.nc
hus200_CSAM-3_ERA5_evaluation_r1i1p1f1_ICTP_RegCM5-0_v1-r1_1hr_200001240100-200001250000.nc
hus200_CSAM-3_ERA5_evaluation_r1i1p1f1_ICTP_RegCM5-0_v1-r1_1hr_200001250100-200001260000.nc
hus200_CSAM-3_ERA5_evaluation_r1i1p1f1_ICTP_RegCM5-0_v1-r1_1hr_200001260100-200001270000.nc
hus200_CSAM-3_ERA5_evaluation_r1i1p1f1_ICTP_RegCM5-0_v1-r1_1hr_200001270100-200001280000.nc
hus200_CSAM-3_ERA5_evaluation_r1i1p1f1_ICTP_RegCM5-0_v1-r1_1hr_200001280100-200001290000.nc
hus200_CSAM-3_ERA5_evaluation_r1i1p1f1_ICTP_RegCM5-0_v1-r1_1hr_200001290100-200001300000.nc
hus200_CSAM-3_ERA5_evaluation_r1i1p1f1_ICTP_RegCM5-0_v1-r1_1hr_200001300100-200001310000.nc
hus200_CSAM-3_ERA5_evaluation_r1i1p1f1_ICTP_RegCM5-0_v1-r1_1hr_200001310100-200002010000.nc
hus200_CSAM-3_ERA5_evaluation_r1i1p1f1_ICTP_RegCM5-0_v1-r1_1hr_200002010100-200002020000.nc
hus200_CSAM-3_ERA5_evaluation_r1i1p1f1_ICTP_RegCM5-0_v1-r1_1hr_200002020100-200002030000.nc
hus200_CSAM-3_ERA5_evaluation_r1i1p1f1_ICTP_RegCM5-0_v1-r1_1hr_200002030100-200002040000.nc
hus200_CSAM-3_ERA5_evaluation_r1i1p1f1_ICTP_RegCM5-0_v1-r1_1hr_200002040100-200002050000.nc
hus200_CSAM-3_ERA5_evaluation_r1i1p1f1_ICTP_RegCM5-0_v1-r1_1hr_200002050100-200002060000.nc
hus200_CSAM-3_ERA5_evaluation_r1i1p1f1_ICTP_RegCM5-0_v1-r1_1hr_200002060100-200002070000.nc
hus200_CSAM-3_ERA5_evaluation_r1i1p1f1_ICTP_RegCM5-0_v1-r1_1hr_200002070100-200002080000.nc
hus200_CSAM-3_ERA5_evaluation_r1i1p1f1_ICTP_RegCM5-0_v1-r1_1hr_200002080100-200002090000.nc
hus200_CSAM-3_ERA5_evaluation_r1i1p1f1_ICTP_RegCM5-0_v1-r1_1hr_200002090100-200002100000.nc
hus200_CSAM-3_ERA5_evaluation_r1i1p1f1_ICTP_RegCM5-0_v1-r1_1hr_200002100100-200002110000.nc
hus200_CSAM-3_ERA5_evaluation_r1i1p1f1_ICTP_RegCM5-0_v1-r1_1hr_200002110100-200002120000.nc
hus200_CSAM-3_ERA5_evaluation_r1i1p1f1_ICTP_RegCM5-0_v1-r1_1hr_200002120100-200002130000.nc
hus200_CSAM-3_ERA5_evaluation_r1i1p1f1_ICTP_RegCM5-0_v1-r1_1hr_200002130100-200002140000.nc
hus200_CSAM-3_ERA5_evaluation_r1i1p1f1_ICTP_RegCM5-0_v1-r1_1hr_200002140100-200002150000.nc
hus200_CSAM-3_ERA5_evaluation_r1i1p1f1_ICTP_RegCM5-0_v1-r1_1hr_200002150100-200002160000.nc
hus200_CSAM-3_ERA5_evaluation_r1i1p1f1_ICTP_RegCM5-0_v1-r1_1hr_200002160100-200002170000.nc
hus200_CSAM-3_ERA5_evaluation_r1i1p1f1_ICTP_RegCM5-0_v1-r1_1hr_200002170100-200002180000.nc
hus200_CSAM-3_ERA5_evaluation_r1i1p1f1_ICTP_RegCM5-0_v1-r1_1hr_200002180100-200002190000.nc
hus200_CSAM-3_ERA5_evaluation_r1i1p1f1_ICTP_RegCM5-0_v1-r1_1hr_200002190100-200002200000.nc
hus200_CSAM-3_ERA5_evaluation_r1i1p1f1_ICTP_RegCM5-0_v1-r1_1hr_200002200100-200002210000.nc
hus200_CSAM-3_ERA5_evaluation_r1i1p1f1_ICTP_RegCM5-0_v1-r1_1hr_200002210100-200002220000.nc
hus200_CSAM-3_ERA5_evaluation_r1i1p1f1_ICTP_RegCM5-0_v1-r1_1hr_200002220100-200002230000.nc
hus200_CSAM-3_ERA5_evaluation_r1i1p1f1_ICTP_RegCM5-0_v1-r1_1hr_200002230100-200002240000.nc
hus200_CSAM-3_ERA5_evaluation_r1i1p1f1_ICTP_RegCM5-0_v1-r1_1hr_200002240100-200002250000.nc
hus200_CSAM-3_ERA5_evaluation_r1i1p1f1_ICTP_RegCM5-0_v1-r1_1hr_200002250100-200002260000.nc
hus200_CSAM-3_ERA5_evaluation_r1i1p1f1_ICTP_RegCM5-0_v1-r1_1hr_200002260100-200002270000.nc
hus200_CSAM-3_ERA5_evaluation_r1i1p1f1_ICTP_RegCM5-0_v1-r1_1hr_200002270100-200002280000.nc
hus200_CSAM-3_ERA5_evaluation_r1i1p1f1_ICTP_RegCM5-0_v1-r1_1hr_200002280100-200002290000.nc
hus200_CSAM-3_ERA5_evaluation_r1i1p1f1_ICTP_RegCM5-0_v1-r1_1hr_200002290100-200003010000.nc
hus200_CSAM-3_ERA5_evaluation_r1i1p1f1_ICTP_RegCM5-0_v1-r1_1hr_200003010100-200003020000.nc
hus200_CSAM-3_ERA5_evaluation_r1i1p1f1_ICTP_RegCM5-0_v1-r1_1hr_200003020100-200003030000.nc
hus200_CSAM-3_ERA5_evaluation_r1i1p1f1_ICTP_RegCM5-0_v1-r1_1hr_200003030100-200003040000.nc
hus200_CSAM-3_ERA5_evaluation_r1i1p1f1_ICTP_RegCM5-0_v1-r1_1hr_200003040100-200003050000.nc
hus200_CSAM-3_ERA5_evaluation_r1i1p1f1_ICTP_RegCM5-0_v1-r1_1hr_200003050100-200003060000.nc
hus200_CSAM-3_ERA5_evaluation_r1i1p1f1_ICTP_RegCM5-0_v1-r1_1hr_200003060100-200003070000.nc
hus200_CSAM-3_ERA5_evaluation_r1i1p1f1_ICTP_RegCM5-0_v1-r1_1hr_200003070100-200003080000.nc
hus200_CSAM-3_ERA5_evaluation_r1i1p1f1_ICTP_RegCM5-0_v1-r1_1hr_200003080100-200003090000.nc
hus200_CSAM-3_ERA5_evaluation_r1i1p1f1_ICTP_RegCM5-0_v1-r1_1hr_200003090100-200003100000.nc
hus200_CSAM-3_ERA5_evaluation_r1i1p1f1_ICTP_RegCM5-0_v1-r1_1hr_200003100100-200003110000.nc
hus200_CSAM-3_ERA5_evaluation_r1i1p1f1_ICTP_RegCM5-0_v1-r1_1hr_200003110100-200003120000.nc
hus200_CSAM-3_ERA5_evaluation_r1i1p1f1_ICTP_RegCM5-0_v1-r1_1hr_200003120100-200003130000.nc
hus200_CSAM-3_ERA5_evaluation_r1i1p1f1_ICTP_RegCM5-0_v1-r1_1hr_200003130100-200003140000.nc
hus200_CSAM-3_ERA5_evaluation_r1i1p1f1_ICTP_RegCM5-0_v1-r1_1hr_200003140100-200003150000.nc
hus200_CSAM-3_ERA5_evaluation_r1i1p1f1_ICTP_RegCM5-0_v1-r1_1hr_200003150100-200003160000.nc
hus200_CSAM-3_ERA5_evaluation_r1i1p1f1_ICTP_RegCM5-0_v1-r1_1hr_200003160100-200003170000.nc
hus200_CSAM-3_ERA5_evaluation_r1i1p1f1_ICTP_RegCM5-0_v1-r1_1hr_200003170100-200003180000.nc
hus200_CSAM-3_ERA5_evaluation_r1i1p1f1_ICTP_RegCM5-0_v1-r1_1hr_200003180100-200003190000.nc
hus200_CSAM-3_ERA5_evaluation_r1i1p1f1_ICTP_RegCM5-0_v1-r1_1hr_200003190100-200003200000.nc
hus200_CSAM-3_ERA5_evaluation_r1i1p1f1_ICTP_RegCM5-0_v1-r1_1hr_200003200100-200003210000.nc
hus200_CSAM-3_ERA5_evaluation_r1i1p1f1_ICTP_RegCM5-0_v1-r1_1hr_200003210100-200003220000.nc
hus200_CSAM-3_ERA5_evaluation_r1i1p1f1_ICTP_RegCM5-0_v1-r1_1hr_200003220100-200003230000.nc
hus200_CSAM-3_ERA5_evaluation_r1i1p1f1_ICTP_RegCM5-0_v1-r1_1hr_200003230100-200003240000.nc
hus200_CSAM-3_ERA5_evaluation_r1i1p1f1_ICTP_RegCM5-0_v1-r1_1hr_200003240100-200003250000.nc
hus200_CSAM-3_ERA5_evaluation_r1i1p1f1_ICTP_RegCM5-0_v1-r1_1hr_200003250100-200003260000.nc
hus200_CSAM-3_ERA5_evaluation_r1i1p1f1_ICTP_RegCM5-0_v1-r1_1hr_200003260100-200003270000.nc
hus200_CSAM-3_ERA5_evaluation_r1i1p1f1_ICTP_RegCM5-0_v1-r1_1hr_200003270100-200003280000.nc
hus200_CSAM-3_ERA5_evaluation_r1i1p1f1_ICTP_RegCM5-0_v1-r1_1hr_200003280100-200003290000.nc
hus200_CSAM-3_ERA5_evaluation_r1i1p1f1_ICTP_RegCM5-0_v1-r1_1hr_200003290100-200003300000.nc
hus200_CSAM-3_ERA5_evaluation_r1i1p1f1_ICTP_RegCM5-0_v1-r1_1hr_200003300100-200003310000.nc
hus200_CSAM-3_ERA5_evaluation_r1i1p1f1_ICTP_RegCM5-0_v1-r1_1hr_200003310100-200004010000.nc
hus200_CSAM-3_ERA5_evaluation_r1i1p1f1_ICTP_RegCM5-0_v1-r1_1hr_200004010100-200004020000.nc
hus200_CSAM-3_ERA5_evaluation_r1i1p1f1_ICTP_RegCM5-0_v1-r1_1hr_200004020100-200004030000.nc
hus200_CSAM-3_ERA5_evaluation_r1i1p1f1_ICTP_RegCM5-0_v1-r1_1hr_200004030100-200004040000.nc
hus200_CSAM-3_ERA5_evaluation_r1i1p1f1_ICTP_RegCM5-0_v1-r1_1hr_200004040100-200004050000.nc
hus200_CSAM-3_ERA5_evaluation_r1i1p1f1_ICTP_RegCM5-0_v1-r1_1hr_200004050100-200004060000.nc
hus200_CSAM-3_ERA5_evaluation_r1i1p1f1_ICTP_RegCM5-0_v1-r1_1hr_200004060100-200004070000.nc
hus200_CSAM-3_ERA5_evaluation_r1i1p1f1_ICTP_RegCM5-0_v1-r1_1hr_200004070100-200004080000.nc
hus200_CSAM-3_ERA5_evaluation_r1i1p1f1_ICTP_RegCM5-0_v1-r1_1hr_200004080100-200004090000.nc
hus200_CSAM-3_ERA5_evaluation_r1i1p1f1_ICTP_RegCM5-0_v1-r1_1hr_200004090100-200004100000.nc
hus200_CSAM-3_ERA5_evaluation_r1i1p1f1_ICTP_RegCM5-0_v1-r1_1hr_200004100100-200004110000.nc
hus200_CSAM-3_ERA5_evaluation_r1i1p1f1_ICTP_RegCM5-0_v1-r1_1hr_200004110100-200004120000.nc
hus200_CSAM-3_ERA5_evaluation_r1i1p1f1_ICTP_RegCM5-0_v1-r1_1hr_200004120100-200004130000.nc
hus200_CSAM-3_ERA5_evaluation_r1i1p1f1_ICTP_RegCM5-0_v1-r1_1hr_200004130100-200004140000.nc
hus200_CSAM-3_ERA5_evaluation_r1i1p1f1_ICTP_RegCM5-0_v1-r1_1hr_200004140100-200004150000.nc
hus200_CSAM-3_ERA5_evaluation_r1i1p1f1_ICTP_RegCM5-0_v1-r1_1hr_200004150100-200004160000.nc
hus200_CSAM-3_ERA5_evaluation_r1i1p1f1_ICTP_RegCM5-0_v1-r1_1hr_200004160100-200004170000.nc
hus200_CSAM-3_ERA5_evaluation_r1i1p1f1_ICTP_RegCM5-0_v1-r1_1hr_200004170100-200004180000.nc
hus200_CSAM-3_ERA5_evaluation_r1i1p1f1_ICTP_RegCM5-0_v1-r1_1hr_200004180100-200004190000.nc
hus200_CSAM-3_ERA5_evaluation_r1i1p1f1_ICTP_RegCM5-0_v1-r1_1hr_200004190100-200004200000.nc
hus200_CSAM-3_ERA5_evaluation_r1i1p1f1_ICTP_RegCM5-0_v1-r1_1hr_200004200100-200004210000.nc
hus200_CSAM-3_ERA5_evaluation_r1i1p1f1_ICTP_RegCM5-0_v1-r1_1hr_200004210100-200004220000.nc
hus200_CSAM-3_ERA5_evaluation_r1i1p1f1_ICTP_RegCM5-0_v1-r1_1hr_200004220100-200004230000.nc
hus200_CSAM-3_ERA5_evaluation_r1i1p1f1_ICTP_RegCM5-0_v1-r1_1hr_200004230100-200004240000.nc
hus200_CSAM-3_ERA5_evaluation_r1i1p1f1_ICTP_RegCM5-0_v1-r1_1hr_200004240100-200004250000.nc
hus200_CSAM-3_ERA5_evaluation_r1i1p1f1_ICTP_RegCM5-0_v1-r1_1hr_200004250100-200004260000.nc
hus200_CSAM-3_ERA5_evaluation_r1i1p1f1_ICTP_RegCM5-0_v1-r1_1hr_200004260100-200004270000.nc
hus200_CSAM-3_ERA5_evaluation_r1i1p1f1_ICTP_RegCM5-0_v1-r1_1hr_200004270100-200004280000.nc
hus200_CSAM-3_ERA5_evaluation_r1i1p1f1_ICTP_RegCM5-0_v1-r1_1hr_200004280100-200004290000.nc
hus200_CSAM-3_ERA5_evaluation_r1i1p1f1_ICTP_RegCM5-0_v1-r1_1hr_200004290100-200004300000.nc
hus200_CSAM-3_ERA5_evaluation_r1i1p1f1_ICTP_RegCM5-0_v1-r1_1hr_200004300100-200005010000.nc
hus200_CSAM-3_ERA5_evaluation_r1i1p1f1_ICTP_RegCM5-0_v1-r1_1hr_200005010100-200005020000.nc
hus200_CSAM-3_ERA5_evaluation_r1i1p1f1_ICTP_RegCM5-0_v1-r1_1hr_200005020100-200005030000.nc
hus200_CSAM-3_ERA5_evaluation_r1i1p1f1_ICTP_RegCM5-0_v1-r1_1hr_200005030100-200005040000.nc
hus200_CSAM-3_ERA5_evaluation_r1i1p1f1_ICTP_RegCM5-0_v1-r1_1hr_200005040100-200005050000.nc
hus200_CSAM-3_ERA5_evaluation_r1i1p1f1_ICTP_RegCM5-0_v1-r1_1hr_200005050100-200005060000.nc
hus200_CSAM-3_ERA5_evaluation_r1i1p1f1_ICTP_RegCM5-0_v1-r1_1hr_200005060100-200005070000.nc
hus200_CSAM-3_ERA5_evaluation_r1i1p1f1_ICTP_RegCM5-0_v1-r1_1hr_200005070100-200005080000.nc
hus200_CSAM-3_ERA5_evaluation_r1i1p1f1_ICTP_RegCM5-0_v1-r1_1hr_200005080100-200005090000.nc
hus200_CSAM-3_ERA5_evaluation_r1i1p1f1_ICTP_RegCM5-0_v1-r1_1hr_200005090100-200005100000.nc
hus200_CSAM-3_ERA5_evaluation_r1i1p1f1_ICTP_RegCM5-0_v1-r1_1hr_200005100100-200005110000.nc
hus200_CSAM-3_ERA5_evaluation_r1i1p1f1_ICTP_RegCM5-0_v1-r1_1hr_200005110100-200005120000.nc
hus200_CSAM-3_ERA5_evaluation_r1i1p1f1_ICTP_RegCM5-0_v1-r1_1hr_200005120100-200005130000.nc
hus200_CSAM-3_ERA5_evaluation_r1i1p1f1_ICTP_RegCM5-0_v1-r1_1hr_200005130100-200005140000.nc
hus200_CSAM-3_ERA5_evaluation_r1i1p1f1_ICTP_RegCM5-0_v1-r1_1hr_200005140100-200005150000.nc
hus200_CSAM-3_ERA5_evaluation_r1i1p1f1_ICTP_RegCM5-0_v1-r1_1hr_200005150100-200005160000.nc
hus200_CSAM-3_ERA5_evaluation_r1i1p1f1_ICTP_RegCM5-0_v1-r1_1hr_200005160100-200005170000.nc
hus200_CSAM-3_ERA5_evaluation_r1i1p1f1_ICTP_RegCM5-0_v1-r1_1hr_200005170100-200005180000.nc
hus200_CSAM-3_ERA5_evaluation_r1i1p1f1_ICTP_RegCM5-0_v1-r1_1hr_200005180100-200005190000.nc
hus200_CSAM-3_ERA5_evaluation_r1i1p1f1_ICTP_RegCM5-0_v1-r1_1hr_200005190100-200005200000.nc
hus200_CSAM-3_ERA5_evaluation_r1i1p1f1_ICTP_RegCM5-0_v1-r1_1hr_200005200100-200005210000.nc
hus200_CSAM-3_ERA5_evaluation_r1i1p1f1_ICTP_RegCM5-0_v1-r1_1hr_200005210100-200005220000.nc
hus200_CSAM-3_ERA5_evaluation_r1i1p1f1_ICTP_RegCM5-0_v1-r1_1hr_200005220100-200005230000.nc
hus200_CSAM-3_ERA5_evaluation_r1i1p1f1_ICTP_RegCM5-0_v1-r1_1hr_200005230100-200005240000.nc
hus200_CSAM-3_ERA5_evaluation_r1i1p1f1_ICTP_RegCM5-0_v1-r1_1hr_200005240100-200005250000.nc
hus200_CSAM-3_ERA5_evaluation_r1i1p1f1_ICTP_RegCM5-0_v1-r1_1hr_200005250100-200005260000.nc
hus200_CSAM-3_ERA5_evaluation_r1i1p1f1_ICTP_RegCM5-0_v1-r1_1hr_200005260100-200005270000.nc
hus200_CSAM-3_ERA5_evaluation_r1i1p1f1_ICTP_RegCM5-0_v1-r1_1hr_200005270100-200005280000.nc
hus200_CSAM-3_ERA5_evaluation_r1i1p1f1_ICTP_RegCM5-0_v1-r1_1hr_200005280100-200005290000.nc
hus200_CSAM-3_ERA5_evaluation_r1i1p1f1_ICTP_RegCM5-0_v1-r1_1hr_200005290100-200005300000.nc
hus200_CSAM-3_ERA5_evaluation_r1i1p1f1_ICTP_RegCM5-0_v1-r1_1hr_200005300100-200005310000.nc
hus200_CSAM-3_ERA5_evaluation_r1i1p1f1_ICTP_RegCM5-0_v1-r1_1hr_200005310100-200006010000.nc
hus200_CSAM-3_ERA5_evaluation_r1i1p1f1_ICTP_RegCM5-0_v1-r1_1hr_200006010100-200006020000.nc
hus200_CSAM-3_ERA5_evaluation_r1i1p1f1_ICTP_RegCM5-0_v1-r1_1hr_200006020100-200006030000.nc
hus200_CSAM-3_ERA5_evaluation_r1i1p1f1_ICTP_RegCM5-0_v1-r1_1hr_200006030100-200006040000.nc
hus200_CSAM-3_ERA5_evaluation_r1i1p1f1_ICTP_RegCM5-0_v1-r1_1hr_200006040100-200006050000.nc
hus200_CSAM-3_ERA5_evaluation_r1i1p1f1_ICTP_RegCM5-0_v1-r1_1hr_200006050100-200006060000.nc
hus200_CSAM-3_ERA5_evaluation_r1i1p1f1_ICTP_RegCM5-0_v1-r1_1hr_200006060100-200006070000.nc
hus200_CSAM-3_ERA5_evaluation_r1i1p1f1_ICTP_RegCM5-0_v1-r1_1hr_200006070100-200006080000.nc
hus200_CSAM-3_ERA5_evaluation_r1i1p1f1_ICTP_RegCM5-0_v1-r1_1hr_200006080100-200006090000.nc
hus200_CSAM-3_ERA5_evaluation_r1i1p1f1_ICTP_RegCM5-0_v1-r1_1hr_200006090100-200006100000.nc
hus200_CSAM-3_ERA5_evaluation_r1i1p1f1_ICTP_RegCM5-0_v1-r1_1hr_200006100100-200006110000.nc
hus200_CSAM-3_ERA5_evaluation_r1i1p1f1_ICTP_RegCM5-0_v1-r1_1hr_200006110100-200006120000.nc
hus200_CSAM-3_ERA5_evaluation_r1i1p1f1_ICTP_RegCM5-0_v1-r1_1hr_200006120100-200006130000.nc
hus200_CSAM-3_ERA5_evaluation_r1i1p1f1_ICTP_RegCM5-0_v1-r1_1hr_200006130100-200006140000.nc
hus200_CSAM-3_ERA5_evaluation_r1i1p1f1_ICTP_RegCM5-0_v1-r1_1hr_200006140100-200006150000.nc
hus200_CSAM-3_ERA5_evaluation_r1i1p1f1_ICTP_RegCM5-0_v1-r1_1hr_200006150100-200006160000.nc
hus200_CSAM-3_ERA5_evaluation_r1i1p1f1_ICTP_RegCM5-0_v1-r1_1hr_200006160100-200006170000.nc
hus200_CSAM-3_ERA5_evaluation_r1i1p1f1_ICTP_RegCM5-0_v1-r1_1hr_200006170100-200006180000.nc
hus200_CSAM-3_ERA5_evaluation_r1i1p1f1_ICTP_RegCM5-0_v1-r1_1hr_200006180100-200006190000.nc
hus200_CSAM-3_ERA5_evaluation_r1i1p1f1_ICTP_RegCM5-0_v1-r1_1hr_200006190100-200006200000.nc
hus200_CSAM-3_ERA5_evaluation_r1i1p1f1_ICTP_RegCM5-0_v1-r1_1hr_200006200100-200006210000.nc
hus200_CSAM-3_ERA5_evaluation_r1i1p1f1_ICTP_RegCM5-0_v1-r1_1hr_200006210100-200006220000.nc
hus200_CSAM-3_ERA5_evaluation_r1i1p1f1_ICTP_RegCM5-0_v1-r1_1hr_200006220100-200006230000.nc
hus200_CSAM-3_ERA5_evaluation_r1i1p1f1_ICTP_RegCM5-0_v1-r1_1hr_200006230100-200006240000.nc
hus200_CSAM-3_ERA5_evaluation_r1i1p1f1_ICTP_RegCM5-0_v1-r1_1hr_200006240100-200006250000.nc
hus200_CSAM-3_ERA5_evaluation_r1i1p1f1_ICTP_RegCM5-0_v1-r1_1hr_200006250100-200006260000.nc
hus200_CSAM-3_ERA5_evaluation_r1i1p1f1_ICTP_RegCM5-0_v1-r1_1hr_200006260100-200006270000.nc
hus200_CSAM-3_ERA5_evaluation_r1i1p1f1_ICTP_RegCM5-0_v1-r1_1hr_200006270100-200006280000.nc
hus200_CSAM-3_ERA5_evaluation_r1i1p1f1_ICTP_RegCM5-0_v1-r1_1hr_200006280100-200006290000.nc
hus200_CSAM-3_ERA5_evaluation_r1i1p1f1_ICTP_RegCM5-0_v1-r1_1hr_200006290100-200006300000.nc
hus200_CSAM-3_ERA5_evaluation_r1i1p1f1_ICTP_RegCM5-0_v1-r1_1hr_200006300100-200007010000.nc
hus200_CSAM-3_ERA5_evaluation_r1i1p1f1_ICTP_RegCM5-0_v1-r1_1hr_200007010100-200007020000.nc
hus200_CSAM-3_ERA5_evaluation_r1i1p1f1_ICTP_RegCM5-0_v1-r1_1hr_200007020100-200007030000.nc
hus200_CSAM-3_ERA5_evaluation_r1i1p1f1_ICTP_RegCM5-0_v1-r1_1hr_200007030100-200007040000.nc
hus200_CSAM-3_ERA5_evaluation_r1i1p1f1_ICTP_RegCM5-0_v1-r1_1hr_200007040100-200007050000.nc
hus200_CSAM-3_ERA5_evaluation_r1i1p1f1_ICTP_RegCM5-0_v1-r1_1hr_200007050100-200007060000.nc
hus200_CSAM-3_ERA5_evaluation_r1i1p1f1_ICTP_RegCM5-0_v1-r1_1hr_200007060100-200007070000.nc
hus200_CSAM-3_ERA5_evaluation_r1i1p1f1_ICTP_RegCM5-0_v1-r1_1hr_200007070100-200007080000.nc
hus200_CSAM-3_ERA5_evaluation_r1i1p1f1_ICTP_RegCM5-0_v1-r1_1hr_200007080100-200007090000.nc
hus200_CSAM-3_ERA5_evaluation_r1i1p1f1_ICTP_RegCM5-0_v1-r1_1hr_200007090100-200007100000.nc
hus200_CSAM-3_ERA5_evaluation_r1i1p1f1_ICTP_RegCM5-0_v1-r1_1hr_200007100100-200007110000.nc
hus200_CSAM-3_ERA5_evaluation_r1i1p1f1_ICTP_RegCM5-0_v1-r1_1hr_200007110100-200007120000.nc
hus200_CSAM-3_ERA5_evaluation_r1i1p1f1_ICTP_RegCM5-0_v1-r1_1hr_200007120100-200007130000.nc
hus200_CSAM-3_ERA5_evaluation_r1i1p1f1_ICTP_RegCM5-0_v1-r1_1hr_200007130100-200007140000.nc
hus200_CSAM-3_ERA5_evaluation_r1i1p1f1_ICTP_RegCM5-0_v1-r1_1hr_200007140100-200007150000.nc
hus200_CSAM-3_ERA5_evaluation_r1i1p1f1_ICTP_RegCM5-0_v1-r1_1hr_200007150100-200007160000.nc
hus200_CSAM-3_ERA5_evaluation_r1i1p1f1_ICTP_RegCM5-0_v1-r1_1hr_200007160100-200007170000.nc
hus200_CSAM-3_ERA5_evaluation_r1i1p1f1_ICTP_RegCM5-0_v1-r1_1hr_200007170100-200007180000.nc
hus200_CSAM-3_ERA5_evaluation_r1i1p1f1_ICTP_RegCM5-0_v1-r1_1hr_200007180100-200007190000.nc
hus200_CSAM-3_ERA5_evaluation_r1i1p1f1_ICTP_RegCM5-0_v1-r1_1hr_200007190100-200007200000.nc
hus200_CSAM-3_ERA5_evaluation_r1i1p1f1_ICTP_RegCM5-0_v1-r1_1hr_200007200100-200007210000.nc
hus200_CSAM-3_ERA5_evaluation_r1i1p1f1_ICTP_RegCM5-0_v1-r1_1hr_200007210100-200007220000.nc
hus200_CSAM-3_ERA5_evaluation_r1i1p1f1_ICTP_RegCM5-0_v1-r1_1hr_200007220100-200007230000.nc
hus200_CSAM-3_ERA5_evaluation_r1i1p1f1_ICTP_RegCM5-0_v1-r1_1hr_200007230100-200007240000.nc
hus200_CSAM-3_ERA5_evaluation_r1i1p1f1_ICTP_RegCM5-0_v1-r1_1hr_200007240100-200007250000.nc
hus200_CSAM-3_ERA5_evaluation_r1i1p1f1_ICTP_RegCM5-0_v1-r1_1hr_200007250100-200007260000.nc
hus200_CSAM-3_ERA5_evaluation_r1i1p1f1_ICTP_RegCM5-0_v1-r1_1hr_200007260100-200007270000.nc
hus200_CSAM-3_ERA5_evaluation_r1i1p1f1_ICTP_RegCM5-0_v1-r1_1hr_200007270100-200007280000.nc
hus200_CSAM-3_ERA5_evaluation_r1i1p1f1_ICTP_RegCM5-0_v1-r1_1hr_200007280100-200007290000.nc
hus200_CSAM-3_ERA5_evaluation_r1i1p1f1_ICTP_RegCM5-0_v1-r1_1hr_200007290100-200007300000.nc
hus200_CSAM-3_ERA5_evaluation_r1i1p1f1_ICTP_RegCM5-0_v1-r1_1hr_200007300100-200007310000.nc
hus200_CSAM-3_ERA5_evaluation_r1i1p1f1_ICTP_RegCM5-0_v1-r1_1hr_200007310100-200008010000.nc
hus200_CSAM-3_ERA5_evaluation_r1i1p1f1_ICTP_RegCM5-0_v1-r1_1hr_200008010100-200008020000.nc
hus200_CSAM-3_ERA5_evaluation_r1i1p1f1_ICTP_RegCM5-0_v1-r1_1hr_200008020100-200008030000.nc
hus200_CSAM-3_ERA5_evaluation_r1i1p1f1_ICTP_RegCM5-0_v1-r1_1hr_200008030100-200008040000.nc
hus200_CSAM-3_ERA5_evaluation_r1i1p1f1_ICTP_RegCM5-0_v1-r1_1hr_200008040100-200008050000.nc
hus200_CSAM-3_ERA5_evaluation_r1i1p1f1_ICTP_RegCM5-0_v1-r1_1hr_200008050100-200008060000.nc
hus200_CSAM-3_ERA5_evaluation_r1i1p1f1_ICTP_RegCM5-0_v1-r1_1hr_200008060100-200008070000.nc
hus200_CSAM-3_ERA5_evaluation_r1i1p1f1_ICTP_RegCM5-0_v1-r1_1hr_200008070100-200008080000.nc
hus200_CSAM-3_ERA5_evaluation_r1i1p1f1_ICTP_RegCM5-0_v1-r1_1hr_200008080100-200008090000.nc
hus200_CSAM-3_ERA5_evaluation_r1i1p1f1_ICTP_RegCM5-0_v1-r1_1hr_200008090100-200008100000.nc
hus200_CSAM-3_ERA5_evaluation_r1i1p1f1_ICTP_RegCM5-0_v1-r1_1hr_200008100100-200008110000.nc
hus200_CSAM-3_ERA5_evaluation_r1i1p1f1_ICTP_RegCM5-0_v1-r1_1hr_200008110100-200008120000.nc
hus200_CSAM-3_ERA5_evaluation_r1i1p1f1_ICTP_RegCM5-0_v1-r1_1hr_200008120100-200008130000.nc
hus200_CSAM-3_ERA5_evaluation_r1i1p1f1_ICTP_RegCM5-0_v1-r1_1hr_200008130100-200008140000.nc
hus200_CSAM-3_ERA5_evaluation_r1i1p1f1_ICTP_RegCM5-0_v1-r1_1hr_200008140100-200008150000.nc
hus200_CSAM-3_ERA5_evaluation_r1i1p1f1_ICTP_RegCM5-0_v1-r1_1hr_200008150100-200008160000.nc
hus200_CSAM-3_ERA5_evaluation_r1i1p1f1_ICTP_RegCM5-0_v1-r1_1hr_200008160100-200008170000.nc
hus200_CSAM-3_ERA5_evaluation_r1i1p1f1_ICTP_RegCM5-0_v1-r1_1hr_200008170100-200008180000.nc
hus200_CSAM-3_ERA5_evaluation_r1i1p1f1_ICTP_RegCM5-0_v1-r1_1hr_200008180100-200008190000.nc
hus200_CSAM-3_ERA5_evaluation_r1i1p1f1_ICTP_RegCM5-0_v1-r1_1hr_200008190100-200008200000.nc
hus200_CSAM-3_ERA5_evaluation_r1i1p1f1_ICTP_RegCM5-0_v1-r1_1hr_200008200100-200008210000.nc
hus200_CSAM-3_ERA5_evaluation_r1i1p1f1_ICTP_RegCM5-0_v1-r1_1hr_200008210100-200008220000.nc
hus200_CSAM-3_ERA5_evaluation_r1i1p1f1_ICTP_RegCM5-0_v1-r1_1hr_200008220100-200008230000.nc
hus200_CSAM-3_ERA5_evaluation_r1i1p1f1_ICTP_RegCM5-0_v1-r1_1hr_200008230100-200008240000.nc
hus200_CSAM-3_ERA5_evaluation_r1i1p1f1_ICTP_RegCM5-0_v1-r1_1hr_200008240100-200008250000.nc
hus200_CSAM-3_ERA5_evaluation_r1i1p1f1_ICTP_RegCM5-0_v1-r1_1hr_200008250100-200008260000.nc
hus200_CSAM-3_ERA5_evaluation_r1i1p1f1_ICTP_RegCM5-0_v1-r1_1hr_200008260100-200008270000.nc
hus200_CSAM-3_ERA5_evaluation_r1i1p1f1_ICTP_RegCM5-0_v1-r1_1hr_200008270100-200008280000.nc
hus200_CSAM-3_ERA5_evaluation_r1i1p1f1_ICTP_RegCM5-0_v1-r1_1hr_200008280100-200008290000.nc
hus200_CSAM-3_ERA5_evaluation_r1i1p1f1_ICTP_RegCM5-0_v1-r1_1hr_200008290100-200008300000.nc
hus200_CSAM-3_ERA5_evaluation_r1i1p1f1_ICTP_RegCM5-0_v1-r1_1hr_200008300100-200008310000.nc
hus200_CSAM-3_ERA5_evaluation_r1i1p1f1_ICTP_RegCM5-0_v1-r1_1hr_200008310100-200009010000.nc
hus200_CSAM-3_ERA5_evaluation_r1i1p1f1_ICTP_RegCM5-0_v1-r1_1hr_200009010100-200009020000.nc
hus200_CSAM-3_ERA5_evaluation_r1i1p1f1_ICTP_RegCM5-0_v1-r1_1hr_200009020100-200009030000.nc
hus200_CSAM-3_ERA5_evaluation_r1i1p1f1_ICTP_RegCM5-0_v1-r1_1hr_200009030100-200009040000.nc
hus200_CSAM-3_ERA5_evaluation_r1i1p1f1_ICTP_RegCM5-0_v1-r1_1hr_200009040100-200009050000.nc
hus200_CSAM-3_ERA5_evaluation_r1i1p1f1_ICTP_RegCM5-0_v1-r1_1hr_200009050100-200009060000.nc
hus200_CSAM-3_ERA5_evaluation_r1i1p1f1_ICTP_RegCM5-0_v1-r1_1hr_200009060100-200009070000.nc
hus200_CSAM-3_ERA5_evaluation_r1i1p1f1_ICTP_RegCM5-0_v1-r1_1hr_200009070100-200009080000.nc
hus200_CSAM-3_ERA5_evaluation_r1i1p1f1_ICTP_RegCM5-0_v1-r1_1hr_200009080100-200009090000.nc
hus200_CSAM-3_ERA5_evaluation_r1i1p1f1_ICTP_RegCM5-0_v1-r1_1hr_200009090100-200009100000.nc
hus200_CSAM-3_ERA5_evaluation_r1i1p1f1_ICTP_RegCM5-0_v1-r1_1hr_200009100100-200009110000.nc
hus200_CSAM-3_ERA5_evaluation_r1i1p1f1_ICTP_RegCM5-0_v1-r1_1hr_200009110100-200009120000.nc
hus200_CSAM-3_ERA5_evaluation_r1i1p1f1_ICTP_RegCM5-0_v1-r1_1hr_200009120100-200009130000.nc
hus200_CSAM-3_ERA5_evaluation_r1i1p1f1_ICTP_RegCM5-0_v1-r1_1hr_200009130100-200009140000.nc
hus200_CSAM-3_ERA5_evaluation_r1i1p1f1_ICTP_RegCM5-0_v1-r1_1hr_200009140100-200009150000.nc
hus200_CSAM-3_ERA5_evaluation_r1i1p1f1_ICTP_RegCM5-0_v1-r1_1hr_200009150100-200009160000.nc
hus200_CSAM-3_ERA5_evaluation_r1i1p1f1_ICTP_RegCM5-0_v1-r1_1hr_200009160100-200009170000.nc
hus200_CSAM-3_ERA5_evaluation_r1i1p1f1_ICTP_RegCM5-0_v1-r1_1hr_200009170100-200009180000.nc
hus200_CSAM-3_ERA5_evaluation_r1i1p1f1_ICTP_RegCM5-0_v1-r1_1hr_200009180100-200009190000.nc
hus200_CSAM-3_ERA5_evaluation_r1i1p1f1_ICTP_RegCM5-0_v1-r1_1hr_200009190100-200009200000.nc
hus200_CSAM-3_ERA5_evaluation_r1i1p1f1_ICTP_RegCM5-0_v1-r1_1hr_200009200100-200009210000.nc
hus200_CSAM-3_ERA5_evaluation_r1i1p1f1_ICTP_RegCM5-0_v1-r1_1hr_200009210100-200009220000.nc
hus200_CSAM-3_ERA5_evaluation_r1i1p1f1_ICTP_RegCM5-0_v1-r1_1hr_200009220100-200009230000.nc
hus200_CSAM-3_ERA5_evaluation_r1i1p1f1_ICTP_RegCM5-0_v1-r1_1hr_200009230100-200009240000.nc
hus200_CSAM-3_ERA5_evaluation_r1i1p1f1_ICTP_RegCM5-0_v1-r1_1hr_200009240100-200009250000.nc
hus200_CSAM-3_ERA5_evaluation_r1i1p1f1_ICTP_RegCM5-0_v1-r1_1hr_200009250100-200009260000.nc
hus200_CSAM-3_ERA5_evaluation_r1i1p1f1_ICTP_RegCM5-0_v1-r1_1hr_200009260100-200009270000.nc
hus200_CSAM-3_ERA5_evaluation_r1i1p1f1_ICTP_RegCM5-0_v1-r1_1hr_200009270100-200009280000.nc
hus200_CSAM-3_ERA5_evaluation_r1i1p1f1_ICTP_RegCM5-0_v1-r1_1hr_200009280100-200009290000.nc
hus200_CSAM-3_ERA5_evaluation_r1i1p1f1_ICTP_RegCM5-0_v1-r1_1hr_200009290100-200009300000.nc
hus200_CSAM-3_ERA5_evaluation_r1i1p1f1_ICTP_RegCM5-0_v1-r1_1hr_200009300100-200010010000.nc
hus200_CSAM-3_ERA5_evaluation_r1i1p1f1_ICTP_RegCM5-0_v1-r1_1hr_200010010100-200010020000.nc
hus200_CSAM-3_ERA5_evaluation_r1i1p1f1_ICTP_RegCM5-0_v1-r1_1hr_200010020100-200010030000.nc
hus200_CSAM-3_ERA5_evaluation_r1i1p1f1_ICTP_RegCM5-0_v1-r1_1hr_200010030100-200010040000.nc
hus200_CSAM-3_ERA5_evaluation_r1i1p1f1_ICTP_RegCM5-0_v1-r1_1hr_200010040100-200010050000.nc
hus200_CSAM-3_ERA5_evaluation_r1i1p1f1_ICTP_RegCM5-0_v1-r1_1hr_200010050100-200010060000.nc
hus200_CSAM-3_ERA5_evaluation_r1i1p1f1_ICTP_RegCM5-0_v1-r1_1hr_200010060100-200010070000.nc
hus200_CSAM-3_ERA5_evaluation_r1i1p1f1_ICTP_RegCM5-0_v1-r1_1hr_200010070100-200010080000.nc
hus200_CSAM-3_ERA5_evaluation_r1i1p1f1_ICTP_RegCM5-0_v1-r1_1hr_200010080100-200010090000.nc
hus200_CSAM-3_ERA5_evaluation_r1i1p1f1_ICTP_RegCM5-0_v1-r1_1hr_200010090100-200010100000.nc
hus200_CSAM-3_ERA5_evaluation_r1i1p1f1_ICTP_RegCM5-0_v1-r1_1hr_200010100100-200010110000.nc
hus200_CSAM-3_ERA5_evaluation_r1i1p1f1_ICTP_RegCM5-0_v1-r1_1hr_200010110100-200010120000.nc
hus200_CSAM-3_ERA5_evaluation_r1i1p1f1_ICTP_RegCM5-0_v1-r1_1hr_200010120100-200010130000.nc
hus200_CSAM-3_ERA5_evaluation_r1i1p1f1_ICTP_RegCM5-0_v1-r1_1hr_200010130100-200010140000.nc
hus200_CSAM-3_ERA5_evaluation_r1i1p1f1_ICTP_RegCM5-0_v1-r1_1hr_200010140100-200010150000.nc
hus200_CSAM-3_ERA5_evaluation_r1i1p1f1_ICTP_RegCM5-0_v1-r1_1hr_200010150100-200010160000.nc
hus200_CSAM-3_ERA5_evaluation_r1i1p1f1_ICTP_RegCM5-0_v1-r1_1hr_200010160100-200010170000.nc
hus200_CSAM-3_ERA5_evaluation_r1i1p1f1_ICTP_RegCM5-0_v1-r1_1hr_200010170100-200010180000.nc
hus200_CSAM-3_ERA5_evaluation_r1i1p1f1_ICTP_RegCM5-0_v1-r1_1hr_200010180100-200010190000.nc
hus200_CSAM-3_ERA5_evaluation_r1i1p1f1_ICTP_RegCM5-0_v1-r1_1hr_200010190100-200010200000.nc
hus200_CSAM-3_ERA5_evaluation_r1i1p1f1_ICTP_RegCM5-0_v1-r1_1hr_200010200100-200010210000.nc
hus200_CSAM-3_ERA5_evaluation_r1i1p1f1_ICTP_RegCM5-0_v1-r1_1hr_200010210100-200010220000.nc
hus200_CSAM-3_ERA5_evaluation_r1i1p1f1_ICTP_RegCM5-0_v1-r1_1hr_200010220100-200010230000.nc
hus200_CSAM-3_ERA5_evaluation_r1i1p1f1_ICTP_RegCM5-0_v1-r1_1hr_200010230100-200010240000.nc
hus200_CSAM-3_ERA5_evaluation_r1i1p1f1_ICTP_RegCM5-0_v1-r1_1hr_200010240100-200010250000.nc
hus200_CSAM-3_ERA5_evaluation_r1i1p1f1_ICTP_RegCM5-0_v1-r1_1hr_200010250100-200010260000.nc
hus200_CSAM-3_ERA5_evaluation_r1i1p1f1_ICTP_RegCM5-0_v1-r1_1hr_200010260100-200010270000.nc
hus200_CSAM-3_ERA5_evaluation_r1i1p1f1_ICTP_RegCM5-0_v1-r1_1hr_200010270100-200010280000.nc
hus200_CSAM-3_ERA5_evaluation_r1i1p1f1_ICTP_RegCM5-0_v1-r1_1hr_200010280100-200010290000.nc
hus200_CSAM-3_ERA5_evaluation_r1i1p1f1_ICTP_RegCM5-0_v1-r1_1hr_200010290100-200010300000.nc
hus200_CSAM-3_ERA5_evaluation_r1i1p1f1_ICTP_RegCM5-0_v1-r1_1hr_200010300100-200010310000.nc
hus200_CSAM-3_ERA5_evaluation_r1i1p1f1_ICTP_RegCM5-0_v1-r1_1hr_200010310100-200011010000.nc
hus200_CSAM-3_ERA5_evaluation_r1i1p1f1_ICTP_RegCM5-0_v1-r1_1hr_200011010100-200011020000.nc
hus200_CSAM-3_ERA5_evaluation_r1i1p1f1_ICTP_RegCM5-0_v1-r1_1hr_200011020100-200011030000.nc
hus200_CSAM-3_ERA5_evaluation_r1i1p1f1_ICTP_RegCM5-0_v1-r1_1hr_200011030100-200011040000.nc
hus200_CSAM-3_ERA5_evaluation_r1i1p1f1_ICTP_RegCM5-0_v1-r1_1hr_200011040100-200011050000.nc
hus200_CSAM-3_ERA5_evaluation_r1i1p1f1_ICTP_RegCM5-0_v1-r1_1hr_200011050100-200011060000.nc
hus200_CSAM-3_ERA5_evaluation_r1i1p1f1_ICTP_RegCM5-0_v1-r1_1hr_200011060100-200011070000.nc
hus200_CSAM-3_ERA5_evaluation_r1i1p1f1_ICTP_RegCM5-0_v1-r1_1hr_200011070100-200011080000.nc
hus200_CSAM-3_ERA5_evaluation_r1i1p1f1_ICTP_RegCM5-0_v1-r1_1hr_200011080100-200011090000.nc
hus200_CSAM-3_ERA5_evaluation_r1i1p1f1_ICTP_RegCM5-0_v1-r1_1hr_200011090100-200011100000.nc
hus200_CSAM-3_ERA5_evaluation_r1i1p1f1_ICTP_RegCM5-0_v1-r1_1hr_200011100100-200011110000.nc
hus200_CSAM-3_ERA5_evaluation_r1i1p1f1_ICTP_RegCM5-0_v1-r1_1hr_200011110100-200011120000.nc
hus200_CSAM-3_ERA5_evaluation_r1i1p1f1_ICTP_RegCM5-0_v1-r1_1hr_200011120100-200011130000.nc
hus200_CSAM-3_ERA5_evaluation_r1i1p1f1_ICTP_RegCM5-0_v1-r1_1hr_200011130100-200011140000.nc
hus200_CSAM-3_ERA5_evaluation_r1i1p1f1_ICTP_RegCM5-0_v1-r1_1hr_200011140100-200011150000.nc
hus200_CSAM-3_ERA5_evaluation_r1i1p1f1_ICTP_RegCM5-0_v1-r1_1hr_200011150100-200011160000.nc
hus200_CSAM-3_ERA5_evaluation_r1i1p1f1_ICTP_RegCM5-0_v1-r1_1hr_200011160100-200011170000.nc
hus200_CSAM-3_ERA5_evaluation_r1i1p1f1_ICTP_RegCM5-0_v1-r1_1hr_200011170100-200011180000.nc
hus200_CSAM-3_ERA5_evaluation_r1i1p1f1_ICTP_RegCM5-0_v1-r1_1hr_200011180100-200011190000.nc
hus200_CSAM-3_ERA5_evaluation_r1i1p1f1_ICTP_RegCM5-0_v1-r1_1hr_200011190100-200011200000.nc
hus200_CSAM-3_ERA5_evaluation_r1i1p1f1_ICTP_RegCM5-0_v1-r1_1hr_200011200100-200011210000.nc
hus200_CSAM-3_ERA5_evaluation_r1i1p1f1_ICTP_RegCM5-0_v1-r1_1hr_200011210100-200011220000.nc
hus200_CSAM-3_ERA5_evaluation_r1i1p1f1_ICTP_RegCM5-0_v1-r1_1hr_200011220100-200011230000.nc
hus200_CSAM-3_ERA5_evaluation_r1i1p1f1_ICTP_RegCM5-0_v1-r1_1hr_200011230100-200011240000.nc
hus200_CSAM-3_ERA5_evaluation_r1i1p1f1_ICTP_RegCM5-0_v1-r1_1hr_200011240100-200011250000.nc
hus200_CSAM-3_ERA5_evaluation_r1i1p1f1_ICTP_RegCM5-0_v1-r1_1hr_200011250100-200011260000.nc
hus200_CSAM-3_ERA5_evaluation_r1i1p1f1_ICTP_RegCM5-0_v1-r1_1hr_200011260100-200011270000.nc
hus200_CSAM-3_ERA5_evaluation_r1i1p1f1_ICTP_RegCM5-0_v1-r1_1hr_200011270100-200011280000.nc
hus200_CSAM-3_ERA5_evaluation_r1i1p1f1_ICTP_RegCM5-0_v1-r1_1hr_200011280100-200011290000.nc
hus200_CSAM-3_ERA5_evaluation_r1i1p1f1_ICTP_RegCM5-0_v1-r1_1hr_200011290100-200011300000.nc
hus200_CSAM-3_ERA5_evaluation_r1i1p1f1_ICTP_RegCM5-0_v1-r1_1hr_200011300100-200012010000.nc
hus200_CSAM-3_ERA5_evaluation_r1i1p1f1_ICTP_RegCM5-0_v1-r1_1hr_200012010100-200012020000.nc
hus200_CSAM-3_ERA5_evaluation_r1i1p1f1_ICTP_RegCM5-0_v1-r1_1hr_200012020100-200012030000.nc
hus200_CSAM-3_ERA5_evaluation_r1i1p1f1_ICTP_RegCM5-0_v1-r1_1hr_200012030100-200012040000.nc
hus200_CSAM-3_ERA5_evaluation_r1i1p1f1_ICTP_RegCM5-0_v1-r1_1hr_200012040100-200012050000.nc
hus200_CSAM-3_ERA5_evaluation_r1i1p1f1_ICTP_RegCM5-0_v1-r1_1hr_200012050100-200012060000.nc
hus200_CSAM-3_ERA5_evaluation_r1i1p1f1_ICTP_RegCM5-0_v1-r1_1hr_200012060100-200012070000.nc
hus200_CSAM-3_ERA5_evaluation_r1i1p1f1_ICTP_RegCM5-0_v1-r1_1hr_200012070100-200012080000.nc
hus200_CSAM-3_ERA5_evaluation_r1i1p1f1_ICTP_RegCM5-0_v1-r1_1hr_200012080100-200012090000.nc
hus200_CSAM-3_ERA5_evaluation_r1i1p1f1_ICTP_RegCM5-0_v1-r1_1hr_200012090100-200012100000.nc
hus200_CSAM-3_ERA5_evaluation_r1i1p1f1_ICTP_RegCM5-0_v1-r1_1hr_200012100100-200012110000.nc
hus200_CSAM-3_ERA5_evaluation_r1i1p1f1_ICTP_RegCM5-0_v1-r1_1hr_200012110100-200012120000.nc
hus200_CSAM-3_ERA5_evaluation_r1i1p1f1_ICTP_RegCM5-0_v1-r1_1hr_200012120100-200012130000.nc
hus200_CSAM-3_ERA5_evaluation_r1i1p1f1_ICTP_RegCM5-0_v1-r1_1hr_200012130100-200012140000.nc
hus200_CSAM-3_ERA5_evaluation_r1i1p1f1_ICTP_RegCM5-0_v1-r1_1hr_200012140100-200012150000.nc
hus200_CSAM-3_ERA5_evaluation_r1i1p1f1_ICTP_RegCM5-0_v1-r1_1hr_200012150100-200012160000.nc
hus200_CSAM-3_ERA5_evaluation_r1i1p1f1_ICTP_RegCM5-0_v1-r1_1hr_200012160100-200012170000.nc
hus200_CSAM-3_ERA5_evaluation_r1i1p1f1_ICTP_RegCM5-0_v1-r1_1hr_200012170100-200012180000.nc
hus200_CSAM-3_ERA5_evaluation_r1i1p1f1_ICTP_RegCM5-0_v1-r1_1hr_200012180100-200012190000.nc
hus200_CSAM-3_ERA5_evaluation_r1i1p1f1_ICTP_RegCM5-0_v1-r1_1hr_200012190100-200012200000.nc
hus200_CSAM-3_ERA5_evaluation_r1i1p1f1_ICTP_RegCM5-0_v1-r1_1hr_200012200100-200012210000.nc
hus200_CSAM-3_ERA5_evaluation_r1i1p1f1_ICTP_RegCM5-0_v1-r1_1hr_200012210100-200012220000.nc
hus200_CSAM-3_ERA5_evaluation_r1i1p1f1_ICTP_RegCM5-0_v1-r1_1hr_200012220100-200012230000.nc
hus200_CSAM-3_ERA5_evaluation_r1i1p1f1_ICTP_RegCM5-0_v1-r1_1hr_200012230100-200012240000.nc
hus200_CSAM-3_ERA5_evaluation_r1i1p1f1_ICTP_RegCM5-0_v1-r1_1hr_200012240100-200012250000.nc
hus200_CSAM-3_ERA5_evaluation_r1i1p1f1_ICTP_RegCM5-0_v1-r1_1hr_200012250100-200012260000.nc
hus200_CSAM-3_ERA5_evaluation_r1i1p1f1_ICTP_RegCM5-0_v1-r1_1hr_200012260100-200012270000.nc
hus200_CSAM-3_ERA5_evaluation_r1i1p1f1_ICTP_RegCM5-0_v1-r1_1hr_200012270100-200012280000.nc
hus200_CSAM-3_ERA5_evaluation_r1i1p1f1_ICTP_RegCM5-0_v1-r1_1hr_200012280100-200012290000.nc
hus200_CSAM-3_ERA5_evaluation_r1i1p1f1_ICTP_RegCM5-0_v1-r1_1hr_200012290100-200012300000.nc
hus200_CSAM-3_ERA5_evaluation_r1i1p1f1_ICTP_RegCM5-0_v1-r1_1hr_200012300100-200012310000.nc
hus200_CSAM-3_ERA5_evaluation_r1i1p1f1_ICTP_RegCM5-0_v1-r1_1hr_200012310100-200101010000.nc
Files: hus250_CSAM-3_ERA5_evaluation_r1i1p1f1_ICTP_RegCM5-0_v1-r1_1hr_200001010100-200001020000.nc
hus250_CSAM-3_ERA5_evaluation_r1i1p1f1_ICTP_RegCM5-0_v1-r1_1hr_200001020100-200001030000.nc
hus250_CSAM-3_ERA5_evaluation_r1i1p1f1_ICTP_RegCM5-0_v1-r1_1hr_200001030100-200001040000.nc
hus250_CSAM-3_ERA5_evaluation_r1i1p1f1_ICTP_RegCM5-0_v1-r1_1hr_200001040100-200001050000.nc
hus250_CSAM-3_ERA5_evaluation_r1i1p1f1_ICTP_RegCM5-0_v1-r1_1hr_200001050100-200001060000.nc
hus250_CSAM-3_ERA5_evaluation_r1i1p1f1_ICTP_RegCM5-0_v1-r1_1hr_200001060100-200001070000.nc
hus250_CSAM-3_ERA5_evaluation_r1i1p1f1_ICTP_RegCM5-0_v1-r1_1hr_200001070100-200001080000.nc
hus250_CSAM-3_ERA5_evaluation_r1i1p1f1_ICTP_RegCM5-0_v1-r1_1hr_200001080100-200001090000.nc
hus250_CSAM-3_ERA5_evaluation_r1i1p1f1_ICTP_RegCM5-0_v1-r1_1hr_200001090100-200001100000.nc
hus250_CSAM-3_ERA5_evaluation_r1i1p1f1_ICTP_RegCM5-0_v1-r1_1hr_200001100100-200001110000.nc
hus250_CSAM-3_ERA5_evaluation_r1i1p1f1_ICTP_RegCM5-0_v1-r1_1hr_200001110100-200001120000.nc
hus250_CSAM-3_ERA5_evaluation_r1i1p1f1_ICTP_RegCM5-0_v1-r1_1hr_200001120100-200001130000.nc
hus250_CSAM-3_ERA5_evaluation_r1i1p1f1_ICTP_RegCM5-0_v1-r1_1hr_200001130100-200001140000.nc
hus250_CSAM-3_ERA5_evaluation_r1i1p1f1_ICTP_RegCM5-0_v1-r1_1hr_200001140100-200001150000.nc
hus250_CSAM-3_ERA5_evaluation_r1i1p1f1_ICTP_RegCM5-0_v1-r1_1hr_200001150100-200001160000.nc
hus250_CSAM-3_ERA5_evaluation_r1i1p1f1_ICTP_RegCM5-0_v1-r1_1hr_200001160100-200001170000.nc
hus250_CSAM-3_ERA5_evaluation_r1i1p1f1_ICTP_RegCM5-0_v1-r1_1hr_200001170100-200001180000.nc
hus250_CSAM-3_ERA5_evaluation_r1i1p1f1_ICTP_RegCM5-0_v1-r1_1hr_200001180100-200001190000.nc
hus250_CSAM-3_ERA5_evaluation_r1i1p1f1_ICTP_RegCM5-0_v1-r1_1hr_200001190100-200001200000.nc
hus250_CSAM-3_ERA5_evaluation_r1i1p1f1_ICTP_RegCM5-0_v1-r1_1hr_200001200100-200001210000.nc
hus250_CSAM-3_ERA5_evaluation_r1i1p1f1_ICTP_RegCM5-0_v1-r1_1hr_200001210100-200001220000.nc
hus250_CSAM-3_ERA5_evaluation_r1i1p1f1_ICTP_RegCM5-0_v1-r1_1hr_200001220100-200001230000.nc
hus250_CSAM-3_ERA5_evaluation_r1i1p1f1_ICTP_RegCM5-0_v1-r1_1hr_200001230100-200001240000.nc
hus250_CSAM-3_ERA5_evaluation_r1i1p1f1_ICTP_RegCM5-0_v1-r1_1hr_200001240100-200001250000.nc
hus250_CSAM-3_ERA5_evaluation_r1i1p1f1_ICTP_RegCM5-0_v1-r1_1hr_200001250100-200001260000.nc
hus250_CSAM-3_ERA5_evaluation_r1i1p1f1_ICTP_RegCM5-0_v1-r1_1hr_200001260100-200001270000.nc
hus250_CSAM-3_ERA5_evaluation_r1i1p1f1_ICTP_RegCM5-0_v1-r1_1hr_200001270100-200001280000.nc
hus250_CSAM-3_ERA5_evaluation_r1i1p1f1_ICTP_RegCM5-0_v1-r1_1hr_200001280100-200001290000.nc
hus250_CSAM-3_ERA5_evaluation_r1i1p1f1_ICTP_RegCM5-0_v1-r1_1hr_200001290100-200001300000.nc
hus250_CSAM-3_ERA5_evaluation_r1i1p1f1_ICTP_RegCM5-0_v1-r1_1hr_200001300100-200001310000.nc
hus250_CSAM-3_ERA5_evaluation_r1i1p1f1_ICTP_RegCM5-0_v1-r1_1hr_200001310100-200002010000.nc
hus250_CSAM-3_ERA5_evaluation_r1i1p1f1_ICTP_RegCM5-0_v1-r1_1hr_200002010100-200002020000.nc
hus250_CSAM-3_ERA5_evaluation_r1i1p1f1_ICTP_RegCM5-0_v1-r1_1hr_200002020100-200002030000.nc
hus250_CSAM-3_ERA5_evaluation_r1i1p1f1_ICTP_RegCM5-0_v1-r1_1hr_200002030100-200002040000.nc
hus250_CSAM-3_ERA5_evaluation_r1i1p1f1_ICTP_RegCM5-0_v1-r1_1hr_200002040100-200002050000.nc
hus250_CSAM-3_ERA5_evaluation_r1i1p1f1_ICTP_RegCM5-0_v1-r1_1hr_200002050100-200002060000.nc
hus250_CSAM-3_ERA5_evaluation_r1i1p1f1_ICTP_RegCM5-0_v1-r1_1hr_200002060100-200002070000.nc
hus250_CSAM-3_ERA5_evaluation_r1i1p1f1_ICTP_RegCM5-0_v1-r1_1hr_200002070100-200002080000.nc
hus250_CSAM-3_ERA5_evaluation_r1i1p1f1_ICTP_RegCM5-0_v1-r1_1hr_200002080100-200002090000.nc
hus250_CSAM-3_ERA5_evaluation_r1i1p1f1_ICTP_RegCM5-0_v1-r1_1hr_200002090100-200002100000.nc
hus250_CSAM-3_ERA5_evaluation_r1i1p1f1_ICTP_RegCM5-0_v1-r1_1hr_200002100100-200002110000.nc
hus250_CSAM-3_ERA5_evaluation_r1i1p1f1_ICTP_RegCM5-0_v1-r1_1hr_200002110100-200002120000.nc
hus250_CSAM-3_ERA5_evaluation_r1i1p1f1_ICTP_RegCM5-0_v1-r1_1hr_200002120100-200002130000.nc
hus250_CSAM-3_ERA5_evaluation_r1i1p1f1_ICTP_RegCM5-0_v1-r1_1hr_200002130100-200002140000.nc
hus250_CSAM-3_ERA5_evaluation_r1i1p1f1_ICTP_RegCM5-0_v1-r1_1hr_200002140100-200002150000.nc
hus250_CSAM-3_ERA5_evaluation_r1i1p1f1_ICTP_RegCM5-0_v1-r1_1hr_200002150100-200002160000.nc
hus250_CSAM-3_ERA5_evaluation_r1i1p1f1_ICTP_RegCM5-0_v1-r1_1hr_200002160100-200002170000.nc
hus250_CSAM-3_ERA5_evaluation_r1i1p1f1_ICTP_RegCM5-0_v1-r1_1hr_200002170100-200002180000.nc
hus250_CSAM-3_ERA5_evaluation_r1i1p1f1_ICTP_RegCM5-0_v1-r1_1hr_200002180100-200002190000.nc
hus250_CSAM-3_ERA5_evaluation_r1i1p1f1_ICTP_RegCM5-0_v1-r1_1hr_200002190100-200002200000.nc
hus250_CSAM-3_ERA5_evaluation_r1i1p1f1_ICTP_RegCM5-0_v1-r1_1hr_200002200100-200002210000.nc
hus250_CSAM-3_ERA5_evaluation_r1i1p1f1_ICTP_RegCM5-0_v1-r1_1hr_200002210100-200002220000.nc
hus250_CSAM-3_ERA5_evaluation_r1i1p1f1_ICTP_RegCM5-0_v1-r1_1hr_200002220100-200002230000.nc
hus250_CSAM-3_ERA5_evaluation_r1i1p1f1_ICTP_RegCM5-0_v1-r1_1hr_200002230100-200002240000.nc
hus250_CSAM-3_ERA5_evaluation_r1i1p1f1_ICTP_RegCM5-0_v1-r1_1hr_200002240100-200002250000.nc
hus250_CSAM-3_ERA5_evaluation_r1i1p1f1_ICTP_RegCM5-0_v1-r1_1hr_200002250100-200002260000.nc
hus250_CSAM-3_ERA5_evaluation_r1i1p1f1_ICTP_RegCM5-0_v1-r1_1hr_200002260100-200002270000.nc
hus250_CSAM-3_ERA5_evaluation_r1i1p1f1_ICTP_RegCM5-0_v1-r1_1hr_200002270100-200002280000.nc
hus250_CSAM-3_ERA5_evaluation_r1i1p1f1_ICTP_RegCM5-0_v1-r1_1hr_200002280100-200002290000.nc
hus250_CSAM-3_ERA5_evaluation_r1i1p1f1_ICTP_RegCM5-0_v1-r1_1hr_200002290100-200003010000.nc
hus250_CSAM-3_ERA5_evaluation_r1i1p1f1_ICTP_RegCM5-0_v1-r1_1hr_200003010100-200003020000.nc
hus250_CSAM-3_ERA5_evaluation_r1i1p1f1_ICTP_RegCM5-0_v1-r1_1hr_200003020100-200003030000.nc
hus250_CSAM-3_ERA5_evaluation_r1i1p1f1_ICTP_RegCM5-0_v1-r1_1hr_200003030100-200003040000.nc
hus250_CSAM-3_ERA5_evaluation_r1i1p1f1_ICTP_RegCM5-0_v1-r1_1hr_200003040100-200003050000.nc
hus250_CSAM-3_ERA5_evaluation_r1i1p1f1_ICTP_RegCM5-0_v1-r1_1hr_200003050100-200003060000.nc
hus250_CSAM-3_ERA5_evaluation_r1i1p1f1_ICTP_RegCM5-0_v1-r1_1hr_200003060100-200003070000.nc
hus250_CSAM-3_ERA5_evaluation_r1i1p1f1_ICTP_RegCM5-0_v1-r1_1hr_200003070100-200003080000.nc
hus250_CSAM-3_ERA5_evaluation_r1i1p1f1_ICTP_RegCM5-0_v1-r1_1hr_200003080100-200003090000.nc
hus250_CSAM-3_ERA5_evaluation_r1i1p1f1_ICTP_RegCM5-0_v1-r1_1hr_200003090100-200003100000.nc
hus250_CSAM-3_ERA5_evaluation_r1i1p1f1_ICTP_RegCM5-0_v1-r1_1hr_200003100100-200003110000.nc
hus250_CSAM-3_ERA5_evaluation_r1i1p1f1_ICTP_RegCM5-0_v1-r1_1hr_200003110100-200003120000.nc
hus250_CSAM-3_ERA5_evaluation_r1i1p1f1_ICTP_RegCM5-0_v1-r1_1hr_200003120100-200003130000.nc
hus250_CSAM-3_ERA5_evaluation_r1i1p1f1_ICTP_RegCM5-0_v1-r1_1hr_200003130100-200003140000.nc
hus250_CSAM-3_ERA5_evaluation_r1i1p1f1_ICTP_RegCM5-0_v1-r1_1hr_200003140100-200003150000.nc
hus250_CSAM-3_ERA5_evaluation_r1i1p1f1_ICTP_RegCM5-0_v1-r1_1hr_200003150100-200003160000.nc
hus250_CSAM-3_ERA5_evaluation_r1i1p1f1_ICTP_RegCM5-0_v1-r1_1hr_200003160100-200003170000.nc
hus250_CSAM-3_ERA5_evaluation_r1i1p1f1_ICTP_RegCM5-0_v1-r1_1hr_200003170100-200003180000.nc
hus250_CSAM-3_ERA5_evaluation_r1i1p1f1_ICTP_RegCM5-0_v1-r1_1hr_200003180100-200003190000.nc
hus250_CSAM-3_ERA5_evaluation_r1i1p1f1_ICTP_RegCM5-0_v1-r1_1hr_200003190100-200003200000.nc
hus250_CSAM-3_ERA5_evaluation_r1i1p1f1_ICTP_RegCM5-0_v1-r1_1hr_200003200100-200003210000.nc
hus250_CSAM-3_ERA5_evaluation_r1i1p1f1_ICTP_RegCM5-0_v1-r1_1hr_200003210100-200003220000.nc
hus250_CSAM-3_ERA5_evaluation_r1i1p1f1_ICTP_RegCM5-0_v1-r1_1hr_200003220100-200003230000.nc
hus250_CSAM-3_ERA5_evaluation_r1i1p1f1_ICTP_RegCM5-0_v1-r1_1hr_200003230100-200003240000.nc
hus250_CSAM-3_ERA5_evaluation_r1i1p1f1_ICTP_RegCM5-0_v1-r1_1hr_200003240100-200003250000.nc
hus250_CSAM-3_ERA5_evaluation_r1i1p1f1_ICTP_RegCM5-0_v1-r1_1hr_200003250100-200003260000.nc
hus250_CSAM-3_ERA5_evaluation_r1i1p1f1_ICTP_RegCM5-0_v1-r1_1hr_200003260100-200003270000.nc
hus250_CSAM-3_ERA5_evaluation_r1i1p1f1_ICTP_RegCM5-0_v1-r1_1hr_200003270100-200003280000.nc
hus250_CSAM-3_ERA5_evaluation_r1i1p1f1_ICTP_RegCM5-0_v1-r1_1hr_200003280100-200003290000.nc
hus250_CSAM-3_ERA5_evaluation_r1i1p1f1_ICTP_RegCM5-0_v1-r1_1hr_200003290100-200003300000.nc
hus250_CSAM-3_ERA5_evaluation_r1i1p1f1_ICTP_RegCM5-0_v1-r1_1hr_200003300100-200003310000.nc
hus250_CSAM-3_ERA5_evaluation_r1i1p1f1_ICTP_RegCM5-0_v1-r1_1hr_200003310100-200004010000.nc
hus250_CSAM-3_ERA5_evaluation_r1i1p1f1_ICTP_RegCM5-0_v1-r1_1hr_200004010100-200004020000.nc
hus250_CSAM-3_ERA5_evaluation_r1i1p1f1_ICTP_RegCM5-0_v1-r1_1hr_200004020100-200004030000.nc
hus250_CSAM-3_ERA5_evaluation_r1i1p1f1_ICTP_RegCM5-0_v1-r1_1hr_200004030100-200004040000.nc
hus250_CSAM-3_ERA5_evaluation_r1i1p1f1_ICTP_RegCM5-0_v1-r1_1hr_200004040100-200004050000.nc
hus250_CSAM-3_ERA5_evaluation_r1i1p1f1_ICTP_RegCM5-0_v1-r1_1hr_200004050100-200004060000.nc
hus250_CSAM-3_ERA5_evaluation_r1i1p1f1_ICTP_RegCM5-0_v1-r1_1hr_200004060100-200004070000.nc
hus250_CSAM-3_ERA5_evaluation_r1i1p1f1_ICTP_RegCM5-0_v1-r1_1hr_200004070100-200004080000.nc
hus250_CSAM-3_ERA5_evaluation_r1i1p1f1_ICTP_RegCM5-0_v1-r1_1hr_200004080100-200004090000.nc
hus250_CSAM-3_ERA5_evaluation_r1i1p1f1_ICTP_RegCM5-0_v1-r1_1hr_200004090100-200004100000.nc
hus250_CSAM-3_ERA5_evaluation_r1i1p1f1_ICTP_RegCM5-0_v1-r1_1hr_200004100100-200004110000.nc
hus250_CSAM-3_ERA5_evaluation_r1i1p1f1_ICTP_RegCM5-0_v1-r1_1hr_200004110100-200004120000.nc
hus250_CSAM-3_ERA5_evaluation_r1i1p1f1_ICTP_RegCM5-0_v1-r1_1hr_200004120100-200004130000.nc
hus250_CSAM-3_ERA5_evaluation_r1i1p1f1_ICTP_RegCM5-0_v1-r1_1hr_200004130100-200004140000.nc
hus250_CSAM-3_ERA5_evaluation_r1i1p1f1_ICTP_RegCM5-0_v1-r1_1hr_200004140100-200004150000.nc
hus250_CSAM-3_ERA5_evaluation_r1i1p1f1_ICTP_RegCM5-0_v1-r1_1hr_200004150100-200004160000.nc
hus250_CSAM-3_ERA5_evaluation_r1i1p1f1_ICTP_RegCM5-0_v1-r1_1hr_200004160100-200004170000.nc
hus250_CSAM-3_ERA5_evaluation_r1i1p1f1_ICTP_RegCM5-0_v1-r1_1hr_200004170100-200004180000.nc
hus250_CSAM-3_ERA5_evaluation_r1i1p1f1_ICTP_RegCM5-0_v1-r1_1hr_200004180100-200004190000.nc
hus250_CSAM-3_ERA5_evaluation_r1i1p1f1_ICTP_RegCM5-0_v1-r1_1hr_200004190100-200004200000.nc
hus250_CSAM-3_ERA5_evaluation_r1i1p1f1_ICTP_RegCM5-0_v1-r1_1hr_200004200100-200004210000.nc
hus250_CSAM-3_ERA5_evaluation_r1i1p1f1_ICTP_RegCM5-0_v1-r1_1hr_200004210100-200004220000.nc
hus250_CSAM-3_ERA5_evaluation_r1i1p1f1_ICTP_RegCM5-0_v1-r1_1hr_200004220100-200004230000.nc
hus250_CSAM-3_ERA5_evaluation_r1i1p1f1_ICTP_RegCM5-0_v1-r1_1hr_200004230100-200004240000.nc
hus250_CSAM-3_ERA5_evaluation_r1i1p1f1_ICTP_RegCM5-0_v1-r1_1hr_200004240100-200004250000.nc
hus250_CSAM-3_ERA5_evaluation_r1i1p1f1_ICTP_RegCM5-0_v1-r1_1hr_200004250100-200004260000.nc
hus250_CSAM-3_ERA5_evaluation_r1i1p1f1_ICTP_RegCM5-0_v1-r1_1hr_200004260100-200004270000.nc
hus250_CSAM-3_ERA5_evaluation_r1i1p1f1_ICTP_RegCM5-0_v1-r1_1hr_200004270100-200004280000.nc
hus250_CSAM-3_ERA5_evaluation_r1i1p1f1_ICTP_RegCM5-0_v1-r1_1hr_200004280100-200004290000.nc
hus250_CSAM-3_ERA5_evaluation_r1i1p1f1_ICTP_RegCM5-0_v1-r1_1hr_200004290100-200004300000.nc
hus250_CSAM-3_ERA5_evaluation_r1i1p1f1_ICTP_RegCM5-0_v1-r1_1hr_200004300100-200005010000.nc
hus250_CSAM-3_ERA5_evaluation_r1i1p1f1_ICTP_RegCM5-0_v1-r1_1hr_200005010100-200005020000.nc
hus250_CSAM-3_ERA5_evaluation_r1i1p1f1_ICTP_RegCM5-0_v1-r1_1hr_200005020100-200005030000.nc
hus250_CSAM-3_ERA5_evaluation_r1i1p1f1_ICTP_RegCM5-0_v1-r1_1hr_200005030100-200005040000.nc
hus250_CSAM-3_ERA5_evaluation_r1i1p1f1_ICTP_RegCM5-0_v1-r1_1hr_200005040100-200005050000.nc
hus250_CSAM-3_ERA5_evaluation_r1i1p1f1_ICTP_RegCM5-0_v1-r1_1hr_200005050100-200005060000.nc
hus250_CSAM-3_ERA5_evaluation_r1i1p1f1_ICTP_RegCM5-0_v1-r1_1hr_200005060100-200005070000.nc
hus250_CSAM-3_ERA5_evaluation_r1i1p1f1_ICTP_RegCM5-0_v1-r1_1hr_200005070100-200005080000.nc
hus250_CSAM-3_ERA5_evaluation_r1i1p1f1_ICTP_RegCM5-0_v1-r1_1hr_200005080100-200005090000.nc
hus250_CSAM-3_ERA5_evaluation_r1i1p1f1_ICTP_RegCM5-0_v1-r1_1hr_200005090100-200005100000.nc
hus250_CSAM-3_ERA5_evaluation_r1i1p1f1_ICTP_RegCM5-0_v1-r1_1hr_200005100100-200005110000.nc
hus250_CSAM-3_ERA5_evaluation_r1i1p1f1_ICTP_RegCM5-0_v1-r1_1hr_200005110100-200005120000.nc
hus250_CSAM-3_ERA5_evaluation_r1i1p1f1_ICTP_RegCM5-0_v1-r1_1hr_200005120100-200005130000.nc
hus250_CSAM-3_ERA5_evaluation_r1i1p1f1_ICTP_RegCM5-0_v1-r1_1hr_200005130100-200005140000.nc
hus250_CSAM-3_ERA5_evaluation_r1i1p1f1_ICTP_RegCM5-0_v1-r1_1hr_200005140100-200005150000.nc
hus250_CSAM-3_ERA5_evaluation_r1i1p1f1_ICTP_RegCM5-0_v1-r1_1hr_200005150100-200005160000.nc
hus250_CSAM-3_ERA5_evaluation_r1i1p1f1_ICTP_RegCM5-0_v1-r1_1hr_200005160100-200005170000.nc
hus250_CSAM-3_ERA5_evaluation_r1i1p1f1_ICTP_RegCM5-0_v1-r1_1hr_200005170100-200005180000.nc
hus250_CSAM-3_ERA5_evaluation_r1i1p1f1_ICTP_RegCM5-0_v1-r1_1hr_200005180100-200005190000.nc
hus250_CSAM-3_ERA5_evaluation_r1i1p1f1_ICTP_RegCM5-0_v1-r1_1hr_200005190100-200005200000.nc
hus250_CSAM-3_ERA5_evaluation_r1i1p1f1_ICTP_RegCM5-0_v1-r1_1hr_200005200100-200005210000.nc
hus250_CSAM-3_ERA5_evaluation_r1i1p1f1_ICTP_RegCM5-0_v1-r1_1hr_200005210100-200005220000.nc
hus250_CSAM-3_ERA5_evaluation_r1i1p1f1_ICTP_RegCM5-0_v1-r1_1hr_200005220100-200005230000.nc
hus250_CSAM-3_ERA5_evaluation_r1i1p1f1_ICTP_RegCM5-0_v1-r1_1hr_200005230100-200005240000.nc
hus250_CSAM-3_ERA5_evaluation_r1i1p1f1_ICTP_RegCM5-0_v1-r1_1hr_200005240100-200005250000.nc
hus250_CSAM-3_ERA5_evaluation_r1i1p1f1_ICTP_RegCM5-0_v1-r1_1hr_200005250100-200005260000.nc
hus250_CSAM-3_ERA5_evaluation_r1i1p1f1_ICTP_RegCM5-0_v1-r1_1hr_200005260100-200005270000.nc
hus250_CSAM-3_ERA5_evaluation_r1i1p1f1_ICTP_RegCM5-0_v1-r1_1hr_200005270100-200005280000.nc
hus250_CSAM-3_ERA5_evaluation_r1i1p1f1_ICTP_RegCM5-0_v1-r1_1hr_200005280100-200005290000.nc
hus250_CSAM-3_ERA5_evaluation_r1i1p1f1_ICTP_RegCM5-0_v1-r1_1hr_200005290100-200005300000.nc
hus250_CSAM-3_ERA5_evaluation_r1i1p1f1_ICTP_RegCM5-0_v1-r1_1hr_200005300100-200005310000.nc
hus250_CSAM-3_ERA5_evaluation_r1i1p1f1_ICTP_RegCM5-0_v1-r1_1hr_200005310100-200006010000.nc
hus250_CSAM-3_ERA5_evaluation_r1i1p1f1_ICTP_RegCM5-0_v1-r1_1hr_200006010100-200006020000.nc
hus250_CSAM-3_ERA5_evaluation_r1i1p1f1_ICTP_RegCM5-0_v1-r1_1hr_200006020100-200006030000.nc
hus250_CSAM-3_ERA5_evaluation_r1i1p1f1_ICTP_RegCM5-0_v1-r1_1hr_200006030100-200006040000.nc
hus250_CSAM-3_ERA5_evaluation_r1i1p1f1_ICTP_RegCM5-0_v1-r1_1hr_200006040100-200006050000.nc
hus250_CSAM-3_ERA5_evaluation_r1i1p1f1_ICTP_RegCM5-0_v1-r1_1hr_200006050100-200006060000.nc
hus250_CSAM-3_ERA5_evaluation_r1i1p1f1_ICTP_RegCM5-0_v1-r1_1hr_200006060100-200006070000.nc
hus250_CSAM-3_ERA5_evaluation_r1i1p1f1_ICTP_RegCM5-0_v1-r1_1hr_200006070100-200006080000.nc
hus250_CSAM-3_ERA5_evaluation_r1i1p1f1_ICTP_RegCM5-0_v1-r1_1hr_200006080100-200006090000.nc
hus250_CSAM-3_ERA5_evaluation_r1i1p1f1_ICTP_RegCM5-0_v1-r1_1hr_200006090100-200006100000.nc
hus250_CSAM-3_ERA5_evaluation_r1i1p1f1_ICTP_RegCM5-0_v1-r1_1hr_200006100100-200006110000.nc
hus250_CSAM-3_ERA5_evaluation_r1i1p1f1_ICTP_RegCM5-0_v1-r1_1hr_200006110100-200006120000.nc
hus250_CSAM-3_ERA5_evaluation_r1i1p1f1_ICTP_RegCM5-0_v1-r1_1hr_200006120100-200006130000.nc
hus250_CSAM-3_ERA5_evaluation_r1i1p1f1_ICTP_RegCM5-0_v1-r1_1hr_200006130100-200006140000.nc
hus250_CSAM-3_ERA5_evaluation_r1i1p1f1_ICTP_RegCM5-0_v1-r1_1hr_200006140100-200006150000.nc
hus250_CSAM-3_ERA5_evaluation_r1i1p1f1_ICTP_RegCM5-0_v1-r1_1hr_200006150100-200006160000.nc
hus250_CSAM-3_ERA5_evaluation_r1i1p1f1_ICTP_RegCM5-0_v1-r1_1hr_200006160100-200006170000.nc
hus250_CSAM-3_ERA5_evaluation_r1i1p1f1_ICTP_RegCM5-0_v1-r1_1hr_200006170100-200006180000.nc
hus250_CSAM-3_ERA5_evaluation_r1i1p1f1_ICTP_RegCM5-0_v1-r1_1hr_200006180100-200006190000.nc
hus250_CSAM-3_ERA5_evaluation_r1i1p1f1_ICTP_RegCM5-0_v1-r1_1hr_200006190100-200006200000.nc
hus250_CSAM-3_ERA5_evaluation_r1i1p1f1_ICTP_RegCM5-0_v1-r1_1hr_200006200100-200006210000.nc
hus250_CSAM-3_ERA5_evaluation_r1i1p1f1_ICTP_RegCM5-0_v1-r1_1hr_200006210100-200006220000.nc
hus250_CSAM-3_ERA5_evaluation_r1i1p1f1_ICTP_RegCM5-0_v1-r1_1hr_200006220100-200006230000.nc
hus250_CSAM-3_ERA5_evaluation_r1i1p1f1_ICTP_RegCM5-0_v1-r1_1hr_200006230100-200006240000.nc
hus250_CSAM-3_ERA5_evaluation_r1i1p1f1_ICTP_RegCM5-0_v1-r1_1hr_200006240100-200006250000.nc
hus250_CSAM-3_ERA5_evaluation_r1i1p1f1_ICTP_RegCM5-0_v1-r1_1hr_200006250100-200006260000.nc
hus250_CSAM-3_ERA5_evaluation_r1i1p1f1_ICTP_RegCM5-0_v1-r1_1hr_200006260100-200006270000.nc
hus250_CSAM-3_ERA5_evaluation_r1i1p1f1_ICTP_RegCM5-0_v1-r1_1hr_200006270100-200006280000.nc
hus250_CSAM-3_ERA5_evaluation_r1i1p1f1_ICTP_RegCM5-0_v1-r1_1hr_200006280100-200006290000.nc
hus250_CSAM-3_ERA5_evaluation_r1i1p1f1_ICTP_RegCM5-0_v1-r1_1hr_200006290100-200006300000.nc
hus250_CSAM-3_ERA5_evaluation_r1i1p1f1_ICTP_RegCM5-0_v1-r1_1hr_200006300100-200007010000.nc
hus250_CSAM-3_ERA5_evaluation_r1i1p1f1_ICTP_RegCM5-0_v1-r1_1hr_200007010100-200007020000.nc
hus250_CSAM-3_ERA5_evaluation_r1i1p1f1_ICTP_RegCM5-0_v1-r1_1hr_200007020100-200007030000.nc
hus250_CSAM-3_ERA5_evaluation_r1i1p1f1_ICTP_RegCM5-0_v1-r1_1hr_200007030100-200007040000.nc
hus250_CSAM-3_ERA5_evaluation_r1i1p1f1_ICTP_RegCM5-0_v1-r1_1hr_200007040100-200007050000.nc
hus250_CSAM-3_ERA5_evaluation_r1i1p1f1_ICTP_RegCM5-0_v1-r1_1hr_200007050100-200007060000.nc
hus250_CSAM-3_ERA5_evaluation_r1i1p1f1_ICTP_RegCM5-0_v1-r1_1hr_200007060100-200007070000.nc
hus250_CSAM-3_ERA5_evaluation_r1i1p1f1_ICTP_RegCM5-0_v1-r1_1hr_200007070100-200007080000.nc
hus250_CSAM-3_ERA5_evaluation_r1i1p1f1_ICTP_RegCM5-0_v1-r1_1hr_200007080100-200007090000.nc
hus250_CSAM-3_ERA5_evaluation_r1i1p1f1_ICTP_RegCM5-0_v1-r1_1hr_200007090100-200007100000.nc
hus250_CSAM-3_ERA5_evaluation_r1i1p1f1_ICTP_RegCM5-0_v1-r1_1hr_200007100100-200007110000.nc
hus250_CSAM-3_ERA5_evaluation_r1i1p1f1_ICTP_RegCM5-0_v1-r1_1hr_200007110100-200007120000.nc
hus250_CSAM-3_ERA5_evaluation_r1i1p1f1_ICTP_RegCM5-0_v1-r1_1hr_200007120100-200007130000.nc
hus250_CSAM-3_ERA5_evaluation_r1i1p1f1_ICTP_RegCM5-0_v1-r1_1hr_200007130100-200007140000.nc
hus250_CSAM-3_ERA5_evaluation_r1i1p1f1_ICTP_RegCM5-0_v1-r1_1hr_200007140100-200007150000.nc
hus250_CSAM-3_ERA5_evaluation_r1i1p1f1_ICTP_RegCM5-0_v1-r1_1hr_200007150100-200007160000.nc
hus250_CSAM-3_ERA5_evaluation_r1i1p1f1_ICTP_RegCM5-0_v1-r1_1hr_200007160100-200007170000.nc
hus250_CSAM-3_ERA5_evaluation_r1i1p1f1_ICTP_RegCM5-0_v1-r1_1hr_200007170100-200007180000.nc
hus250_CSAM-3_ERA5_evaluation_r1i1p1f1_ICTP_RegCM5-0_v1-r1_1hr_200007180100-200007190000.nc
hus250_CSAM-3_ERA5_evaluation_r1i1p1f1_ICTP_RegCM5-0_v1-r1_1hr_200007190100-200007200000.nc
hus250_CSAM-3_ERA5_evaluation_r1i1p1f1_ICTP_RegCM5-0_v1-r1_1hr_200007200100-200007210000.nc
hus250_CSAM-3_ERA5_evaluation_r1i1p1f1_ICTP_RegCM5-0_v1-r1_1hr_200007210100-200007220000.nc
hus250_CSAM-3_ERA5_evaluation_r1i1p1f1_ICTP_RegCM5-0_v1-r1_1hr_200007220100-200007230000.nc
hus250_CSAM-3_ERA5_evaluation_r1i1p1f1_ICTP_RegCM5-0_v1-r1_1hr_200007230100-200007240000.nc
hus250_CSAM-3_ERA5_evaluation_r1i1p1f1_ICTP_RegCM5-0_v1-r1_1hr_200007240100-200007250000.nc
hus250_CSAM-3_ERA5_evaluation_r1i1p1f1_ICTP_RegCM5-0_v1-r1_1hr_200007250100-200007260000.nc
hus250_CSAM-3_ERA5_evaluation_r1i1p1f1_ICTP_RegCM5-0_v1-r1_1hr_200007260100-200007270000.nc
hus250_CSAM-3_ERA5_evaluation_r1i1p1f1_ICTP_RegCM5-0_v1-r1_1hr_200007270100-200007280000.nc
hus250_CSAM-3_ERA5_evaluation_r1i1p1f1_ICTP_RegCM5-0_v1-r1_1hr_200007280100-200007290000.nc
hus250_CSAM-3_ERA5_evaluation_r1i1p1f1_ICTP_RegCM5-0_v1-r1_1hr_200007290100-200007300000.nc
hus250_CSAM-3_ERA5_evaluation_r1i1p1f1_ICTP_RegCM5-0_v1-r1_1hr_200007300100-200007310000.nc
hus250_CSAM-3_ERA5_evaluation_r1i1p1f1_ICTP_RegCM5-0_v1-r1_1hr_200007310100-200008010000.nc
hus250_CSAM-3_ERA5_evaluation_r1i1p1f1_ICTP_RegCM5-0_v1-r1_1hr_200008010100-200008020000.nc
hus250_CSAM-3_ERA5_evaluation_r1i1p1f1_ICTP_RegCM5-0_v1-r1_1hr_200008020100-200008030000.nc
hus250_CSAM-3_ERA5_evaluation_r1i1p1f1_ICTP_RegCM5-0_v1-r1_1hr_200008030100-200008040000.nc
hus250_CSAM-3_ERA5_evaluation_r1i1p1f1_ICTP_RegCM5-0_v1-r1_1hr_200008040100-200008050000.nc
hus250_CSAM-3_ERA5_evaluation_r1i1p1f1_ICTP_RegCM5-0_v1-r1_1hr_200008050100-200008060000.nc
hus250_CSAM-3_ERA5_evaluation_r1i1p1f1_ICTP_RegCM5-0_v1-r1_1hr_200008060100-200008070000.nc
hus250_CSAM-3_ERA5_evaluation_r1i1p1f1_ICTP_RegCM5-0_v1-r1_1hr_200008070100-200008080000.nc
hus250_CSAM-3_ERA5_evaluation_r1i1p1f1_ICTP_RegCM5-0_v1-r1_1hr_200008080100-200008090000.nc
hus250_CSAM-3_ERA5_evaluation_r1i1p1f1_ICTP_RegCM5-0_v1-r1_1hr_200008090100-200008100000.nc
hus250_CSAM-3_ERA5_evaluation_r1i1p1f1_ICTP_RegCM5-0_v1-r1_1hr_200008100100-200008110000.nc
hus250_CSAM-3_ERA5_evaluation_r1i1p1f1_ICTP_RegCM5-0_v1-r1_1hr_200008110100-200008120000.nc
hus250_CSAM-3_ERA5_evaluation_r1i1p1f1_ICTP_RegCM5-0_v1-r1_1hr_200008120100-200008130000.nc
hus250_CSAM-3_ERA5_evaluation_r1i1p1f1_ICTP_RegCM5-0_v1-r1_1hr_200008130100-200008140000.nc
hus250_CSAM-3_ERA5_evaluation_r1i1p1f1_ICTP_RegCM5-0_v1-r1_1hr_200008140100-200008150000.nc
hus250_CSAM-3_ERA5_evaluation_r1i1p1f1_ICTP_RegCM5-0_v1-r1_1hr_200008150100-200008160000.nc
hus250_CSAM-3_ERA5_evaluation_r1i1p1f1_ICTP_RegCM5-0_v1-r1_1hr_200008160100-200008170000.nc
hus250_CSAM-3_ERA5_evaluation_r1i1p1f1_ICTP_RegCM5-0_v1-r1_1hr_200008170100-200008180000.nc
hus250_CSAM-3_ERA5_evaluation_r1i1p1f1_ICTP_RegCM5-0_v1-r1_1hr_200008180100-200008190000.nc
hus250_CSAM-3_ERA5_evaluation_r1i1p1f1_ICTP_RegCM5-0_v1-r1_1hr_200008190100-200008200000.nc
hus250_CSAM-3_ERA5_evaluation_r1i1p1f1_ICTP_RegCM5-0_v1-r1_1hr_200008200100-200008210000.nc
hus250_CSAM-3_ERA5_evaluation_r1i1p1f1_ICTP_RegCM5-0_v1-r1_1hr_200008210100-200008220000.nc
hus250_CSAM-3_ERA5_evaluation_r1i1p1f1_ICTP_RegCM5-0_v1-r1_1hr_200008220100-200008230000.nc
hus250_CSAM-3_ERA5_evaluation_r1i1p1f1_ICTP_RegCM5-0_v1-r1_1hr_200008230100-200008240000.nc
hus250_CSAM-3_ERA5_evaluation_r1i1p1f1_ICTP_RegCM5-0_v1-r1_1hr_200008240100-200008250000.nc
hus250_CSAM-3_ERA5_evaluation_r1i1p1f1_ICTP_RegCM5-0_v1-r1_1hr_200008250100-200008260000.nc
hus250_CSAM-3_ERA5_evaluation_r1i1p1f1_ICTP_RegCM5-0_v1-r1_1hr_200008260100-200008270000.nc
hus250_CSAM-3_ERA5_evaluation_r1i1p1f1_ICTP_RegCM5-0_v1-r1_1hr_200008270100-200008280000.nc
hus250_CSAM-3_ERA5_evaluation_r1i1p1f1_ICTP_RegCM5-0_v1-r1_1hr_200008280100-200008290000.nc
hus250_CSAM-3_ERA5_evaluation_r1i1p1f1_ICTP_RegCM5-0_v1-r1_1hr_200008290100-200008300000.nc
hus250_CSAM-3_ERA5_evaluation_r1i1p1f1_ICTP_RegCM5-0_v1-r1_1hr_200008300100-200008310000.nc
hus250_CSAM-3_ERA5_evaluation_r1i1p1f1_ICTP_RegCM5-0_v1-r1_1hr_200008310100-200009010000.nc
hus250_CSAM-3_ERA5_evaluation_r1i1p1f1_ICTP_RegCM5-0_v1-r1_1hr_200009010100-200009020000.nc
hus250_CSAM-3_ERA5_evaluation_r1i1p1f1_ICTP_RegCM5-0_v1-r1_1hr_200009020100-200009030000.nc
hus250_CSAM-3_ERA5_evaluation_r1i1p1f1_ICTP_RegCM5-0_v1-r1_1hr_200009030100-200009040000.nc
hus250_CSAM-3_ERA5_evaluation_r1i1p1f1_ICTP_RegCM5-0_v1-r1_1hr_200009040100-200009050000.nc
hus250_CSAM-3_ERA5_evaluation_r1i1p1f1_ICTP_RegCM5-0_v1-r1_1hr_200009050100-200009060000.nc
hus250_CSAM-3_ERA5_evaluation_r1i1p1f1_ICTP_RegCM5-0_v1-r1_1hr_200009060100-200009070000.nc
hus250_CSAM-3_ERA5_evaluation_r1i1p1f1_ICTP_RegCM5-0_v1-r1_1hr_200009070100-200009080000.nc
hus250_CSAM-3_ERA5_evaluation_r1i1p1f1_ICTP_RegCM5-0_v1-r1_1hr_200009080100-200009090000.nc
hus250_CSAM-3_ERA5_evaluation_r1i1p1f1_ICTP_RegCM5-0_v1-r1_1hr_200009090100-200009100000.nc
hus250_CSAM-3_ERA5_evaluation_r1i1p1f1_ICTP_RegCM5-0_v1-r1_1hr_200009100100-200009110000.nc
hus250_CSAM-3_ERA5_evaluation_r1i1p1f1_ICTP_RegCM5-0_v1-r1_1hr_200009110100-200009120000.nc
hus250_CSAM-3_ERA5_evaluation_r1i1p1f1_ICTP_RegCM5-0_v1-r1_1hr_200009120100-200009130000.nc
hus250_CSAM-3_ERA5_evaluation_r1i1p1f1_ICTP_RegCM5-0_v1-r1_1hr_200009130100-200009140000.nc
hus250_CSAM-3_ERA5_evaluation_r1i1p1f1_ICTP_RegCM5-0_v1-r1_1hr_200009140100-200009150000.nc
hus250_CSAM-3_ERA5_evaluation_r1i1p1f1_ICTP_RegCM5-0_v1-r1_1hr_200009150100-200009160000.nc
hus250_CSAM-3_ERA5_evaluation_r1i1p1f1_ICTP_RegCM5-0_v1-r1_1hr_200009160100-200009170000.nc
hus250_CSAM-3_ERA5_evaluation_r1i1p1f1_ICTP_RegCM5-0_v1-r1_1hr_200009170100-200009180000.nc
hus250_CSAM-3_ERA5_evaluation_r1i1p1f1_ICTP_RegCM5-0_v1-r1_1hr_200009180100-200009190000.nc
hus250_CSAM-3_ERA5_evaluation_r1i1p1f1_ICTP_RegCM5-0_v1-r1_1hr_200009190100-200009200000.nc
hus250_CSAM-3_ERA5_evaluation_r1i1p1f1_ICTP_RegCM5-0_v1-r1_1hr_200009200100-200009210000.nc
hus250_CSAM-3_ERA5_evaluation_r1i1p1f1_ICTP_RegCM5-0_v1-r1_1hr_200009210100-200009220000.nc
hus250_CSAM-3_ERA5_evaluation_r1i1p1f1_ICTP_RegCM5-0_v1-r1_1hr_200009220100-200009230000.nc
hus250_CSAM-3_ERA5_evaluation_r1i1p1f1_ICTP_RegCM5-0_v1-r1_1hr_200009230100-200009240000.nc
hus250_CSAM-3_ERA5_evaluation_r1i1p1f1_ICTP_RegCM5-0_v1-r1_1hr_200009240100-200009250000.nc
hus250_CSAM-3_ERA5_evaluation_r1i1p1f1_ICTP_RegCM5-0_v1-r1_1hr_200009250100-200009260000.nc
hus250_CSAM-3_ERA5_evaluation_r1i1p1f1_ICTP_RegCM5-0_v1-r1_1hr_200009260100-200009270000.nc
hus250_CSAM-3_ERA5_evaluation_r1i1p1f1_ICTP_RegCM5-0_v1-r1_1hr_200009270100-200009280000.nc
hus250_CSAM-3_ERA5_evaluation_r1i1p1f1_ICTP_RegCM5-0_v1-r1_1hr_200009280100-200009290000.nc
hus250_CSAM-3_ERA5_evaluation_r1i1p1f1_ICTP_RegCM5-0_v1-r1_1hr_200009290100-200009300000.nc
hus250_CSAM-3_ERA5_evaluation_r1i1p1f1_ICTP_RegCM5-0_v1-r1_1hr_200009300100-200010010000.nc
hus250_CSAM-3_ERA5_evaluation_r1i1p1f1_ICTP_RegCM5-0_v1-r1_1hr_200010010100-200010020000.nc
hus250_CSAM-3_ERA5_evaluation_r1i1p1f1_ICTP_RegCM5-0_v1-r1_1hr_200010020100-200010030000.nc
hus250_CSAM-3_ERA5_evaluation_r1i1p1f1_ICTP_RegCM5-0_v1-r1_1hr_200010030100-200010040000.nc
hus250_CSAM-3_ERA5_evaluation_r1i1p1f1_ICTP_RegCM5-0_v1-r1_1hr_200010040100-200010050000.nc
hus250_CSAM-3_ERA5_evaluation_r1i1p1f1_ICTP_RegCM5-0_v1-r1_1hr_200010050100-200010060000.nc
hus250_CSAM-3_ERA5_evaluation_r1i1p1f1_ICTP_RegCM5-0_v1-r1_1hr_200010060100-200010070000.nc
hus250_CSAM-3_ERA5_evaluation_r1i1p1f1_ICTP_RegCM5-0_v1-r1_1hr_200010070100-200010080000.nc
hus250_CSAM-3_ERA5_evaluation_r1i1p1f1_ICTP_RegCM5-0_v1-r1_1hr_200010080100-200010090000.nc
hus250_CSAM-3_ERA5_evaluation_r1i1p1f1_ICTP_RegCM5-0_v1-r1_1hr_200010090100-200010100000.nc
hus250_CSAM-3_ERA5_evaluation_r1i1p1f1_ICTP_RegCM5-0_v1-r1_1hr_200010100100-200010110000.nc
hus250_CSAM-3_ERA5_evaluation_r1i1p1f1_ICTP_RegCM5-0_v1-r1_1hr_200010110100-200010120000.nc
hus250_CSAM-3_ERA5_evaluation_r1i1p1f1_ICTP_RegCM5-0_v1-r1_1hr_200010120100-200010130000.nc
hus250_CSAM-3_ERA5_evaluation_r1i1p1f1_ICTP_RegCM5-0_v1-r1_1hr_200010130100-200010140000.nc
hus250_CSAM-3_ERA5_evaluation_r1i1p1f1_ICTP_RegCM5-0_v1-r1_1hr_200010140100-200010150000.nc
hus250_CSAM-3_ERA5_evaluation_r1i1p1f1_ICTP_RegCM5-0_v1-r1_1hr_200010150100-200010160000.nc
hus250_CSAM-3_ERA5_evaluation_r1i1p1f1_ICTP_RegCM5-0_v1-r1_1hr_200010160100-200010170000.nc
hus250_CSAM-3_ERA5_evaluation_r1i1p1f1_ICTP_RegCM5-0_v1-r1_1hr_200010170100-200010180000.nc
hus250_CSAM-3_ERA5_evaluation_r1i1p1f1_ICTP_RegCM5-0_v1-r1_1hr_200010180100-200010190000.nc
hus250_CSAM-3_ERA5_evaluation_r1i1p1f1_ICTP_RegCM5-0_v1-r1_1hr_200010190100-200010200000.nc
hus250_CSAM-3_ERA5_evaluation_r1i1p1f1_ICTP_RegCM5-0_v1-r1_1hr_200010200100-200010210000.nc
hus250_CSAM-3_ERA5_evaluation_r1i1p1f1_ICTP_RegCM5-0_v1-r1_1hr_200010210100-200010220000.nc
hus250_CSAM-3_ERA5_evaluation_r1i1p1f1_ICTP_RegCM5-0_v1-r1_1hr_200010220100-200010230000.nc
hus250_CSAM-3_ERA5_evaluation_r1i1p1f1_ICTP_RegCM5-0_v1-r1_1hr_200010230100-200010240000.nc
hus250_CSAM-3_ERA5_evaluation_r1i1p1f1_ICTP_RegCM5-0_v1-r1_1hr_200010240100-200010250000.nc
hus250_CSAM-3_ERA5_evaluation_r1i1p1f1_ICTP_RegCM5-0_v1-r1_1hr_200010250100-200010260000.nc
hus250_CSAM-3_ERA5_evaluation_r1i1p1f1_ICTP_RegCM5-0_v1-r1_1hr_200010260100-200010270000.nc
hus250_CSAM-3_ERA5_evaluation_r1i1p1f1_ICTP_RegCM5-0_v1-r1_1hr_200010270100-200010280000.nc
hus250_CSAM-3_ERA5_evaluation_r1i1p1f1_ICTP_RegCM5-0_v1-r1_1hr_200010280100-200010290000.nc
hus250_CSAM-3_ERA5_evaluation_r1i1p1f1_ICTP_RegCM5-0_v1-r1_1hr_200010290100-200010300000.nc
hus250_CSAM-3_ERA5_evaluation_r1i1p1f1_ICTP_RegCM5-0_v1-r1_1hr_200010300100-200010310000.nc
hus250_CSAM-3_ERA5_evaluation_r1i1p1f1_ICTP_RegCM5-0_v1-r1_1hr_200010310100-200011010000.nc
hus250_CSAM-3_ERA5_evaluation_r1i1p1f1_ICTP_RegCM5-0_v1-r1_1hr_200011010100-200011020000.nc
hus250_CSAM-3_ERA5_evaluation_r1i1p1f1_ICTP_RegCM5-0_v1-r1_1hr_200011020100-200011030000.nc
hus250_CSAM-3_ERA5_evaluation_r1i1p1f1_ICTP_RegCM5-0_v1-r1_1hr_200011030100-200011040000.nc
hus250_CSAM-3_ERA5_evaluation_r1i1p1f1_ICTP_RegCM5-0_v1-r1_1hr_200011040100-200011050000.nc
hus250_CSAM-3_ERA5_evaluation_r1i1p1f1_ICTP_RegCM5-0_v1-r1_1hr_200011050100-200011060000.nc
hus250_CSAM-3_ERA5_evaluation_r1i1p1f1_ICTP_RegCM5-0_v1-r1_1hr_200011060100-200011070000.nc
hus250_CSAM-3_ERA5_evaluation_r1i1p1f1_ICTP_RegCM5-0_v1-r1_1hr_200011070100-200011080000.nc
hus250_CSAM-3_ERA5_evaluation_r1i1p1f1_ICTP_RegCM5-0_v1-r1_1hr_200011080100-200011090000.nc
hus250_CSAM-3_ERA5_evaluation_r1i1p1f1_ICTP_RegCM5-0_v1-r1_1hr_200011090100-200011100000.nc
hus250_CSAM-3_ERA5_evaluation_r1i1p1f1_ICTP_RegCM5-0_v1-r1_1hr_200011100100-200011110000.nc
hus250_CSAM-3_ERA5_evaluation_r1i1p1f1_ICTP_RegCM5-0_v1-r1_1hr_200011110100-200011120000.nc
hus250_CSAM-3_ERA5_evaluation_r1i1p1f1_ICTP_RegCM5-0_v1-r1_1hr_200011120100-200011130000.nc
hus250_CSAM-3_ERA5_evaluation_r1i1p1f1_ICTP_RegCM5-0_v1-r1_1hr_200011130100-200011140000.nc
hus250_CSAM-3_ERA5_evaluation_r1i1p1f1_ICTP_RegCM5-0_v1-r1_1hr_200011140100-200011150000.nc
hus250_CSAM-3_ERA5_evaluation_r1i1p1f1_ICTP_RegCM5-0_v1-r1_1hr_200011150100-200011160000.nc
hus250_CSAM-3_ERA5_evaluation_r1i1p1f1_ICTP_RegCM5-0_v1-r1_1hr_200011160100-200011170000.nc
hus250_CSAM-3_ERA5_evaluation_r1i1p1f1_ICTP_RegCM5-0_v1-r1_1hr_200011170100-200011180000.nc
hus250_CSAM-3_ERA5_evaluation_r1i1p1f1_ICTP_RegCM5-0_v1-r1_1hr_200011180100-200011190000.nc
hus250_CSAM-3_ERA5_evaluation_r1i1p1f1_ICTP_RegCM5-0_v1-r1_1hr_200011190100-200011200000.nc
hus250_CSAM-3_ERA5_evaluation_r1i1p1f1_ICTP_RegCM5-0_v1-r1_1hr_200011200100-200011210000.nc
hus250_CSAM-3_ERA5_evaluation_r1i1p1f1_ICTP_RegCM5-0_v1-r1_1hr_200011210100-200011220000.nc
hus250_CSAM-3_ERA5_evaluation_r1i1p1f1_ICTP_RegCM5-0_v1-r1_1hr_200011220100-200011230000.nc
hus250_CSAM-3_ERA5_evaluation_r1i1p1f1_ICTP_RegCM5-0_v1-r1_1hr_200011230100-200011240000.nc
hus250_CSAM-3_ERA5_evaluation_r1i1p1f1_ICTP_RegCM5-0_v1-r1_1hr_200011240100-200011250000.nc
hus250_CSAM-3_ERA5_evaluation_r1i1p1f1_ICTP_RegCM5-0_v1-r1_1hr_200011250100-200011260000.nc
hus250_CSAM-3_ERA5_evaluation_r1i1p1f1_ICTP_RegCM5-0_v1-r1_1hr_200011260100-200011270000.nc
hus250_CSAM-3_ERA5_evaluation_r1i1p1f1_ICTP_RegCM5-0_v1-r1_1hr_200011270100-200011280000.nc
hus250_CSAM-3_ERA5_evaluation_r1i1p1f1_ICTP_RegCM5-0_v1-r1_1hr_200011280100-200011290000.nc
hus250_CSAM-3_ERA5_evaluation_r1i1p1f1_ICTP_RegCM5-0_v1-r1_1hr_200011290100-200011300000.nc
hus250_CSAM-3_ERA5_evaluation_r1i1p1f1_ICTP_RegCM5-0_v1-r1_1hr_200011300100-200012010000.nc
hus250_CSAM-3_ERA5_evaluation_r1i1p1f1_ICTP_RegCM5-0_v1-r1_1hr_200012010100-200012020000.nc
hus250_CSAM-3_ERA5_evaluation_r1i1p1f1_ICTP_RegCM5-0_v1-r1_1hr_200012020100-200012030000.nc
hus250_CSAM-3_ERA5_evaluation_r1i1p1f1_ICTP_RegCM5-0_v1-r1_1hr_200012030100-200012040000.nc
hus250_CSAM-3_ERA5_evaluation_r1i1p1f1_ICTP_RegCM5-0_v1-r1_1hr_200012040100-200012050000.nc
hus250_CSAM-3_ERA5_evaluation_r1i1p1f1_ICTP_RegCM5-0_v1-r1_1hr_200012050100-200012060000.nc
hus250_CSAM-3_ERA5_evaluation_r1i1p1f1_ICTP_RegCM5-0_v1-r1_1hr_200012060100-200012070000.nc
hus250_CSAM-3_ERA5_evaluation_r1i1p1f1_ICTP_RegCM5-0_v1-r1_1hr_200012070100-200012080000.nc
hus250_CSAM-3_ERA5_evaluation_r1i1p1f1_ICTP_RegCM5-0_v1-r1_1hr_200012080100-200012090000.nc
hus250_CSAM-3_ERA5_evaluation_r1i1p1f1_ICTP_RegCM5-0_v1-r1_1hr_200012090100-200012100000.nc
hus250_CSAM-3_ERA5_evaluation_r1i1p1f1_ICTP_RegCM5-0_v1-r1_1hr_200012100100-200012110000.nc
hus250_CSAM-3_ERA5_evaluation_r1i1p1f1_ICTP_RegCM5-0_v1-r1_1hr_200012110100-200012120000.nc
hus250_CSAM-3_ERA5_evaluation_r1i1p1f1_ICTP_RegCM5-0_v1-r1_1hr_200012120100-200012130000.nc
hus250_CSAM-3_ERA5_evaluation_r1i1p1f1_ICTP_RegCM5-0_v1-r1_1hr_200012130100-200012140000.nc
hus250_CSAM-3_ERA5_evaluation_r1i1p1f1_ICTP_RegCM5-0_v1-r1_1hr_200012140100-200012150000.nc
hus250_CSAM-3_ERA5_evaluation_r1i1p1f1_ICTP_RegCM5-0_v1-r1_1hr_200012150100-200012160000.nc
hus250_CSAM-3_ERA5_evaluation_r1i1p1f1_ICTP_RegCM5-0_v1-r1_1hr_200012160100-200012170000.nc
hus250_CSAM-3_ERA5_evaluation_r1i1p1f1_ICTP_RegCM5-0_v1-r1_1hr_200012170100-200012180000.nc
hus250_CSAM-3_ERA5_evaluation_r1i1p1f1_ICTP_RegCM5-0_v1-r1_1hr_200012180100-200012190000.nc
hus250_CSAM-3_ERA5_evaluation_r1i1p1f1_ICTP_RegCM5-0_v1-r1_1hr_200012190100-200012200000.nc
hus250_CSAM-3_ERA5_evaluation_r1i1p1f1_ICTP_RegCM5-0_v1-r1_1hr_200012200100-200012210000.nc
hus250_CSAM-3_ERA5_evaluation_r1i1p1f1_ICTP_RegCM5-0_v1-r1_1hr_200012210100-200012220000.nc
hus250_CSAM-3_ERA5_evaluation_r1i1p1f1_ICTP_RegCM5-0_v1-r1_1hr_200012220100-200012230000.nc
hus250_CSAM-3_ERA5_evaluation_r1i1p1f1_ICTP_RegCM5-0_v1-r1_1hr_200012230100-200012240000.nc
hus250_CSAM-3_ERA5_evaluation_r1i1p1f1_ICTP_RegCM5-0_v1-r1_1hr_200012240100-200012250000.nc
hus250_CSAM-3_ERA5_evaluation_r1i1p1f1_ICTP_RegCM5-0_v1-r1_1hr_200012250100-200012260000.nc
hus250_CSAM-3_ERA5_evaluation_r1i1p1f1_ICTP_RegCM5-0_v1-r1_1hr_200012260100-200012270000.nc
hus250_CSAM-3_ERA5_evaluation_r1i1p1f1_ICTP_RegCM5-0_v1-r1_1hr_200012270100-200012280000.nc
hus250_CSAM-3_ERA5_evaluation_r1i1p1f1_ICTP_RegCM5-0_v1-r1_1hr_200012280100-200012290000.nc
hus250_CSAM-3_ERA5_evaluation_r1i1p1f1_ICTP_RegCM5-0_v1-r1_1hr_200012290100-200012300000.nc
hus250_CSAM-3_ERA5_evaluation_r1i1p1f1_ICTP_RegCM5-0_v1-r1_1hr_200012300100-200012310000.nc
hus250_CSAM-3_ERA5_evaluation_r1i1p1f1_ICTP_RegCM5-0_v1-r1_1hr_200012310100-200101010000.nc
