Files: cape_CSAM-3_ERA5_evaluation_r1i1p1f1_ICTP_RegCM5-0_v1-r1_1hr_200701010100-200701020000.nc
cape_CSAM-3_ERA5_evaluation_r1i1p1f1_ICTP_RegCM5-0_v1-r1_1hr_200701020100-200701030000.nc
cape_CSAM-3_ERA5_evaluation_r1i1p1f1_ICTP_RegCM5-0_v1-r1_1hr_200701030100-200701040000.nc
cape_CSAM-3_ERA5_evaluation_r1i1p1f1_ICTP_RegCM5-0_v1-r1_1hr_200701040100-200701050000.nc
cape_CSAM-3_ERA5_evaluation_r1i1p1f1_ICTP_RegCM5-0_v1-r1_1hr_200701050100-200701060000.nc
cape_CSAM-3_ERA5_evaluation_r1i1p1f1_ICTP_RegCM5-0_v1-r1_1hr_200701060100-200701070000.nc
cape_CSAM-3_ERA5_evaluation_r1i1p1f1_ICTP_RegCM5-0_v1-r1_1hr_200701070100-200701080000.nc
cape_CSAM-3_ERA5_evaluation_r1i1p1f1_ICTP_RegCM5-0_v1-r1_1hr_200701080100-200701090000.nc
cape_CSAM-3_ERA5_evaluation_r1i1p1f1_ICTP_RegCM5-0_v1-r1_1hr_200701090100-200701100000.nc
cape_CSAM-3_ERA5_evaluation_r1i1p1f1_ICTP_RegCM5-0_v1-r1_1hr_200701100100-200701110000.nc
cape_CSAM-3_ERA5_evaluation_r1i1p1f1_ICTP_RegCM5-0_v1-r1_1hr_200701110100-200701120000.nc
cape_CSAM-3_ERA5_evaluation_r1i1p1f1_ICTP_RegCM5-0_v1-r1_1hr_200701120100-200701130000.nc
cape_CSAM-3_ERA5_evaluation_r1i1p1f1_ICTP_RegCM5-0_v1-r1_1hr_200701130100-200701140000.nc
cape_CSAM-3_ERA5_evaluation_r1i1p1f1_ICTP_RegCM5-0_v1-r1_1hr_200701140100-200701150000.nc
cape_CSAM-3_ERA5_evaluation_r1i1p1f1_ICTP_RegCM5-0_v1-r1_1hr_200701150100-200701160000.nc
cape_CSAM-3_ERA5_evaluation_r1i1p1f1_ICTP_RegCM5-0_v1-r1_1hr_200701160100-200701170000.nc
cape_CSAM-3_ERA5_evaluation_r1i1p1f1_ICTP_RegCM5-0_v1-r1_1hr_200701170100-200701180000.nc
cape_CSAM-3_ERA5_evaluation_r1i1p1f1_ICTP_RegCM5-0_v1-r1_1hr_200701180100-200701190000.nc
cape_CSAM-3_ERA5_evaluation_r1i1p1f1_ICTP_RegCM5-0_v1-r1_1hr_200701190100-200701200000.nc
cape_CSAM-3_ERA5_evaluation_r1i1p1f1_ICTP_RegCM5-0_v1-r1_1hr_200701200100-200701210000.nc
cape_CSAM-3_ERA5_evaluation_r1i1p1f1_ICTP_RegCM5-0_v1-r1_1hr_200701210100-200701220000.nc
cape_CSAM-3_ERA5_evaluation_r1i1p1f1_ICTP_RegCM5-0_v1-r1_1hr_200701220100-200701230000.nc
cape_CSAM-3_ERA5_evaluation_r1i1p1f1_ICTP_RegCM5-0_v1-r1_1hr_200701230100-200701240000.nc
cape_CSAM-3_ERA5_evaluation_r1i1p1f1_ICTP_RegCM5-0_v1-r1_1hr_200701240100-200701250000.nc
cape_CSAM-3_ERA5_evaluation_r1i1p1f1_ICTP_RegCM5-0_v1-r1_1hr_200701250100-200701260000.nc
cape_CSAM-3_ERA5_evaluation_r1i1p1f1_ICTP_RegCM5-0_v1-r1_1hr_200701260100-200701270000.nc
cape_CSAM-3_ERA5_evaluation_r1i1p1f1_ICTP_RegCM5-0_v1-r1_1hr_200701270100-200701280000.nc
cape_CSAM-3_ERA5_evaluation_r1i1p1f1_ICTP_RegCM5-0_v1-r1_1hr_200701280100-200701290000.nc
cape_CSAM-3_ERA5_evaluation_r1i1p1f1_ICTP_RegCM5-0_v1-r1_1hr_200701290100-200701300000.nc
cape_CSAM-3_ERA5_evaluation_r1i1p1f1_ICTP_RegCM5-0_v1-r1_1hr_200701300100-200701310000.nc
cape_CSAM-3_ERA5_evaluation_r1i1p1f1_ICTP_RegCM5-0_v1-r1_1hr_200701310100-200702010000.nc
cape_CSAM-3_ERA5_evaluation_r1i1p1f1_ICTP_RegCM5-0_v1-r1_1hr_200702010100-200702020000.nc
cape_CSAM-3_ERA5_evaluation_r1i1p1f1_ICTP_RegCM5-0_v1-r1_1hr_200702020100-200702030000.nc
cape_CSAM-3_ERA5_evaluation_r1i1p1f1_ICTP_RegCM5-0_v1-r1_1hr_200702030100-200702040000.nc
cape_CSAM-3_ERA5_evaluation_r1i1p1f1_ICTP_RegCM5-0_v1-r1_1hr_200702040100-200702050000.nc
cape_CSAM-3_ERA5_evaluation_r1i1p1f1_ICTP_RegCM5-0_v1-r1_1hr_200702050100-200702060000.nc
cape_CSAM-3_ERA5_evaluation_r1i1p1f1_ICTP_RegCM5-0_v1-r1_1hr_200702060100-200702070000.nc
cape_CSAM-3_ERA5_evaluation_r1i1p1f1_ICTP_RegCM5-0_v1-r1_1hr_200702070100-200702080000.nc
cape_CSAM-3_ERA5_evaluation_r1i1p1f1_ICTP_RegCM5-0_v1-r1_1hr_200702080100-200702090000.nc
cape_CSAM-3_ERA5_evaluation_r1i1p1f1_ICTP_RegCM5-0_v1-r1_1hr_200702090100-200702100000.nc
cape_CSAM-3_ERA5_evaluation_r1i1p1f1_ICTP_RegCM5-0_v1-r1_1hr_200702100100-200702110000.nc
cape_CSAM-3_ERA5_evaluation_r1i1p1f1_ICTP_RegCM5-0_v1-r1_1hr_200702110100-200702120000.nc
cape_CSAM-3_ERA5_evaluation_r1i1p1f1_ICTP_RegCM5-0_v1-r1_1hr_200702120100-200702130000.nc
cape_CSAM-3_ERA5_evaluation_r1i1p1f1_ICTP_RegCM5-0_v1-r1_1hr_200702130100-200702140000.nc
cape_CSAM-3_ERA5_evaluation_r1i1p1f1_ICTP_RegCM5-0_v1-r1_1hr_200702140100-200702150000.nc
cape_CSAM-3_ERA5_evaluation_r1i1p1f1_ICTP_RegCM5-0_v1-r1_1hr_200702150100-200702160000.nc
cape_CSAM-3_ERA5_evaluation_r1i1p1f1_ICTP_RegCM5-0_v1-r1_1hr_200702160100-200702170000.nc
cape_CSAM-3_ERA5_evaluation_r1i1p1f1_ICTP_RegCM5-0_v1-r1_1hr_200702170100-200702180000.nc
cape_CSAM-3_ERA5_evaluation_r1i1p1f1_ICTP_RegCM5-0_v1-r1_1hr_200702180100-200702190000.nc
cape_CSAM-3_ERA5_evaluation_r1i1p1f1_ICTP_RegCM5-0_v1-r1_1hr_200702190100-200702200000.nc
cape_CSAM-3_ERA5_evaluation_r1i1p1f1_ICTP_RegCM5-0_v1-r1_1hr_200702200100-200702210000.nc
cape_CSAM-3_ERA5_evaluation_r1i1p1f1_ICTP_RegCM5-0_v1-r1_1hr_200702210100-200702220000.nc
cape_CSAM-3_ERA5_evaluation_r1i1p1f1_ICTP_RegCM5-0_v1-r1_1hr_200702220100-200702230000.nc
cape_CSAM-3_ERA5_evaluation_r1i1p1f1_ICTP_RegCM5-0_v1-r1_1hr_200702230100-200702240000.nc
cape_CSAM-3_ERA5_evaluation_r1i1p1f1_ICTP_RegCM5-0_v1-r1_1hr_200702240100-200702250000.nc
cape_CSAM-3_ERA5_evaluation_r1i1p1f1_ICTP_RegCM5-0_v1-r1_1hr_200702250100-200702260000.nc
cape_CSAM-3_ERA5_evaluation_r1i1p1f1_ICTP_RegCM5-0_v1-r1_1hr_200702260100-200702270000.nc
cape_CSAM-3_ERA5_evaluation_r1i1p1f1_ICTP_RegCM5-0_v1-r1_1hr_200702270100-200702280000.nc
cape_CSAM-3_ERA5_evaluation_r1i1p1f1_ICTP_RegCM5-0_v1-r1_1hr_200702280100-200703010000.nc
cape_CSAM-3_ERA5_evaluation_r1i1p1f1_ICTP_RegCM5-0_v1-r1_1hr_200703010100-200703020000.nc
cape_CSAM-3_ERA5_evaluation_r1i1p1f1_ICTP_RegCM5-0_v1-r1_1hr_200703020100-200703030000.nc
cape_CSAM-3_ERA5_evaluation_r1i1p1f1_ICTP_RegCM5-0_v1-r1_1hr_200703030100-200703040000.nc
cape_CSAM-3_ERA5_evaluation_r1i1p1f1_ICTP_RegCM5-0_v1-r1_1hr_200703040100-200703050000.nc
cape_CSAM-3_ERA5_evaluation_r1i1p1f1_ICTP_RegCM5-0_v1-r1_1hr_200703050100-200703060000.nc
cape_CSAM-3_ERA5_evaluation_r1i1p1f1_ICTP_RegCM5-0_v1-r1_1hr_200703060100-200703070000.nc
cape_CSAM-3_ERA5_evaluation_r1i1p1f1_ICTP_RegCM5-0_v1-r1_1hr_200703070100-200703080000.nc
cape_CSAM-3_ERA5_evaluation_r1i1p1f1_ICTP_RegCM5-0_v1-r1_1hr_200703080100-200703090000.nc
cape_CSAM-3_ERA5_evaluation_r1i1p1f1_ICTP_RegCM5-0_v1-r1_1hr_200703090100-200703100000.nc
cape_CSAM-3_ERA5_evaluation_r1i1p1f1_ICTP_RegCM5-0_v1-r1_1hr_200703100100-200703110000.nc
cape_CSAM-3_ERA5_evaluation_r1i1p1f1_ICTP_RegCM5-0_v1-r1_1hr_200703110100-200703120000.nc
cape_CSAM-3_ERA5_evaluation_r1i1p1f1_ICTP_RegCM5-0_v1-r1_1hr_200703120100-200703130000.nc
cape_CSAM-3_ERA5_evaluation_r1i1p1f1_ICTP_RegCM5-0_v1-r1_1hr_200703130100-200703140000.nc
cape_CSAM-3_ERA5_evaluation_r1i1p1f1_ICTP_RegCM5-0_v1-r1_1hr_200703140100-200703150000.nc
cape_CSAM-3_ERA5_evaluation_r1i1p1f1_ICTP_RegCM5-0_v1-r1_1hr_200703150100-200703160000.nc
cape_CSAM-3_ERA5_evaluation_r1i1p1f1_ICTP_RegCM5-0_v1-r1_1hr_200703160100-200703170000.nc
cape_CSAM-3_ERA5_evaluation_r1i1p1f1_ICTP_RegCM5-0_v1-r1_1hr_200703170100-200703180000.nc
cape_CSAM-3_ERA5_evaluation_r1i1p1f1_ICTP_RegCM5-0_v1-r1_1hr_200703180100-200703190000.nc
cape_CSAM-3_ERA5_evaluation_r1i1p1f1_ICTP_RegCM5-0_v1-r1_1hr_200703190100-200703200000.nc
cape_CSAM-3_ERA5_evaluation_r1i1p1f1_ICTP_RegCM5-0_v1-r1_1hr_200703200100-200703210000.nc
cape_CSAM-3_ERA5_evaluation_r1i1p1f1_ICTP_RegCM5-0_v1-r1_1hr_200703210100-200703220000.nc
cape_CSAM-3_ERA5_evaluation_r1i1p1f1_ICTP_RegCM5-0_v1-r1_1hr_200703220100-200703230000.nc
cape_CSAM-3_ERA5_evaluation_r1i1p1f1_ICTP_RegCM5-0_v1-r1_1hr_200703230100-200703240000.nc
cape_CSAM-3_ERA5_evaluation_r1i1p1f1_ICTP_RegCM5-0_v1-r1_1hr_200703240100-200703250000.nc
cape_CSAM-3_ERA5_evaluation_r1i1p1f1_ICTP_RegCM5-0_v1-r1_1hr_200703250100-200703260000.nc
cape_CSAM-3_ERA5_evaluation_r1i1p1f1_ICTP_RegCM5-0_v1-r1_1hr_200703260100-200703270000.nc
cape_CSAM-3_ERA5_evaluation_r1i1p1f1_ICTP_RegCM5-0_v1-r1_1hr_200703270100-200703280000.nc
cape_CSAM-3_ERA5_evaluation_r1i1p1f1_ICTP_RegCM5-0_v1-r1_1hr_200703280100-200703290000.nc
cape_CSAM-3_ERA5_evaluation_r1i1p1f1_ICTP_RegCM5-0_v1-r1_1hr_200703290100-200703300000.nc
cape_CSAM-3_ERA5_evaluation_r1i1p1f1_ICTP_RegCM5-0_v1-r1_1hr_200703300100-200703310000.nc
cape_CSAM-3_ERA5_evaluation_r1i1p1f1_ICTP_RegCM5-0_v1-r1_1hr_200703310100-200704010000.nc
cape_CSAM-3_ERA5_evaluation_r1i1p1f1_ICTP_RegCM5-0_v1-r1_1hr_200704010100-200704020000.nc
cape_CSAM-3_ERA5_evaluation_r1i1p1f1_ICTP_RegCM5-0_v1-r1_1hr_200704020100-200704030000.nc
cape_CSAM-3_ERA5_evaluation_r1i1p1f1_ICTP_RegCM5-0_v1-r1_1hr_200704030100-200704040000.nc
cape_CSAM-3_ERA5_evaluation_r1i1p1f1_ICTP_RegCM5-0_v1-r1_1hr_200704040100-200704050000.nc
cape_CSAM-3_ERA5_evaluation_r1i1p1f1_ICTP_RegCM5-0_v1-r1_1hr_200704050100-200704060000.nc
cape_CSAM-3_ERA5_evaluation_r1i1p1f1_ICTP_RegCM5-0_v1-r1_1hr_200704060100-200704070000.nc
cape_CSAM-3_ERA5_evaluation_r1i1p1f1_ICTP_RegCM5-0_v1-r1_1hr_200704070100-200704080000.nc
cape_CSAM-3_ERA5_evaluation_r1i1p1f1_ICTP_RegCM5-0_v1-r1_1hr_200704080100-200704090000.nc
cape_CSAM-3_ERA5_evaluation_r1i1p1f1_ICTP_RegCM5-0_v1-r1_1hr_200704090100-200704100000.nc
cape_CSAM-3_ERA5_evaluation_r1i1p1f1_ICTP_RegCM5-0_v1-r1_1hr_200704100100-200704110000.nc
cape_CSAM-3_ERA5_evaluation_r1i1p1f1_ICTP_RegCM5-0_v1-r1_1hr_200704110100-200704120000.nc
cape_CSAM-3_ERA5_evaluation_r1i1p1f1_ICTP_RegCM5-0_v1-r1_1hr_200704120100-200704130000.nc
cape_CSAM-3_ERA5_evaluation_r1i1p1f1_ICTP_RegCM5-0_v1-r1_1hr_200704130100-200704140000.nc
cape_CSAM-3_ERA5_evaluation_r1i1p1f1_ICTP_RegCM5-0_v1-r1_1hr_200704140100-200704150000.nc
cape_CSAM-3_ERA5_evaluation_r1i1p1f1_ICTP_RegCM5-0_v1-r1_1hr_200704150100-200704160000.nc
cape_CSAM-3_ERA5_evaluation_r1i1p1f1_ICTP_RegCM5-0_v1-r1_1hr_200704160100-200704170000.nc
cape_CSAM-3_ERA5_evaluation_r1i1p1f1_ICTP_RegCM5-0_v1-r1_1hr_200704170100-200704180000.nc
cape_CSAM-3_ERA5_evaluation_r1i1p1f1_ICTP_RegCM5-0_v1-r1_1hr_200704180100-200704190000.nc
cape_CSAM-3_ERA5_evaluation_r1i1p1f1_ICTP_RegCM5-0_v1-r1_1hr_200704190100-200704200000.nc
cape_CSAM-3_ERA5_evaluation_r1i1p1f1_ICTP_RegCM5-0_v1-r1_1hr_200704200100-200704210000.nc
cape_CSAM-3_ERA5_evaluation_r1i1p1f1_ICTP_RegCM5-0_v1-r1_1hr_200704210100-200704220000.nc
cape_CSAM-3_ERA5_evaluation_r1i1p1f1_ICTP_RegCM5-0_v1-r1_1hr_200704220100-200704230000.nc
cape_CSAM-3_ERA5_evaluation_r1i1p1f1_ICTP_RegCM5-0_v1-r1_1hr_200704230100-200704240000.nc
cape_CSAM-3_ERA5_evaluation_r1i1p1f1_ICTP_RegCM5-0_v1-r1_1hr_200704240100-200704250000.nc
cape_CSAM-3_ERA5_evaluation_r1i1p1f1_ICTP_RegCM5-0_v1-r1_1hr_200704250100-200704260000.nc
cape_CSAM-3_ERA5_evaluation_r1i1p1f1_ICTP_RegCM5-0_v1-r1_1hr_200704260100-200704270000.nc
cape_CSAM-3_ERA5_evaluation_r1i1p1f1_ICTP_RegCM5-0_v1-r1_1hr_200704270100-200704280000.nc
cape_CSAM-3_ERA5_evaluation_r1i1p1f1_ICTP_RegCM5-0_v1-r1_1hr_200704280100-200704290000.nc
cape_CSAM-3_ERA5_evaluation_r1i1p1f1_ICTP_RegCM5-0_v1-r1_1hr_200704290100-200704300000.nc
cape_CSAM-3_ERA5_evaluation_r1i1p1f1_ICTP_RegCM5-0_v1-r1_1hr_200704300100-200705010000.nc
cape_CSAM-3_ERA5_evaluation_r1i1p1f1_ICTP_RegCM5-0_v1-r1_1hr_200705010100-200705020000.nc
cape_CSAM-3_ERA5_evaluation_r1i1p1f1_ICTP_RegCM5-0_v1-r1_1hr_200705020100-200705030000.nc
cape_CSAM-3_ERA5_evaluation_r1i1p1f1_ICTP_RegCM5-0_v1-r1_1hr_200705030100-200705040000.nc
cape_CSAM-3_ERA5_evaluation_r1i1p1f1_ICTP_RegCM5-0_v1-r1_1hr_200705040100-200705050000.nc
cape_CSAM-3_ERA5_evaluation_r1i1p1f1_ICTP_RegCM5-0_v1-r1_1hr_200705050100-200705060000.nc
cape_CSAM-3_ERA5_evaluation_r1i1p1f1_ICTP_RegCM5-0_v1-r1_1hr_200705060100-200705070000.nc
cape_CSAM-3_ERA5_evaluation_r1i1p1f1_ICTP_RegCM5-0_v1-r1_1hr_200705070100-200705080000.nc
cape_CSAM-3_ERA5_evaluation_r1i1p1f1_ICTP_RegCM5-0_v1-r1_1hr_200705080100-200705090000.nc
cape_CSAM-3_ERA5_evaluation_r1i1p1f1_ICTP_RegCM5-0_v1-r1_1hr_200705090100-200705100000.nc
cape_CSAM-3_ERA5_evaluation_r1i1p1f1_ICTP_RegCM5-0_v1-r1_1hr_200705100100-200705110000.nc
cape_CSAM-3_ERA5_evaluation_r1i1p1f1_ICTP_RegCM5-0_v1-r1_1hr_200705110100-200705120000.nc
cape_CSAM-3_ERA5_evaluation_r1i1p1f1_ICTP_RegCM5-0_v1-r1_1hr_200705120100-200705130000.nc
cape_CSAM-3_ERA5_evaluation_r1i1p1f1_ICTP_RegCM5-0_v1-r1_1hr_200705130100-200705140000.nc
cape_CSAM-3_ERA5_evaluation_r1i1p1f1_ICTP_RegCM5-0_v1-r1_1hr_200705140100-200705150000.nc
cape_CSAM-3_ERA5_evaluation_r1i1p1f1_ICTP_RegCM5-0_v1-r1_1hr_200705150100-200705160000.nc
cape_CSAM-3_ERA5_evaluation_r1i1p1f1_ICTP_RegCM5-0_v1-r1_1hr_200705160100-200705170000.nc
cape_CSAM-3_ERA5_evaluation_r1i1p1f1_ICTP_RegCM5-0_v1-r1_1hr_200705170100-200705180000.nc
cape_CSAM-3_ERA5_evaluation_r1i1p1f1_ICTP_RegCM5-0_v1-r1_1hr_200705180100-200705190000.nc
cape_CSAM-3_ERA5_evaluation_r1i1p1f1_ICTP_RegCM5-0_v1-r1_1hr_200705190100-200705200000.nc
cape_CSAM-3_ERA5_evaluation_r1i1p1f1_ICTP_RegCM5-0_v1-r1_1hr_200705200100-200705210000.nc
cape_CSAM-3_ERA5_evaluation_r1i1p1f1_ICTP_RegCM5-0_v1-r1_1hr_200705210100-200705220000.nc
cape_CSAM-3_ERA5_evaluation_r1i1p1f1_ICTP_RegCM5-0_v1-r1_1hr_200705220100-200705230000.nc
cape_CSAM-3_ERA5_evaluation_r1i1p1f1_ICTP_RegCM5-0_v1-r1_1hr_200705230100-200705240000.nc
cape_CSAM-3_ERA5_evaluation_r1i1p1f1_ICTP_RegCM5-0_v1-r1_1hr_200705240100-200705250000.nc
cape_CSAM-3_ERA5_evaluation_r1i1p1f1_ICTP_RegCM5-0_v1-r1_1hr_200705250100-200705260000.nc
cape_CSAM-3_ERA5_evaluation_r1i1p1f1_ICTP_RegCM5-0_v1-r1_1hr_200705260100-200705270000.nc
cape_CSAM-3_ERA5_evaluation_r1i1p1f1_ICTP_RegCM5-0_v1-r1_1hr_200705270100-200705280000.nc
cape_CSAM-3_ERA5_evaluation_r1i1p1f1_ICTP_RegCM5-0_v1-r1_1hr_200705280100-200705290000.nc
cape_CSAM-3_ERA5_evaluation_r1i1p1f1_ICTP_RegCM5-0_v1-r1_1hr_200705290100-200705300000.nc
cape_CSAM-3_ERA5_evaluation_r1i1p1f1_ICTP_RegCM5-0_v1-r1_1hr_200705300100-200705310000.nc
cape_CSAM-3_ERA5_evaluation_r1i1p1f1_ICTP_RegCM5-0_v1-r1_1hr_200705310100-200706010000.nc
cape_CSAM-3_ERA5_evaluation_r1i1p1f1_ICTP_RegCM5-0_v1-r1_1hr_200706010100-200706020000.nc
cape_CSAM-3_ERA5_evaluation_r1i1p1f1_ICTP_RegCM5-0_v1-r1_1hr_200706020100-200706030000.nc
cape_CSAM-3_ERA5_evaluation_r1i1p1f1_ICTP_RegCM5-0_v1-r1_1hr_200706030100-200706040000.nc
cape_CSAM-3_ERA5_evaluation_r1i1p1f1_ICTP_RegCM5-0_v1-r1_1hr_200706040100-200706050000.nc
cape_CSAM-3_ERA5_evaluation_r1i1p1f1_ICTP_RegCM5-0_v1-r1_1hr_200706050100-200706060000.nc
cape_CSAM-3_ERA5_evaluation_r1i1p1f1_ICTP_RegCM5-0_v1-r1_1hr_200706060100-200706070000.nc
cape_CSAM-3_ERA5_evaluation_r1i1p1f1_ICTP_RegCM5-0_v1-r1_1hr_200706070100-200706080000.nc
cape_CSAM-3_ERA5_evaluation_r1i1p1f1_ICTP_RegCM5-0_v1-r1_1hr_200706080100-200706090000.nc
cape_CSAM-3_ERA5_evaluation_r1i1p1f1_ICTP_RegCM5-0_v1-r1_1hr_200706090100-200706100000.nc
cape_CSAM-3_ERA5_evaluation_r1i1p1f1_ICTP_RegCM5-0_v1-r1_1hr_200706100100-200706110000.nc
cape_CSAM-3_ERA5_evaluation_r1i1p1f1_ICTP_RegCM5-0_v1-r1_1hr_200706110100-200706120000.nc
cape_CSAM-3_ERA5_evaluation_r1i1p1f1_ICTP_RegCM5-0_v1-r1_1hr_200706120100-200706130000.nc
cape_CSAM-3_ERA5_evaluation_r1i1p1f1_ICTP_RegCM5-0_v1-r1_1hr_200706130100-200706140000.nc
cape_CSAM-3_ERA5_evaluation_r1i1p1f1_ICTP_RegCM5-0_v1-r1_1hr_200706140100-200706150000.nc
cape_CSAM-3_ERA5_evaluation_r1i1p1f1_ICTP_RegCM5-0_v1-r1_1hr_200706150100-200706160000.nc
cape_CSAM-3_ERA5_evaluation_r1i1p1f1_ICTP_RegCM5-0_v1-r1_1hr_200706160100-200706170000.nc
cape_CSAM-3_ERA5_evaluation_r1i1p1f1_ICTP_RegCM5-0_v1-r1_1hr_200706170100-200706180000.nc
cape_CSAM-3_ERA5_evaluation_r1i1p1f1_ICTP_RegCM5-0_v1-r1_1hr_200706180100-200706190000.nc
cape_CSAM-3_ERA5_evaluation_r1i1p1f1_ICTP_RegCM5-0_v1-r1_1hr_200706190100-200706200000.nc
cape_CSAM-3_ERA5_evaluation_r1i1p1f1_ICTP_RegCM5-0_v1-r1_1hr_200706200100-200706210000.nc
cape_CSAM-3_ERA5_evaluation_r1i1p1f1_ICTP_RegCM5-0_v1-r1_1hr_200706210100-200706220000.nc
cape_CSAM-3_ERA5_evaluation_r1i1p1f1_ICTP_RegCM5-0_v1-r1_1hr_200706220100-200706230000.nc
cape_CSAM-3_ERA5_evaluation_r1i1p1f1_ICTP_RegCM5-0_v1-r1_1hr_200706230100-200706240000.nc
cape_CSAM-3_ERA5_evaluation_r1i1p1f1_ICTP_RegCM5-0_v1-r1_1hr_200706240100-200706250000.nc
cape_CSAM-3_ERA5_evaluation_r1i1p1f1_ICTP_RegCM5-0_v1-r1_1hr_200706250100-200706260000.nc
cape_CSAM-3_ERA5_evaluation_r1i1p1f1_ICTP_RegCM5-0_v1-r1_1hr_200706260100-200706270000.nc
cape_CSAM-3_ERA5_evaluation_r1i1p1f1_ICTP_RegCM5-0_v1-r1_1hr_200706270100-200706280000.nc
cape_CSAM-3_ERA5_evaluation_r1i1p1f1_ICTP_RegCM5-0_v1-r1_1hr_200706280100-200706290000.nc
cape_CSAM-3_ERA5_evaluation_r1i1p1f1_ICTP_RegCM5-0_v1-r1_1hr_200706290100-200706300000.nc
cape_CSAM-3_ERA5_evaluation_r1i1p1f1_ICTP_RegCM5-0_v1-r1_1hr_200706300100-200707010000.nc
cape_CSAM-3_ERA5_evaluation_r1i1p1f1_ICTP_RegCM5-0_v1-r1_1hr_200707010100-200707020000.nc
cape_CSAM-3_ERA5_evaluation_r1i1p1f1_ICTP_RegCM5-0_v1-r1_1hr_200707020100-200707030000.nc
cape_CSAM-3_ERA5_evaluation_r1i1p1f1_ICTP_RegCM5-0_v1-r1_1hr_200707030100-200707040000.nc
cape_CSAM-3_ERA5_evaluation_r1i1p1f1_ICTP_RegCM5-0_v1-r1_1hr_200707040100-200707050000.nc
cape_CSAM-3_ERA5_evaluation_r1i1p1f1_ICTP_RegCM5-0_v1-r1_1hr_200707050100-200707060000.nc
cape_CSAM-3_ERA5_evaluation_r1i1p1f1_ICTP_RegCM5-0_v1-r1_1hr_200707060100-200707070000.nc
cape_CSAM-3_ERA5_evaluation_r1i1p1f1_ICTP_RegCM5-0_v1-r1_1hr_200707070100-200707080000.nc
cape_CSAM-3_ERA5_evaluation_r1i1p1f1_ICTP_RegCM5-0_v1-r1_1hr_200707080100-200707090000.nc
cape_CSAM-3_ERA5_evaluation_r1i1p1f1_ICTP_RegCM5-0_v1-r1_1hr_200707090100-200707100000.nc
cape_CSAM-3_ERA5_evaluation_r1i1p1f1_ICTP_RegCM5-0_v1-r1_1hr_200707100100-200707110000.nc
cape_CSAM-3_ERA5_evaluation_r1i1p1f1_ICTP_RegCM5-0_v1-r1_1hr_200707110100-200707120000.nc
cape_CSAM-3_ERA5_evaluation_r1i1p1f1_ICTP_RegCM5-0_v1-r1_1hr_200707120100-200707130000.nc
cape_CSAM-3_ERA5_evaluation_r1i1p1f1_ICTP_RegCM5-0_v1-r1_1hr_200707130100-200707140000.nc
cape_CSAM-3_ERA5_evaluation_r1i1p1f1_ICTP_RegCM5-0_v1-r1_1hr_200707140100-200707150000.nc
cape_CSAM-3_ERA5_evaluation_r1i1p1f1_ICTP_RegCM5-0_v1-r1_1hr_200707150100-200707160000.nc
cape_CSAM-3_ERA5_evaluation_r1i1p1f1_ICTP_RegCM5-0_v1-r1_1hr_200707160100-200707170000.nc
cape_CSAM-3_ERA5_evaluation_r1i1p1f1_ICTP_RegCM5-0_v1-r1_1hr_200707170100-200707180000.nc
cape_CSAM-3_ERA5_evaluation_r1i1p1f1_ICTP_RegCM5-0_v1-r1_1hr_200707180100-200707190000.nc
cape_CSAM-3_ERA5_evaluation_r1i1p1f1_ICTP_RegCM5-0_v1-r1_1hr_200707190100-200707200000.nc
cape_CSAM-3_ERA5_evaluation_r1i1p1f1_ICTP_RegCM5-0_v1-r1_1hr_200707200100-200707210000.nc
cape_CSAM-3_ERA5_evaluation_r1i1p1f1_ICTP_RegCM5-0_v1-r1_1hr_200707210100-200707220000.nc
cape_CSAM-3_ERA5_evaluation_r1i1p1f1_ICTP_RegCM5-0_v1-r1_1hr_200707220100-200707230000.nc
cape_CSAM-3_ERA5_evaluation_r1i1p1f1_ICTP_RegCM5-0_v1-r1_1hr_200707230100-200707240000.nc
cape_CSAM-3_ERA5_evaluation_r1i1p1f1_ICTP_RegCM5-0_v1-r1_1hr_200707240100-200707250000.nc
cape_CSAM-3_ERA5_evaluation_r1i1p1f1_ICTP_RegCM5-0_v1-r1_1hr_200707250100-200707260000.nc
cape_CSAM-3_ERA5_evaluation_r1i1p1f1_ICTP_RegCM5-0_v1-r1_1hr_200707260100-200707270000.nc
cape_CSAM-3_ERA5_evaluation_r1i1p1f1_ICTP_RegCM5-0_v1-r1_1hr_200707270100-200707280000.nc
cape_CSAM-3_ERA5_evaluation_r1i1p1f1_ICTP_RegCM5-0_v1-r1_1hr_200707280100-200707290000.nc
cape_CSAM-3_ERA5_evaluation_r1i1p1f1_ICTP_RegCM5-0_v1-r1_1hr_200707290100-200707300000.nc
cape_CSAM-3_ERA5_evaluation_r1i1p1f1_ICTP_RegCM5-0_v1-r1_1hr_200707300100-200707310000.nc
cape_CSAM-3_ERA5_evaluation_r1i1p1f1_ICTP_RegCM5-0_v1-r1_1hr_200707310100-200708010000.nc
cape_CSAM-3_ERA5_evaluation_r1i1p1f1_ICTP_RegCM5-0_v1-r1_1hr_200708010100-200708020000.nc
cape_CSAM-3_ERA5_evaluation_r1i1p1f1_ICTP_RegCM5-0_v1-r1_1hr_200708020100-200708030000.nc
cape_CSAM-3_ERA5_evaluation_r1i1p1f1_ICTP_RegCM5-0_v1-r1_1hr_200708030100-200708040000.nc
cape_CSAM-3_ERA5_evaluation_r1i1p1f1_ICTP_RegCM5-0_v1-r1_1hr_200708040100-200708050000.nc
cape_CSAM-3_ERA5_evaluation_r1i1p1f1_ICTP_RegCM5-0_v1-r1_1hr_200708050100-200708060000.nc
cape_CSAM-3_ERA5_evaluation_r1i1p1f1_ICTP_RegCM5-0_v1-r1_1hr_200708060100-200708070000.nc
cape_CSAM-3_ERA5_evaluation_r1i1p1f1_ICTP_RegCM5-0_v1-r1_1hr_200708070100-200708080000.nc
cape_CSAM-3_ERA5_evaluation_r1i1p1f1_ICTP_RegCM5-0_v1-r1_1hr_200708080100-200708090000.nc
cape_CSAM-3_ERA5_evaluation_r1i1p1f1_ICTP_RegCM5-0_v1-r1_1hr_200708090100-200708100000.nc
cape_CSAM-3_ERA5_evaluation_r1i1p1f1_ICTP_RegCM5-0_v1-r1_1hr_200708100100-200708110000.nc
cape_CSAM-3_ERA5_evaluation_r1i1p1f1_ICTP_RegCM5-0_v1-r1_1hr_200708110100-200708120000.nc
cape_CSAM-3_ERA5_evaluation_r1i1p1f1_ICTP_RegCM5-0_v1-r1_1hr_200708120100-200708130000.nc
cape_CSAM-3_ERA5_evaluation_r1i1p1f1_ICTP_RegCM5-0_v1-r1_1hr_200708130100-200708140000.nc
cape_CSAM-3_ERA5_evaluation_r1i1p1f1_ICTP_RegCM5-0_v1-r1_1hr_200708140100-200708150000.nc
cape_CSAM-3_ERA5_evaluation_r1i1p1f1_ICTP_RegCM5-0_v1-r1_1hr_200708150100-200708160000.nc
cape_CSAM-3_ERA5_evaluation_r1i1p1f1_ICTP_RegCM5-0_v1-r1_1hr_200708160100-200708170000.nc
cape_CSAM-3_ERA5_evaluation_r1i1p1f1_ICTP_RegCM5-0_v1-r1_1hr_200708170100-200708180000.nc
cape_CSAM-3_ERA5_evaluation_r1i1p1f1_ICTP_RegCM5-0_v1-r1_1hr_200708180100-200708190000.nc
cape_CSAM-3_ERA5_evaluation_r1i1p1f1_ICTP_RegCM5-0_v1-r1_1hr_200708190100-200708200000.nc
cape_CSAM-3_ERA5_evaluation_r1i1p1f1_ICTP_RegCM5-0_v1-r1_1hr_200708200100-200708210000.nc
cape_CSAM-3_ERA5_evaluation_r1i1p1f1_ICTP_RegCM5-0_v1-r1_1hr_200708210100-200708220000.nc
cape_CSAM-3_ERA5_evaluation_r1i1p1f1_ICTP_RegCM5-0_v1-r1_1hr_200708220100-200708230000.nc
cape_CSAM-3_ERA5_evaluation_r1i1p1f1_ICTP_RegCM5-0_v1-r1_1hr_200708230100-200708240000.nc
cape_CSAM-3_ERA5_evaluation_r1i1p1f1_ICTP_RegCM5-0_v1-r1_1hr_200708240100-200708250000.nc
cape_CSAM-3_ERA5_evaluation_r1i1p1f1_ICTP_RegCM5-0_v1-r1_1hr_200708250100-200708260000.nc
cape_CSAM-3_ERA5_evaluation_r1i1p1f1_ICTP_RegCM5-0_v1-r1_1hr_200708260100-200708270000.nc
cape_CSAM-3_ERA5_evaluation_r1i1p1f1_ICTP_RegCM5-0_v1-r1_1hr_200708270100-200708280000.nc
cape_CSAM-3_ERA5_evaluation_r1i1p1f1_ICTP_RegCM5-0_v1-r1_1hr_200708280100-200708290000.nc
cape_CSAM-3_ERA5_evaluation_r1i1p1f1_ICTP_RegCM5-0_v1-r1_1hr_200708290100-200708300000.nc
cape_CSAM-3_ERA5_evaluation_r1i1p1f1_ICTP_RegCM5-0_v1-r1_1hr_200708300100-200708310000.nc
cape_CSAM-3_ERA5_evaluation_r1i1p1f1_ICTP_RegCM5-0_v1-r1_1hr_200708310100-200709010000.nc
cape_CSAM-3_ERA5_evaluation_r1i1p1f1_ICTP_RegCM5-0_v1-r1_1hr_200709010100-200709020000.nc
cape_CSAM-3_ERA5_evaluation_r1i1p1f1_ICTP_RegCM5-0_v1-r1_1hr_200709020100-200709030000.nc
cape_CSAM-3_ERA5_evaluation_r1i1p1f1_ICTP_RegCM5-0_v1-r1_1hr_200709030100-200709040000.nc
cape_CSAM-3_ERA5_evaluation_r1i1p1f1_ICTP_RegCM5-0_v1-r1_1hr_200709040100-200709050000.nc
cape_CSAM-3_ERA5_evaluation_r1i1p1f1_ICTP_RegCM5-0_v1-r1_1hr_200709050100-200709060000.nc
cape_CSAM-3_ERA5_evaluation_r1i1p1f1_ICTP_RegCM5-0_v1-r1_1hr_200709060100-200709070000.nc
cape_CSAM-3_ERA5_evaluation_r1i1p1f1_ICTP_RegCM5-0_v1-r1_1hr_200709070100-200709080000.nc
cape_CSAM-3_ERA5_evaluation_r1i1p1f1_ICTP_RegCM5-0_v1-r1_1hr_200709080100-200709090000.nc
cape_CSAM-3_ERA5_evaluation_r1i1p1f1_ICTP_RegCM5-0_v1-r1_1hr_200709090100-200709100000.nc
cape_CSAM-3_ERA5_evaluation_r1i1p1f1_ICTP_RegCM5-0_v1-r1_1hr_200709100100-200709110000.nc
cape_CSAM-3_ERA5_evaluation_r1i1p1f1_ICTP_RegCM5-0_v1-r1_1hr_200709110100-200709120000.nc
cape_CSAM-3_ERA5_evaluation_r1i1p1f1_ICTP_RegCM5-0_v1-r1_1hr_200709120100-200709130000.nc
cape_CSAM-3_ERA5_evaluation_r1i1p1f1_ICTP_RegCM5-0_v1-r1_1hr_200709130100-200709140000.nc
cape_CSAM-3_ERA5_evaluation_r1i1p1f1_ICTP_RegCM5-0_v1-r1_1hr_200709140100-200709150000.nc
cape_CSAM-3_ERA5_evaluation_r1i1p1f1_ICTP_RegCM5-0_v1-r1_1hr_200709150100-200709160000.nc
cape_CSAM-3_ERA5_evaluation_r1i1p1f1_ICTP_RegCM5-0_v1-r1_1hr_200709160100-200709170000.nc
cape_CSAM-3_ERA5_evaluation_r1i1p1f1_ICTP_RegCM5-0_v1-r1_1hr_200709170100-200709180000.nc
cape_CSAM-3_ERA5_evaluation_r1i1p1f1_ICTP_RegCM5-0_v1-r1_1hr_200709180100-200709190000.nc
cape_CSAM-3_ERA5_evaluation_r1i1p1f1_ICTP_RegCM5-0_v1-r1_1hr_200709190100-200709200000.nc
cape_CSAM-3_ERA5_evaluation_r1i1p1f1_ICTP_RegCM5-0_v1-r1_1hr_200709200100-200709210000.nc
cape_CSAM-3_ERA5_evaluation_r1i1p1f1_ICTP_RegCM5-0_v1-r1_1hr_200709210100-200709220000.nc
cape_CSAM-3_ERA5_evaluation_r1i1p1f1_ICTP_RegCM5-0_v1-r1_1hr_200709220100-200709230000.nc
cape_CSAM-3_ERA5_evaluation_r1i1p1f1_ICTP_RegCM5-0_v1-r1_1hr_200709230100-200709240000.nc
cape_CSAM-3_ERA5_evaluation_r1i1p1f1_ICTP_RegCM5-0_v1-r1_1hr_200709240100-200709250000.nc
cape_CSAM-3_ERA5_evaluation_r1i1p1f1_ICTP_RegCM5-0_v1-r1_1hr_200709250100-200709260000.nc
cape_CSAM-3_ERA5_evaluation_r1i1p1f1_ICTP_RegCM5-0_v1-r1_1hr_200709260100-200709270000.nc
cape_CSAM-3_ERA5_evaluation_r1i1p1f1_ICTP_RegCM5-0_v1-r1_1hr_200709270100-200709280000.nc
cape_CSAM-3_ERA5_evaluation_r1i1p1f1_ICTP_RegCM5-0_v1-r1_1hr_200709280100-200709290000.nc
cape_CSAM-3_ERA5_evaluation_r1i1p1f1_ICTP_RegCM5-0_v1-r1_1hr_200709290100-200709300000.nc
cape_CSAM-3_ERA5_evaluation_r1i1p1f1_ICTP_RegCM5-0_v1-r1_1hr_200709300100-200710010000.nc
cape_CSAM-3_ERA5_evaluation_r1i1p1f1_ICTP_RegCM5-0_v1-r1_1hr_200710010100-200710020000.nc
cape_CSAM-3_ERA5_evaluation_r1i1p1f1_ICTP_RegCM5-0_v1-r1_1hr_200710020100-200710030000.nc
cape_CSAM-3_ERA5_evaluation_r1i1p1f1_ICTP_RegCM5-0_v1-r1_1hr_200710030100-200710040000.nc
cape_CSAM-3_ERA5_evaluation_r1i1p1f1_ICTP_RegCM5-0_v1-r1_1hr_200710040100-200710050000.nc
cape_CSAM-3_ERA5_evaluation_r1i1p1f1_ICTP_RegCM5-0_v1-r1_1hr_200710050100-200710060000.nc
cape_CSAM-3_ERA5_evaluation_r1i1p1f1_ICTP_RegCM5-0_v1-r1_1hr_200710060100-200710070000.nc
cape_CSAM-3_ERA5_evaluation_r1i1p1f1_ICTP_RegCM5-0_v1-r1_1hr_200710070100-200710080000.nc
cape_CSAM-3_ERA5_evaluation_r1i1p1f1_ICTP_RegCM5-0_v1-r1_1hr_200710080100-200710090000.nc
cape_CSAM-3_ERA5_evaluation_r1i1p1f1_ICTP_RegCM5-0_v1-r1_1hr_200710090100-200710100000.nc
cape_CSAM-3_ERA5_evaluation_r1i1p1f1_ICTP_RegCM5-0_v1-r1_1hr_200710100100-200710110000.nc
cape_CSAM-3_ERA5_evaluation_r1i1p1f1_ICTP_RegCM5-0_v1-r1_1hr_200710110100-200710120000.nc
cape_CSAM-3_ERA5_evaluation_r1i1p1f1_ICTP_RegCM5-0_v1-r1_1hr_200710120100-200710130000.nc
cape_CSAM-3_ERA5_evaluation_r1i1p1f1_ICTP_RegCM5-0_v1-r1_1hr_200710130100-200710140000.nc
cape_CSAM-3_ERA5_evaluation_r1i1p1f1_ICTP_RegCM5-0_v1-r1_1hr_200710140100-200710150000.nc
cape_CSAM-3_ERA5_evaluation_r1i1p1f1_ICTP_RegCM5-0_v1-r1_1hr_200710150100-200710160000.nc
cape_CSAM-3_ERA5_evaluation_r1i1p1f1_ICTP_RegCM5-0_v1-r1_1hr_200710160100-200710170000.nc
cape_CSAM-3_ERA5_evaluation_r1i1p1f1_ICTP_RegCM5-0_v1-r1_1hr_200710170100-200710180000.nc
cape_CSAM-3_ERA5_evaluation_r1i1p1f1_ICTP_RegCM5-0_v1-r1_1hr_200710180100-200710190000.nc
cape_CSAM-3_ERA5_evaluation_r1i1p1f1_ICTP_RegCM5-0_v1-r1_1hr_200710190100-200710200000.nc
cape_CSAM-3_ERA5_evaluation_r1i1p1f1_ICTP_RegCM5-0_v1-r1_1hr_200710200100-200710210000.nc
cape_CSAM-3_ERA5_evaluation_r1i1p1f1_ICTP_RegCM5-0_v1-r1_1hr_200710210100-200710220000.nc
cape_CSAM-3_ERA5_evaluation_r1i1p1f1_ICTP_RegCM5-0_v1-r1_1hr_200710220100-200710230000.nc
cape_CSAM-3_ERA5_evaluation_r1i1p1f1_ICTP_RegCM5-0_v1-r1_1hr_200710230100-200710240000.nc
cape_CSAM-3_ERA5_evaluation_r1i1p1f1_ICTP_RegCM5-0_v1-r1_1hr_200710240100-200710250000.nc
cape_CSAM-3_ERA5_evaluation_r1i1p1f1_ICTP_RegCM5-0_v1-r1_1hr_200710250100-200710260000.nc
cape_CSAM-3_ERA5_evaluation_r1i1p1f1_ICTP_RegCM5-0_v1-r1_1hr_200710260100-200710270000.nc
cape_CSAM-3_ERA5_evaluation_r1i1p1f1_ICTP_RegCM5-0_v1-r1_1hr_200710270100-200710280000.nc
cape_CSAM-3_ERA5_evaluation_r1i1p1f1_ICTP_RegCM5-0_v1-r1_1hr_200710280100-200710290000.nc
cape_CSAM-3_ERA5_evaluation_r1i1p1f1_ICTP_RegCM5-0_v1-r1_1hr_200710290100-200710300000.nc
cape_CSAM-3_ERA5_evaluation_r1i1p1f1_ICTP_RegCM5-0_v1-r1_1hr_200710300100-200710310000.nc
cape_CSAM-3_ERA5_evaluation_r1i1p1f1_ICTP_RegCM5-0_v1-r1_1hr_200710310100-200711010000.nc
cape_CSAM-3_ERA5_evaluation_r1i1p1f1_ICTP_RegCM5-0_v1-r1_1hr_200711010100-200711020000.nc
cape_CSAM-3_ERA5_evaluation_r1i1p1f1_ICTP_RegCM5-0_v1-r1_1hr_200711020100-200711030000.nc
cape_CSAM-3_ERA5_evaluation_r1i1p1f1_ICTP_RegCM5-0_v1-r1_1hr_200711030100-200711040000.nc
cape_CSAM-3_ERA5_evaluation_r1i1p1f1_ICTP_RegCM5-0_v1-r1_1hr_200711040100-200711050000.nc
cape_CSAM-3_ERA5_evaluation_r1i1p1f1_ICTP_RegCM5-0_v1-r1_1hr_200711050100-200711060000.nc
cape_CSAM-3_ERA5_evaluation_r1i1p1f1_ICTP_RegCM5-0_v1-r1_1hr_200711060100-200711070000.nc
cape_CSAM-3_ERA5_evaluation_r1i1p1f1_ICTP_RegCM5-0_v1-r1_1hr_200711070100-200711080000.nc
cape_CSAM-3_ERA5_evaluation_r1i1p1f1_ICTP_RegCM5-0_v1-r1_1hr_200711080100-200711090000.nc
cape_CSAM-3_ERA5_evaluation_r1i1p1f1_ICTP_RegCM5-0_v1-r1_1hr_200711090100-200711100000.nc
cape_CSAM-3_ERA5_evaluation_r1i1p1f1_ICTP_RegCM5-0_v1-r1_1hr_200711100100-200711110000.nc
cape_CSAM-3_ERA5_evaluation_r1i1p1f1_ICTP_RegCM5-0_v1-r1_1hr_200711110100-200711120000.nc
cape_CSAM-3_ERA5_evaluation_r1i1p1f1_ICTP_RegCM5-0_v1-r1_1hr_200711120100-200711130000.nc
cape_CSAM-3_ERA5_evaluation_r1i1p1f1_ICTP_RegCM5-0_v1-r1_1hr_200711130100-200711140000.nc
cape_CSAM-3_ERA5_evaluation_r1i1p1f1_ICTP_RegCM5-0_v1-r1_1hr_200711140100-200711150000.nc
cape_CSAM-3_ERA5_evaluation_r1i1p1f1_ICTP_RegCM5-0_v1-r1_1hr_200711150100-200711160000.nc
cape_CSAM-3_ERA5_evaluation_r1i1p1f1_ICTP_RegCM5-0_v1-r1_1hr_200711160100-200711170000.nc
cape_CSAM-3_ERA5_evaluation_r1i1p1f1_ICTP_RegCM5-0_v1-r1_1hr_200711170100-200711180000.nc
cape_CSAM-3_ERA5_evaluation_r1i1p1f1_ICTP_RegCM5-0_v1-r1_1hr_200711180100-200711190000.nc
cape_CSAM-3_ERA5_evaluation_r1i1p1f1_ICTP_RegCM5-0_v1-r1_1hr_200711190100-200711200000.nc
cape_CSAM-3_ERA5_evaluation_r1i1p1f1_ICTP_RegCM5-0_v1-r1_1hr_200711200100-200711210000.nc
cape_CSAM-3_ERA5_evaluation_r1i1p1f1_ICTP_RegCM5-0_v1-r1_1hr_200711210100-200711220000.nc
cape_CSAM-3_ERA5_evaluation_r1i1p1f1_ICTP_RegCM5-0_v1-r1_1hr_200711220100-200711230000.nc
cape_CSAM-3_ERA5_evaluation_r1i1p1f1_ICTP_RegCM5-0_v1-r1_1hr_200711230100-200711240000.nc
cape_CSAM-3_ERA5_evaluation_r1i1p1f1_ICTP_RegCM5-0_v1-r1_1hr_200711240100-200711250000.nc
cape_CSAM-3_ERA5_evaluation_r1i1p1f1_ICTP_RegCM5-0_v1-r1_1hr_200711250100-200711260000.nc
cape_CSAM-3_ERA5_evaluation_r1i1p1f1_ICTP_RegCM5-0_v1-r1_1hr_200711260100-200711270000.nc
cape_CSAM-3_ERA5_evaluation_r1i1p1f1_ICTP_RegCM5-0_v1-r1_1hr_200711270100-200711280000.nc
cape_CSAM-3_ERA5_evaluation_r1i1p1f1_ICTP_RegCM5-0_v1-r1_1hr_200711280100-200711290000.nc
cape_CSAM-3_ERA5_evaluation_r1i1p1f1_ICTP_RegCM5-0_v1-r1_1hr_200711290100-200711300000.nc
cape_CSAM-3_ERA5_evaluation_r1i1p1f1_ICTP_RegCM5-0_v1-r1_1hr_200711300100-200712010000.nc
cape_CSAM-3_ERA5_evaluation_r1i1p1f1_ICTP_RegCM5-0_v1-r1_1hr_200712010100-200712020000.nc
cape_CSAM-3_ERA5_evaluation_r1i1p1f1_ICTP_RegCM5-0_v1-r1_1hr_200712020100-200712030000.nc
cape_CSAM-3_ERA5_evaluation_r1i1p1f1_ICTP_RegCM5-0_v1-r1_1hr_200712030100-200712040000.nc
cape_CSAM-3_ERA5_evaluation_r1i1p1f1_ICTP_RegCM5-0_v1-r1_1hr_200712040100-200712050000.nc
cape_CSAM-3_ERA5_evaluation_r1i1p1f1_ICTP_RegCM5-0_v1-r1_1hr_200712050100-200712060000.nc
cape_CSAM-3_ERA5_evaluation_r1i1p1f1_ICTP_RegCM5-0_v1-r1_1hr_200712060100-200712070000.nc
cape_CSAM-3_ERA5_evaluation_r1i1p1f1_ICTP_RegCM5-0_v1-r1_1hr_200712070100-200712080000.nc
cape_CSAM-3_ERA5_evaluation_r1i1p1f1_ICTP_RegCM5-0_v1-r1_1hr_200712080100-200712090000.nc
cape_CSAM-3_ERA5_evaluation_r1i1p1f1_ICTP_RegCM5-0_v1-r1_1hr_200712090100-200712100000.nc
cape_CSAM-3_ERA5_evaluation_r1i1p1f1_ICTP_RegCM5-0_v1-r1_1hr_200712100100-200712110000.nc
cape_CSAM-3_ERA5_evaluation_r1i1p1f1_ICTP_RegCM5-0_v1-r1_1hr_200712110100-200712120000.nc
cape_CSAM-3_ERA5_evaluation_r1i1p1f1_ICTP_RegCM5-0_v1-r1_1hr_200712120100-200712130000.nc
cape_CSAM-3_ERA5_evaluation_r1i1p1f1_ICTP_RegCM5-0_v1-r1_1hr_200712130100-200712140000.nc
cape_CSAM-3_ERA5_evaluation_r1i1p1f1_ICTP_RegCM5-0_v1-r1_1hr_200712140100-200712150000.nc
cape_CSAM-3_ERA5_evaluation_r1i1p1f1_ICTP_RegCM5-0_v1-r1_1hr_200712150100-200712160000.nc
cape_CSAM-3_ERA5_evaluation_r1i1p1f1_ICTP_RegCM5-0_v1-r1_1hr_200712160100-200712170000.nc
cape_CSAM-3_ERA5_evaluation_r1i1p1f1_ICTP_RegCM5-0_v1-r1_1hr_200712170100-200712180000.nc
cape_CSAM-3_ERA5_evaluation_r1i1p1f1_ICTP_RegCM5-0_v1-r1_1hr_200712180100-200712190000.nc
cape_CSAM-3_ERA5_evaluation_r1i1p1f1_ICTP_RegCM5-0_v1-r1_1hr_200712190100-200712200000.nc
cape_CSAM-3_ERA5_evaluation_r1i1p1f1_ICTP_RegCM5-0_v1-r1_1hr_200712200100-200712210000.nc
cape_CSAM-3_ERA5_evaluation_r1i1p1f1_ICTP_RegCM5-0_v1-r1_1hr_200712210100-200712220000.nc
cape_CSAM-3_ERA5_evaluation_r1i1p1f1_ICTP_RegCM5-0_v1-r1_1hr_200712220100-200712230000.nc
cape_CSAM-3_ERA5_evaluation_r1i1p1f1_ICTP_RegCM5-0_v1-r1_1hr_200712230100-200712240000.nc
cape_CSAM-3_ERA5_evaluation_r1i1p1f1_ICTP_RegCM5-0_v1-r1_1hr_200712240100-200712250000.nc
cape_CSAM-3_ERA5_evaluation_r1i1p1f1_ICTP_RegCM5-0_v1-r1_1hr_200712250100-200712260000.nc
cape_CSAM-3_ERA5_evaluation_r1i1p1f1_ICTP_RegCM5-0_v1-r1_1hr_200712260100-200712270000.nc
cape_CSAM-3_ERA5_evaluation_r1i1p1f1_ICTP_RegCM5-0_v1-r1_1hr_200712270100-200712280000.nc
cape_CSAM-3_ERA5_evaluation_r1i1p1f1_ICTP_RegCM5-0_v1-r1_1hr_200712280100-200712290000.nc
cape_CSAM-3_ERA5_evaluation_r1i1p1f1_ICTP_RegCM5-0_v1-r1_1hr_200712290100-200712300000.nc
cape_CSAM-3_ERA5_evaluation_r1i1p1f1_ICTP_RegCM5-0_v1-r1_1hr_200712300100-200712310000.nc
cape_CSAM-3_ERA5_evaluation_r1i1p1f1_ICTP_RegCM5-0_v1-r1_1hr_200712310100-200801010000.nc
Files: cin_CSAM-3_ERA5_evaluation_r1i1p1f1_ICTP_RegCM5-0_v1-r1_1hr_200701010100-200701020000.nc
cin_CSAM-3_ERA5_evaluation_r1i1p1f1_ICTP_RegCM5-0_v1-r1_1hr_200701020100-200701030000.nc
cin_CSAM-3_ERA5_evaluation_r1i1p1f1_ICTP_RegCM5-0_v1-r1_1hr_200701030100-200701040000.nc
cin_CSAM-3_ERA5_evaluation_r1i1p1f1_ICTP_RegCM5-0_v1-r1_1hr_200701040100-200701050000.nc
cin_CSAM-3_ERA5_evaluation_r1i1p1f1_ICTP_RegCM5-0_v1-r1_1hr_200701050100-200701060000.nc
cin_CSAM-3_ERA5_evaluation_r1i1p1f1_ICTP_RegCM5-0_v1-r1_1hr_200701060100-200701070000.nc
cin_CSAM-3_ERA5_evaluation_r1i1p1f1_ICTP_RegCM5-0_v1-r1_1hr_200701070100-200701080000.nc
cin_CSAM-3_ERA5_evaluation_r1i1p1f1_ICTP_RegCM5-0_v1-r1_1hr_200701080100-200701090000.nc
cin_CSAM-3_ERA5_evaluation_r1i1p1f1_ICTP_RegCM5-0_v1-r1_1hr_200701090100-200701100000.nc
cin_CSAM-3_ERA5_evaluation_r1i1p1f1_ICTP_RegCM5-0_v1-r1_1hr_200701100100-200701110000.nc
cin_CSAM-3_ERA5_evaluation_r1i1p1f1_ICTP_RegCM5-0_v1-r1_1hr_200701110100-200701120000.nc
cin_CSAM-3_ERA5_evaluation_r1i1p1f1_ICTP_RegCM5-0_v1-r1_1hr_200701120100-200701130000.nc
cin_CSAM-3_ERA5_evaluation_r1i1p1f1_ICTP_RegCM5-0_v1-r1_1hr_200701130100-200701140000.nc
cin_CSAM-3_ERA5_evaluation_r1i1p1f1_ICTP_RegCM5-0_v1-r1_1hr_200701140100-200701150000.nc
cin_CSAM-3_ERA5_evaluation_r1i1p1f1_ICTP_RegCM5-0_v1-r1_1hr_200701150100-200701160000.nc
cin_CSAM-3_ERA5_evaluation_r1i1p1f1_ICTP_RegCM5-0_v1-r1_1hr_200701160100-200701170000.nc
cin_CSAM-3_ERA5_evaluation_r1i1p1f1_ICTP_RegCM5-0_v1-r1_1hr_200701170100-200701180000.nc
cin_CSAM-3_ERA5_evaluation_r1i1p1f1_ICTP_RegCM5-0_v1-r1_1hr_200701180100-200701190000.nc
cin_CSAM-3_ERA5_evaluation_r1i1p1f1_ICTP_RegCM5-0_v1-r1_1hr_200701190100-200701200000.nc
cin_CSAM-3_ERA5_evaluation_r1i1p1f1_ICTP_RegCM5-0_v1-r1_1hr_200701200100-200701210000.nc
cin_CSAM-3_ERA5_evaluation_r1i1p1f1_ICTP_RegCM5-0_v1-r1_1hr_200701210100-200701220000.nc
cin_CSAM-3_ERA5_evaluation_r1i1p1f1_ICTP_RegCM5-0_v1-r1_1hr_200701220100-200701230000.nc
cin_CSAM-3_ERA5_evaluation_r1i1p1f1_ICTP_RegCM5-0_v1-r1_1hr_200701230100-200701240000.nc
cin_CSAM-3_ERA5_evaluation_r1i1p1f1_ICTP_RegCM5-0_v1-r1_1hr_200701240100-200701250000.nc
cin_CSAM-3_ERA5_evaluation_r1i1p1f1_ICTP_RegCM5-0_v1-r1_1hr_200701250100-200701260000.nc
cin_CSAM-3_ERA5_evaluation_r1i1p1f1_ICTP_RegCM5-0_v1-r1_1hr_200701260100-200701270000.nc
cin_CSAM-3_ERA5_evaluation_r1i1p1f1_ICTP_RegCM5-0_v1-r1_1hr_200701270100-200701280000.nc
cin_CSAM-3_ERA5_evaluation_r1i1p1f1_ICTP_RegCM5-0_v1-r1_1hr_200701280100-200701290000.nc
cin_CSAM-3_ERA5_evaluation_r1i1p1f1_ICTP_RegCM5-0_v1-r1_1hr_200701290100-200701300000.nc
cin_CSAM-3_ERA5_evaluation_r1i1p1f1_ICTP_RegCM5-0_v1-r1_1hr_200701300100-200701310000.nc
cin_CSAM-3_ERA5_evaluation_r1i1p1f1_ICTP_RegCM5-0_v1-r1_1hr_200701310100-200702010000.nc
cin_CSAM-3_ERA5_evaluation_r1i1p1f1_ICTP_RegCM5-0_v1-r1_1hr_200702010100-200702020000.nc
cin_CSAM-3_ERA5_evaluation_r1i1p1f1_ICTP_RegCM5-0_v1-r1_1hr_200702020100-200702030000.nc
cin_CSAM-3_ERA5_evaluation_r1i1p1f1_ICTP_RegCM5-0_v1-r1_1hr_200702030100-200702040000.nc
cin_CSAM-3_ERA5_evaluation_r1i1p1f1_ICTP_RegCM5-0_v1-r1_1hr_200702040100-200702050000.nc
cin_CSAM-3_ERA5_evaluation_r1i1p1f1_ICTP_RegCM5-0_v1-r1_1hr_200702050100-200702060000.nc
cin_CSAM-3_ERA5_evaluation_r1i1p1f1_ICTP_RegCM5-0_v1-r1_1hr_200702060100-200702070000.nc
cin_CSAM-3_ERA5_evaluation_r1i1p1f1_ICTP_RegCM5-0_v1-r1_1hr_200702070100-200702080000.nc
cin_CSAM-3_ERA5_evaluation_r1i1p1f1_ICTP_RegCM5-0_v1-r1_1hr_200702080100-200702090000.nc
cin_CSAM-3_ERA5_evaluation_r1i1p1f1_ICTP_RegCM5-0_v1-r1_1hr_200702090100-200702100000.nc
cin_CSAM-3_ERA5_evaluation_r1i1p1f1_ICTP_RegCM5-0_v1-r1_1hr_200702100100-200702110000.nc
cin_CSAM-3_ERA5_evaluation_r1i1p1f1_ICTP_RegCM5-0_v1-r1_1hr_200702110100-200702120000.nc
cin_CSAM-3_ERA5_evaluation_r1i1p1f1_ICTP_RegCM5-0_v1-r1_1hr_200702120100-200702130000.nc
cin_CSAM-3_ERA5_evaluation_r1i1p1f1_ICTP_RegCM5-0_v1-r1_1hr_200702130100-200702140000.nc
cin_CSAM-3_ERA5_evaluation_r1i1p1f1_ICTP_RegCM5-0_v1-r1_1hr_200702140100-200702150000.nc
cin_CSAM-3_ERA5_evaluation_r1i1p1f1_ICTP_RegCM5-0_v1-r1_1hr_200702150100-200702160000.nc
cin_CSAM-3_ERA5_evaluation_r1i1p1f1_ICTP_RegCM5-0_v1-r1_1hr_200702160100-200702170000.nc
cin_CSAM-3_ERA5_evaluation_r1i1p1f1_ICTP_RegCM5-0_v1-r1_1hr_200702170100-200702180000.nc
cin_CSAM-3_ERA5_evaluation_r1i1p1f1_ICTP_RegCM5-0_v1-r1_1hr_200702180100-200702190000.nc
cin_CSAM-3_ERA5_evaluation_r1i1p1f1_ICTP_RegCM5-0_v1-r1_1hr_200702190100-200702200000.nc
cin_CSAM-3_ERA5_evaluation_r1i1p1f1_ICTP_RegCM5-0_v1-r1_1hr_200702200100-200702210000.nc
cin_CSAM-3_ERA5_evaluation_r1i1p1f1_ICTP_RegCM5-0_v1-r1_1hr_200702210100-200702220000.nc
cin_CSAM-3_ERA5_evaluation_r1i1p1f1_ICTP_RegCM5-0_v1-r1_1hr_200702220100-200702230000.nc
cin_CSAM-3_ERA5_evaluation_r1i1p1f1_ICTP_RegCM5-0_v1-r1_1hr_200702230100-200702240000.nc
cin_CSAM-3_ERA5_evaluation_r1i1p1f1_ICTP_RegCM5-0_v1-r1_1hr_200702240100-200702250000.nc
cin_CSAM-3_ERA5_evaluation_r1i1p1f1_ICTP_RegCM5-0_v1-r1_1hr_200702250100-200702260000.nc
cin_CSAM-3_ERA5_evaluation_r1i1p1f1_ICTP_RegCM5-0_v1-r1_1hr_200702260100-200702270000.nc
cin_CSAM-3_ERA5_evaluation_r1i1p1f1_ICTP_RegCM5-0_v1-r1_1hr_200702270100-200702280000.nc
cin_CSAM-3_ERA5_evaluation_r1i1p1f1_ICTP_RegCM5-0_v1-r1_1hr_200702280100-200703010000.nc
cin_CSAM-3_ERA5_evaluation_r1i1p1f1_ICTP_RegCM5-0_v1-r1_1hr_200703010100-200703020000.nc
cin_CSAM-3_ERA5_evaluation_r1i1p1f1_ICTP_RegCM5-0_v1-r1_1hr_200703020100-200703030000.nc
cin_CSAM-3_ERA5_evaluation_r1i1p1f1_ICTP_RegCM5-0_v1-r1_1hr_200703030100-200703040000.nc
cin_CSAM-3_ERA5_evaluation_r1i1p1f1_ICTP_RegCM5-0_v1-r1_1hr_200703040100-200703050000.nc
cin_CSAM-3_ERA5_evaluation_r1i1p1f1_ICTP_RegCM5-0_v1-r1_1hr_200703050100-200703060000.nc
cin_CSAM-3_ERA5_evaluation_r1i1p1f1_ICTP_RegCM5-0_v1-r1_1hr_200703060100-200703070000.nc
cin_CSAM-3_ERA5_evaluation_r1i1p1f1_ICTP_RegCM5-0_v1-r1_1hr_200703070100-200703080000.nc
cin_CSAM-3_ERA5_evaluation_r1i1p1f1_ICTP_RegCM5-0_v1-r1_1hr_200703080100-200703090000.nc
cin_CSAM-3_ERA5_evaluation_r1i1p1f1_ICTP_RegCM5-0_v1-r1_1hr_200703090100-200703100000.nc
cin_CSAM-3_ERA5_evaluation_r1i1p1f1_ICTP_RegCM5-0_v1-r1_1hr_200703100100-200703110000.nc
cin_CSAM-3_ERA5_evaluation_r1i1p1f1_ICTP_RegCM5-0_v1-r1_1hr_200703110100-200703120000.nc
cin_CSAM-3_ERA5_evaluation_r1i1p1f1_ICTP_RegCM5-0_v1-r1_1hr_200703120100-200703130000.nc
cin_CSAM-3_ERA5_evaluation_r1i1p1f1_ICTP_RegCM5-0_v1-r1_1hr_200703130100-200703140000.nc
cin_CSAM-3_ERA5_evaluation_r1i1p1f1_ICTP_RegCM5-0_v1-r1_1hr_200703140100-200703150000.nc
cin_CSAM-3_ERA5_evaluation_r1i1p1f1_ICTP_RegCM5-0_v1-r1_1hr_200703150100-200703160000.nc
cin_CSAM-3_ERA5_evaluation_r1i1p1f1_ICTP_RegCM5-0_v1-r1_1hr_200703160100-200703170000.nc
cin_CSAM-3_ERA5_evaluation_r1i1p1f1_ICTP_RegCM5-0_v1-r1_1hr_200703170100-200703180000.nc
cin_CSAM-3_ERA5_evaluation_r1i1p1f1_ICTP_RegCM5-0_v1-r1_1hr_200703180100-200703190000.nc
cin_CSAM-3_ERA5_evaluation_r1i1p1f1_ICTP_RegCM5-0_v1-r1_1hr_200703190100-200703200000.nc
cin_CSAM-3_ERA5_evaluation_r1i1p1f1_ICTP_RegCM5-0_v1-r1_1hr_200703200100-200703210000.nc
cin_CSAM-3_ERA5_evaluation_r1i1p1f1_ICTP_RegCM5-0_v1-r1_1hr_200703210100-200703220000.nc
cin_CSAM-3_ERA5_evaluation_r1i1p1f1_ICTP_RegCM5-0_v1-r1_1hr_200703220100-200703230000.nc
cin_CSAM-3_ERA5_evaluation_r1i1p1f1_ICTP_RegCM5-0_v1-r1_1hr_200703230100-200703240000.nc
cin_CSAM-3_ERA5_evaluation_r1i1p1f1_ICTP_RegCM5-0_v1-r1_1hr_200703240100-200703250000.nc
cin_CSAM-3_ERA5_evaluation_r1i1p1f1_ICTP_RegCM5-0_v1-r1_1hr_200703250100-200703260000.nc
cin_CSAM-3_ERA5_evaluation_r1i1p1f1_ICTP_RegCM5-0_v1-r1_1hr_200703260100-200703270000.nc
cin_CSAM-3_ERA5_evaluation_r1i1p1f1_ICTP_RegCM5-0_v1-r1_1hr_200703270100-200703280000.nc
cin_CSAM-3_ERA5_evaluation_r1i1p1f1_ICTP_RegCM5-0_v1-r1_1hr_200703280100-200703290000.nc
cin_CSAM-3_ERA5_evaluation_r1i1p1f1_ICTP_RegCM5-0_v1-r1_1hr_200703290100-200703300000.nc
cin_CSAM-3_ERA5_evaluation_r1i1p1f1_ICTP_RegCM5-0_v1-r1_1hr_200703300100-200703310000.nc
cin_CSAM-3_ERA5_evaluation_r1i1p1f1_ICTP_RegCM5-0_v1-r1_1hr_200703310100-200704010000.nc
cin_CSAM-3_ERA5_evaluation_r1i1p1f1_ICTP_RegCM5-0_v1-r1_1hr_200704010100-200704020000.nc
cin_CSAM-3_ERA5_evaluation_r1i1p1f1_ICTP_RegCM5-0_v1-r1_1hr_200704020100-200704030000.nc
cin_CSAM-3_ERA5_evaluation_r1i1p1f1_ICTP_RegCM5-0_v1-r1_1hr_200704030100-200704040000.nc
cin_CSAM-3_ERA5_evaluation_r1i1p1f1_ICTP_RegCM5-0_v1-r1_1hr_200704040100-200704050000.nc
cin_CSAM-3_ERA5_evaluation_r1i1p1f1_ICTP_RegCM5-0_v1-r1_1hr_200704050100-200704060000.nc
cin_CSAM-3_ERA5_evaluation_r1i1p1f1_ICTP_RegCM5-0_v1-r1_1hr_200704060100-200704070000.nc
cin_CSAM-3_ERA5_evaluation_r1i1p1f1_ICTP_RegCM5-0_v1-r1_1hr_200704070100-200704080000.nc
cin_CSAM-3_ERA5_evaluation_r1i1p1f1_ICTP_RegCM5-0_v1-r1_1hr_200704080100-200704090000.nc
cin_CSAM-3_ERA5_evaluation_r1i1p1f1_ICTP_RegCM5-0_v1-r1_1hr_200704090100-200704100000.nc
cin_CSAM-3_ERA5_evaluation_r1i1p1f1_ICTP_RegCM5-0_v1-r1_1hr_200704100100-200704110000.nc
cin_CSAM-3_ERA5_evaluation_r1i1p1f1_ICTP_RegCM5-0_v1-r1_1hr_200704110100-200704120000.nc
cin_CSAM-3_ERA5_evaluation_r1i1p1f1_ICTP_RegCM5-0_v1-r1_1hr_200704120100-200704130000.nc
cin_CSAM-3_ERA5_evaluation_r1i1p1f1_ICTP_RegCM5-0_v1-r1_1hr_200704130100-200704140000.nc
cin_CSAM-3_ERA5_evaluation_r1i1p1f1_ICTP_RegCM5-0_v1-r1_1hr_200704140100-200704150000.nc
cin_CSAM-3_ERA5_evaluation_r1i1p1f1_ICTP_RegCM5-0_v1-r1_1hr_200704150100-200704160000.nc
cin_CSAM-3_ERA5_evaluation_r1i1p1f1_ICTP_RegCM5-0_v1-r1_1hr_200704160100-200704170000.nc
cin_CSAM-3_ERA5_evaluation_r1i1p1f1_ICTP_RegCM5-0_v1-r1_1hr_200704170100-200704180000.nc
cin_CSAM-3_ERA5_evaluation_r1i1p1f1_ICTP_RegCM5-0_v1-r1_1hr_200704180100-200704190000.nc
cin_CSAM-3_ERA5_evaluation_r1i1p1f1_ICTP_RegCM5-0_v1-r1_1hr_200704190100-200704200000.nc
cin_CSAM-3_ERA5_evaluation_r1i1p1f1_ICTP_RegCM5-0_v1-r1_1hr_200704200100-200704210000.nc
cin_CSAM-3_ERA5_evaluation_r1i1p1f1_ICTP_RegCM5-0_v1-r1_1hr_200704210100-200704220000.nc
cin_CSAM-3_ERA5_evaluation_r1i1p1f1_ICTP_RegCM5-0_v1-r1_1hr_200704220100-200704230000.nc
cin_CSAM-3_ERA5_evaluation_r1i1p1f1_ICTP_RegCM5-0_v1-r1_1hr_200704230100-200704240000.nc
cin_CSAM-3_ERA5_evaluation_r1i1p1f1_ICTP_RegCM5-0_v1-r1_1hr_200704240100-200704250000.nc
cin_CSAM-3_ERA5_evaluation_r1i1p1f1_ICTP_RegCM5-0_v1-r1_1hr_200704250100-200704260000.nc
cin_CSAM-3_ERA5_evaluation_r1i1p1f1_ICTP_RegCM5-0_v1-r1_1hr_200704260100-200704270000.nc
cin_CSAM-3_ERA5_evaluation_r1i1p1f1_ICTP_RegCM5-0_v1-r1_1hr_200704270100-200704280000.nc
cin_CSAM-3_ERA5_evaluation_r1i1p1f1_ICTP_RegCM5-0_v1-r1_1hr_200704280100-200704290000.nc
cin_CSAM-3_ERA5_evaluation_r1i1p1f1_ICTP_RegCM5-0_v1-r1_1hr_200704290100-200704300000.nc
cin_CSAM-3_ERA5_evaluation_r1i1p1f1_ICTP_RegCM5-0_v1-r1_1hr_200704300100-200705010000.nc
cin_CSAM-3_ERA5_evaluation_r1i1p1f1_ICTP_RegCM5-0_v1-r1_1hr_200705010100-200705020000.nc
cin_CSAM-3_ERA5_evaluation_r1i1p1f1_ICTP_RegCM5-0_v1-r1_1hr_200705020100-200705030000.nc
cin_CSAM-3_ERA5_evaluation_r1i1p1f1_ICTP_RegCM5-0_v1-r1_1hr_200705030100-200705040000.nc
cin_CSAM-3_ERA5_evaluation_r1i1p1f1_ICTP_RegCM5-0_v1-r1_1hr_200705040100-200705050000.nc
cin_CSAM-3_ERA5_evaluation_r1i1p1f1_ICTP_RegCM5-0_v1-r1_1hr_200705050100-200705060000.nc
cin_CSAM-3_ERA5_evaluation_r1i1p1f1_ICTP_RegCM5-0_v1-r1_1hr_200705060100-200705070000.nc
cin_CSAM-3_ERA5_evaluation_r1i1p1f1_ICTP_RegCM5-0_v1-r1_1hr_200705070100-200705080000.nc
cin_CSAM-3_ERA5_evaluation_r1i1p1f1_ICTP_RegCM5-0_v1-r1_1hr_200705080100-200705090000.nc
cin_CSAM-3_ERA5_evaluation_r1i1p1f1_ICTP_RegCM5-0_v1-r1_1hr_200705090100-200705100000.nc
cin_CSAM-3_ERA5_evaluation_r1i1p1f1_ICTP_RegCM5-0_v1-r1_1hr_200705100100-200705110000.nc
cin_CSAM-3_ERA5_evaluation_r1i1p1f1_ICTP_RegCM5-0_v1-r1_1hr_200705110100-200705120000.nc
cin_CSAM-3_ERA5_evaluation_r1i1p1f1_ICTP_RegCM5-0_v1-r1_1hr_200705120100-200705130000.nc
cin_CSAM-3_ERA5_evaluation_r1i1p1f1_ICTP_RegCM5-0_v1-r1_1hr_200705130100-200705140000.nc
cin_CSAM-3_ERA5_evaluation_r1i1p1f1_ICTP_RegCM5-0_v1-r1_1hr_200705140100-200705150000.nc
cin_CSAM-3_ERA5_evaluation_r1i1p1f1_ICTP_RegCM5-0_v1-r1_1hr_200705150100-200705160000.nc
cin_CSAM-3_ERA5_evaluation_r1i1p1f1_ICTP_RegCM5-0_v1-r1_1hr_200705160100-200705170000.nc
cin_CSAM-3_ERA5_evaluation_r1i1p1f1_ICTP_RegCM5-0_v1-r1_1hr_200705170100-200705180000.nc
cin_CSAM-3_ERA5_evaluation_r1i1p1f1_ICTP_RegCM5-0_v1-r1_1hr_200705180100-200705190000.nc
cin_CSAM-3_ERA5_evaluation_r1i1p1f1_ICTP_RegCM5-0_v1-r1_1hr_200705190100-200705200000.nc
cin_CSAM-3_ERA5_evaluation_r1i1p1f1_ICTP_RegCM5-0_v1-r1_1hr_200705200100-200705210000.nc
cin_CSAM-3_ERA5_evaluation_r1i1p1f1_ICTP_RegCM5-0_v1-r1_1hr_200705210100-200705220000.nc
cin_CSAM-3_ERA5_evaluation_r1i1p1f1_ICTP_RegCM5-0_v1-r1_1hr_200705220100-200705230000.nc
cin_CSAM-3_ERA5_evaluation_r1i1p1f1_ICTP_RegCM5-0_v1-r1_1hr_200705230100-200705240000.nc
cin_CSAM-3_ERA5_evaluation_r1i1p1f1_ICTP_RegCM5-0_v1-r1_1hr_200705240100-200705250000.nc
cin_CSAM-3_ERA5_evaluation_r1i1p1f1_ICTP_RegCM5-0_v1-r1_1hr_200705250100-200705260000.nc
cin_CSAM-3_ERA5_evaluation_r1i1p1f1_ICTP_RegCM5-0_v1-r1_1hr_200705260100-200705270000.nc
cin_CSAM-3_ERA5_evaluation_r1i1p1f1_ICTP_RegCM5-0_v1-r1_1hr_200705270100-200705280000.nc
cin_CSAM-3_ERA5_evaluation_r1i1p1f1_ICTP_RegCM5-0_v1-r1_1hr_200705280100-200705290000.nc
cin_CSAM-3_ERA5_evaluation_r1i1p1f1_ICTP_RegCM5-0_v1-r1_1hr_200705290100-200705300000.nc
cin_CSAM-3_ERA5_evaluation_r1i1p1f1_ICTP_RegCM5-0_v1-r1_1hr_200705300100-200705310000.nc
cin_CSAM-3_ERA5_evaluation_r1i1p1f1_ICTP_RegCM5-0_v1-r1_1hr_200705310100-200706010000.nc
cin_CSAM-3_ERA5_evaluation_r1i1p1f1_ICTP_RegCM5-0_v1-r1_1hr_200706010100-200706020000.nc
cin_CSAM-3_ERA5_evaluation_r1i1p1f1_ICTP_RegCM5-0_v1-r1_1hr_200706020100-200706030000.nc
cin_CSAM-3_ERA5_evaluation_r1i1p1f1_ICTP_RegCM5-0_v1-r1_1hr_200706030100-200706040000.nc
cin_CSAM-3_ERA5_evaluation_r1i1p1f1_ICTP_RegCM5-0_v1-r1_1hr_200706040100-200706050000.nc
cin_CSAM-3_ERA5_evaluation_r1i1p1f1_ICTP_RegCM5-0_v1-r1_1hr_200706050100-200706060000.nc
cin_CSAM-3_ERA5_evaluation_r1i1p1f1_ICTP_RegCM5-0_v1-r1_1hr_200706060100-200706070000.nc
cin_CSAM-3_ERA5_evaluation_r1i1p1f1_ICTP_RegCM5-0_v1-r1_1hr_200706070100-200706080000.nc
cin_CSAM-3_ERA5_evaluation_r1i1p1f1_ICTP_RegCM5-0_v1-r1_1hr_200706080100-200706090000.nc
cin_CSAM-3_ERA5_evaluation_r1i1p1f1_ICTP_RegCM5-0_v1-r1_1hr_200706090100-200706100000.nc
cin_CSAM-3_ERA5_evaluation_r1i1p1f1_ICTP_RegCM5-0_v1-r1_1hr_200706100100-200706110000.nc
cin_CSAM-3_ERA5_evaluation_r1i1p1f1_ICTP_RegCM5-0_v1-r1_1hr_200706110100-200706120000.nc
cin_CSAM-3_ERA5_evaluation_r1i1p1f1_ICTP_RegCM5-0_v1-r1_1hr_200706120100-200706130000.nc
cin_CSAM-3_ERA5_evaluation_r1i1p1f1_ICTP_RegCM5-0_v1-r1_1hr_200706130100-200706140000.nc
cin_CSAM-3_ERA5_evaluation_r1i1p1f1_ICTP_RegCM5-0_v1-r1_1hr_200706140100-200706150000.nc
cin_CSAM-3_ERA5_evaluation_r1i1p1f1_ICTP_RegCM5-0_v1-r1_1hr_200706150100-200706160000.nc
cin_CSAM-3_ERA5_evaluation_r1i1p1f1_ICTP_RegCM5-0_v1-r1_1hr_200706160100-200706170000.nc
cin_CSAM-3_ERA5_evaluation_r1i1p1f1_ICTP_RegCM5-0_v1-r1_1hr_200706170100-200706180000.nc
cin_CSAM-3_ERA5_evaluation_r1i1p1f1_ICTP_RegCM5-0_v1-r1_1hr_200706180100-200706190000.nc
cin_CSAM-3_ERA5_evaluation_r1i1p1f1_ICTP_RegCM5-0_v1-r1_1hr_200706190100-200706200000.nc
cin_CSAM-3_ERA5_evaluation_r1i1p1f1_ICTP_RegCM5-0_v1-r1_1hr_200706200100-200706210000.nc
cin_CSAM-3_ERA5_evaluation_r1i1p1f1_ICTP_RegCM5-0_v1-r1_1hr_200706210100-200706220000.nc
cin_CSAM-3_ERA5_evaluation_r1i1p1f1_ICTP_RegCM5-0_v1-r1_1hr_200706220100-200706230000.nc
cin_CSAM-3_ERA5_evaluation_r1i1p1f1_ICTP_RegCM5-0_v1-r1_1hr_200706230100-200706240000.nc
cin_CSAM-3_ERA5_evaluation_r1i1p1f1_ICTP_RegCM5-0_v1-r1_1hr_200706240100-200706250000.nc
cin_CSAM-3_ERA5_evaluation_r1i1p1f1_ICTP_RegCM5-0_v1-r1_1hr_200706250100-200706260000.nc
cin_CSAM-3_ERA5_evaluation_r1i1p1f1_ICTP_RegCM5-0_v1-r1_1hr_200706260100-200706270000.nc
cin_CSAM-3_ERA5_evaluation_r1i1p1f1_ICTP_RegCM5-0_v1-r1_1hr_200706270100-200706280000.nc
cin_CSAM-3_ERA5_evaluation_r1i1p1f1_ICTP_RegCM5-0_v1-r1_1hr_200706280100-200706290000.nc
cin_CSAM-3_ERA5_evaluation_r1i1p1f1_ICTP_RegCM5-0_v1-r1_1hr_200706290100-200706300000.nc
cin_CSAM-3_ERA5_evaluation_r1i1p1f1_ICTP_RegCM5-0_v1-r1_1hr_200706300100-200707010000.nc
cin_CSAM-3_ERA5_evaluation_r1i1p1f1_ICTP_RegCM5-0_v1-r1_1hr_200707010100-200707020000.nc
cin_CSAM-3_ERA5_evaluation_r1i1p1f1_ICTP_RegCM5-0_v1-r1_1hr_200707020100-200707030000.nc
cin_CSAM-3_ERA5_evaluation_r1i1p1f1_ICTP_RegCM5-0_v1-r1_1hr_200707030100-200707040000.nc
cin_CSAM-3_ERA5_evaluation_r1i1p1f1_ICTP_RegCM5-0_v1-r1_1hr_200707040100-200707050000.nc
cin_CSAM-3_ERA5_evaluation_r1i1p1f1_ICTP_RegCM5-0_v1-r1_1hr_200707050100-200707060000.nc
cin_CSAM-3_ERA5_evaluation_r1i1p1f1_ICTP_RegCM5-0_v1-r1_1hr_200707060100-200707070000.nc
cin_CSAM-3_ERA5_evaluation_r1i1p1f1_ICTP_RegCM5-0_v1-r1_1hr_200707070100-200707080000.nc
cin_CSAM-3_ERA5_evaluation_r1i1p1f1_ICTP_RegCM5-0_v1-r1_1hr_200707080100-200707090000.nc
cin_CSAM-3_ERA5_evaluation_r1i1p1f1_ICTP_RegCM5-0_v1-r1_1hr_200707090100-200707100000.nc
cin_CSAM-3_ERA5_evaluation_r1i1p1f1_ICTP_RegCM5-0_v1-r1_1hr_200707100100-200707110000.nc
cin_CSAM-3_ERA5_evaluation_r1i1p1f1_ICTP_RegCM5-0_v1-r1_1hr_200707110100-200707120000.nc
cin_CSAM-3_ERA5_evaluation_r1i1p1f1_ICTP_RegCM5-0_v1-r1_1hr_200707120100-200707130000.nc
cin_CSAM-3_ERA5_evaluation_r1i1p1f1_ICTP_RegCM5-0_v1-r1_1hr_200707130100-200707140000.nc
cin_CSAM-3_ERA5_evaluation_r1i1p1f1_ICTP_RegCM5-0_v1-r1_1hr_200707140100-200707150000.nc
cin_CSAM-3_ERA5_evaluation_r1i1p1f1_ICTP_RegCM5-0_v1-r1_1hr_200707150100-200707160000.nc
cin_CSAM-3_ERA5_evaluation_r1i1p1f1_ICTP_RegCM5-0_v1-r1_1hr_200707160100-200707170000.nc
cin_CSAM-3_ERA5_evaluation_r1i1p1f1_ICTP_RegCM5-0_v1-r1_1hr_200707170100-200707180000.nc
cin_CSAM-3_ERA5_evaluation_r1i1p1f1_ICTP_RegCM5-0_v1-r1_1hr_200707180100-200707190000.nc
cin_CSAM-3_ERA5_evaluation_r1i1p1f1_ICTP_RegCM5-0_v1-r1_1hr_200707190100-200707200000.nc
cin_CSAM-3_ERA5_evaluation_r1i1p1f1_ICTP_RegCM5-0_v1-r1_1hr_200707200100-200707210000.nc
cin_CSAM-3_ERA5_evaluation_r1i1p1f1_ICTP_RegCM5-0_v1-r1_1hr_200707210100-200707220000.nc
cin_CSAM-3_ERA5_evaluation_r1i1p1f1_ICTP_RegCM5-0_v1-r1_1hr_200707220100-200707230000.nc
cin_CSAM-3_ERA5_evaluation_r1i1p1f1_ICTP_RegCM5-0_v1-r1_1hr_200707230100-200707240000.nc
cin_CSAM-3_ERA5_evaluation_r1i1p1f1_ICTP_RegCM5-0_v1-r1_1hr_200707240100-200707250000.nc
cin_CSAM-3_ERA5_evaluation_r1i1p1f1_ICTP_RegCM5-0_v1-r1_1hr_200707250100-200707260000.nc
cin_CSAM-3_ERA5_evaluation_r1i1p1f1_ICTP_RegCM5-0_v1-r1_1hr_200707260100-200707270000.nc
cin_CSAM-3_ERA5_evaluation_r1i1p1f1_ICTP_RegCM5-0_v1-r1_1hr_200707270100-200707280000.nc
cin_CSAM-3_ERA5_evaluation_r1i1p1f1_ICTP_RegCM5-0_v1-r1_1hr_200707280100-200707290000.nc
cin_CSAM-3_ERA5_evaluation_r1i1p1f1_ICTP_RegCM5-0_v1-r1_1hr_200707290100-200707300000.nc
cin_CSAM-3_ERA5_evaluation_r1i1p1f1_ICTP_RegCM5-0_v1-r1_1hr_200707300100-200707310000.nc
cin_CSAM-3_ERA5_evaluation_r1i1p1f1_ICTP_RegCM5-0_v1-r1_1hr_200707310100-200708010000.nc
cin_CSAM-3_ERA5_evaluation_r1i1p1f1_ICTP_RegCM5-0_v1-r1_1hr_200708010100-200708020000.nc
cin_CSAM-3_ERA5_evaluation_r1i1p1f1_ICTP_RegCM5-0_v1-r1_1hr_200708020100-200708030000.nc
cin_CSAM-3_ERA5_evaluation_r1i1p1f1_ICTP_RegCM5-0_v1-r1_1hr_200708030100-200708040000.nc
cin_CSAM-3_ERA5_evaluation_r1i1p1f1_ICTP_RegCM5-0_v1-r1_1hr_200708040100-200708050000.nc
cin_CSAM-3_ERA5_evaluation_r1i1p1f1_ICTP_RegCM5-0_v1-r1_1hr_200708050100-200708060000.nc
cin_CSAM-3_ERA5_evaluation_r1i1p1f1_ICTP_RegCM5-0_v1-r1_1hr_200708060100-200708070000.nc
cin_CSAM-3_ERA5_evaluation_r1i1p1f1_ICTP_RegCM5-0_v1-r1_1hr_200708070100-200708080000.nc
cin_CSAM-3_ERA5_evaluation_r1i1p1f1_ICTP_RegCM5-0_v1-r1_1hr_200708080100-200708090000.nc
cin_CSAM-3_ERA5_evaluation_r1i1p1f1_ICTP_RegCM5-0_v1-r1_1hr_200708090100-200708100000.nc
cin_CSAM-3_ERA5_evaluation_r1i1p1f1_ICTP_RegCM5-0_v1-r1_1hr_200708100100-200708110000.nc
cin_CSAM-3_ERA5_evaluation_r1i1p1f1_ICTP_RegCM5-0_v1-r1_1hr_200708110100-200708120000.nc
cin_CSAM-3_ERA5_evaluation_r1i1p1f1_ICTP_RegCM5-0_v1-r1_1hr_200708120100-200708130000.nc
cin_CSAM-3_ERA5_evaluation_r1i1p1f1_ICTP_RegCM5-0_v1-r1_1hr_200708130100-200708140000.nc
cin_CSAM-3_ERA5_evaluation_r1i1p1f1_ICTP_RegCM5-0_v1-r1_1hr_200708140100-200708150000.nc
cin_CSAM-3_ERA5_evaluation_r1i1p1f1_ICTP_RegCM5-0_v1-r1_1hr_200708150100-200708160000.nc
cin_CSAM-3_ERA5_evaluation_r1i1p1f1_ICTP_RegCM5-0_v1-r1_1hr_200708160100-200708170000.nc
cin_CSAM-3_ERA5_evaluation_r1i1p1f1_ICTP_RegCM5-0_v1-r1_1hr_200708170100-200708180000.nc
cin_CSAM-3_ERA5_evaluation_r1i1p1f1_ICTP_RegCM5-0_v1-r1_1hr_200708180100-200708190000.nc
cin_CSAM-3_ERA5_evaluation_r1i1p1f1_ICTP_RegCM5-0_v1-r1_1hr_200708190100-200708200000.nc
cin_CSAM-3_ERA5_evaluation_r1i1p1f1_ICTP_RegCM5-0_v1-r1_1hr_200708200100-200708210000.nc
cin_CSAM-3_ERA5_evaluation_r1i1p1f1_ICTP_RegCM5-0_v1-r1_1hr_200708210100-200708220000.nc
cin_CSAM-3_ERA5_evaluation_r1i1p1f1_ICTP_RegCM5-0_v1-r1_1hr_200708220100-200708230000.nc
cin_CSAM-3_ERA5_evaluation_r1i1p1f1_ICTP_RegCM5-0_v1-r1_1hr_200708230100-200708240000.nc
cin_CSAM-3_ERA5_evaluation_r1i1p1f1_ICTP_RegCM5-0_v1-r1_1hr_200708240100-200708250000.nc
cin_CSAM-3_ERA5_evaluation_r1i1p1f1_ICTP_RegCM5-0_v1-r1_1hr_200708250100-200708260000.nc
cin_CSAM-3_ERA5_evaluation_r1i1p1f1_ICTP_RegCM5-0_v1-r1_1hr_200708260100-200708270000.nc
cin_CSAM-3_ERA5_evaluation_r1i1p1f1_ICTP_RegCM5-0_v1-r1_1hr_200708270100-200708280000.nc
cin_CSAM-3_ERA5_evaluation_r1i1p1f1_ICTP_RegCM5-0_v1-r1_1hr_200708280100-200708290000.nc
cin_CSAM-3_ERA5_evaluation_r1i1p1f1_ICTP_RegCM5-0_v1-r1_1hr_200708290100-200708300000.nc
cin_CSAM-3_ERA5_evaluation_r1i1p1f1_ICTP_RegCM5-0_v1-r1_1hr_200708300100-200708310000.nc
cin_CSAM-3_ERA5_evaluation_r1i1p1f1_ICTP_RegCM5-0_v1-r1_1hr_200708310100-200709010000.nc
cin_CSAM-3_ERA5_evaluation_r1i1p1f1_ICTP_RegCM5-0_v1-r1_1hr_200709010100-200709020000.nc
cin_CSAM-3_ERA5_evaluation_r1i1p1f1_ICTP_RegCM5-0_v1-r1_1hr_200709020100-200709030000.nc
cin_CSAM-3_ERA5_evaluation_r1i1p1f1_ICTP_RegCM5-0_v1-r1_1hr_200709030100-200709040000.nc
cin_CSAM-3_ERA5_evaluation_r1i1p1f1_ICTP_RegCM5-0_v1-r1_1hr_200709040100-200709050000.nc
cin_CSAM-3_ERA5_evaluation_r1i1p1f1_ICTP_RegCM5-0_v1-r1_1hr_200709050100-200709060000.nc
cin_CSAM-3_ERA5_evaluation_r1i1p1f1_ICTP_RegCM5-0_v1-r1_1hr_200709060100-200709070000.nc
cin_CSAM-3_ERA5_evaluation_r1i1p1f1_ICTP_RegCM5-0_v1-r1_1hr_200709070100-200709080000.nc
cin_CSAM-3_ERA5_evaluation_r1i1p1f1_ICTP_RegCM5-0_v1-r1_1hr_200709080100-200709090000.nc
cin_CSAM-3_ERA5_evaluation_r1i1p1f1_ICTP_RegCM5-0_v1-r1_1hr_200709090100-200709100000.nc
cin_CSAM-3_ERA5_evaluation_r1i1p1f1_ICTP_RegCM5-0_v1-r1_1hr_200709100100-200709110000.nc
cin_CSAM-3_ERA5_evaluation_r1i1p1f1_ICTP_RegCM5-0_v1-r1_1hr_200709110100-200709120000.nc
cin_CSAM-3_ERA5_evaluation_r1i1p1f1_ICTP_RegCM5-0_v1-r1_1hr_200709120100-200709130000.nc
cin_CSAM-3_ERA5_evaluation_r1i1p1f1_ICTP_RegCM5-0_v1-r1_1hr_200709130100-200709140000.nc
cin_CSAM-3_ERA5_evaluation_r1i1p1f1_ICTP_RegCM5-0_v1-r1_1hr_200709140100-200709150000.nc
cin_CSAM-3_ERA5_evaluation_r1i1p1f1_ICTP_RegCM5-0_v1-r1_1hr_200709150100-200709160000.nc
cin_CSAM-3_ERA5_evaluation_r1i1p1f1_ICTP_RegCM5-0_v1-r1_1hr_200709160100-200709170000.nc
cin_CSAM-3_ERA5_evaluation_r1i1p1f1_ICTP_RegCM5-0_v1-r1_1hr_200709170100-200709180000.nc
cin_CSAM-3_ERA5_evaluation_r1i1p1f1_ICTP_RegCM5-0_v1-r1_1hr_200709180100-200709190000.nc
cin_CSAM-3_ERA5_evaluation_r1i1p1f1_ICTP_RegCM5-0_v1-r1_1hr_200709190100-200709200000.nc
cin_CSAM-3_ERA5_evaluation_r1i1p1f1_ICTP_RegCM5-0_v1-r1_1hr_200709200100-200709210000.nc
cin_CSAM-3_ERA5_evaluation_r1i1p1f1_ICTP_RegCM5-0_v1-r1_1hr_200709210100-200709220000.nc
cin_CSAM-3_ERA5_evaluation_r1i1p1f1_ICTP_RegCM5-0_v1-r1_1hr_200709220100-200709230000.nc
cin_CSAM-3_ERA5_evaluation_r1i1p1f1_ICTP_RegCM5-0_v1-r1_1hr_200709230100-200709240000.nc
cin_CSAM-3_ERA5_evaluation_r1i1p1f1_ICTP_RegCM5-0_v1-r1_1hr_200709240100-200709250000.nc
cin_CSAM-3_ERA5_evaluation_r1i1p1f1_ICTP_RegCM5-0_v1-r1_1hr_200709250100-200709260000.nc
cin_CSAM-3_ERA5_evaluation_r1i1p1f1_ICTP_RegCM5-0_v1-r1_1hr_200709260100-200709270000.nc
cin_CSAM-3_ERA5_evaluation_r1i1p1f1_ICTP_RegCM5-0_v1-r1_1hr_200709270100-200709280000.nc
cin_CSAM-3_ERA5_evaluation_r1i1p1f1_ICTP_RegCM5-0_v1-r1_1hr_200709280100-200709290000.nc
cin_CSAM-3_ERA5_evaluation_r1i1p1f1_ICTP_RegCM5-0_v1-r1_1hr_200709290100-200709300000.nc
cin_CSAM-3_ERA5_evaluation_r1i1p1f1_ICTP_RegCM5-0_v1-r1_1hr_200709300100-200710010000.nc
cin_CSAM-3_ERA5_evaluation_r1i1p1f1_ICTP_RegCM5-0_v1-r1_1hr_200710010100-200710020000.nc
cin_CSAM-3_ERA5_evaluation_r1i1p1f1_ICTP_RegCM5-0_v1-r1_1hr_200710020100-200710030000.nc
cin_CSAM-3_ERA5_evaluation_r1i1p1f1_ICTP_RegCM5-0_v1-r1_1hr_200710030100-200710040000.nc
cin_CSAM-3_ERA5_evaluation_r1i1p1f1_ICTP_RegCM5-0_v1-r1_1hr_200710040100-200710050000.nc
cin_CSAM-3_ERA5_evaluation_r1i1p1f1_ICTP_RegCM5-0_v1-r1_1hr_200710050100-200710060000.nc
cin_CSAM-3_ERA5_evaluation_r1i1p1f1_ICTP_RegCM5-0_v1-r1_1hr_200710060100-200710070000.nc
cin_CSAM-3_ERA5_evaluation_r1i1p1f1_ICTP_RegCM5-0_v1-r1_1hr_200710070100-200710080000.nc
cin_CSAM-3_ERA5_evaluation_r1i1p1f1_ICTP_RegCM5-0_v1-r1_1hr_200710080100-200710090000.nc
cin_CSAM-3_ERA5_evaluation_r1i1p1f1_ICTP_RegCM5-0_v1-r1_1hr_200710090100-200710100000.nc
cin_CSAM-3_ERA5_evaluation_r1i1p1f1_ICTP_RegCM5-0_v1-r1_1hr_200710100100-200710110000.nc
cin_CSAM-3_ERA5_evaluation_r1i1p1f1_ICTP_RegCM5-0_v1-r1_1hr_200710110100-200710120000.nc
cin_CSAM-3_ERA5_evaluation_r1i1p1f1_ICTP_RegCM5-0_v1-r1_1hr_200710120100-200710130000.nc
cin_CSAM-3_ERA5_evaluation_r1i1p1f1_ICTP_RegCM5-0_v1-r1_1hr_200710130100-200710140000.nc
cin_CSAM-3_ERA5_evaluation_r1i1p1f1_ICTP_RegCM5-0_v1-r1_1hr_200710140100-200710150000.nc
cin_CSAM-3_ERA5_evaluation_r1i1p1f1_ICTP_RegCM5-0_v1-r1_1hr_200710150100-200710160000.nc
cin_CSAM-3_ERA5_evaluation_r1i1p1f1_ICTP_RegCM5-0_v1-r1_1hr_200710160100-200710170000.nc
cin_CSAM-3_ERA5_evaluation_r1i1p1f1_ICTP_RegCM5-0_v1-r1_1hr_200710170100-200710180000.nc
cin_CSAM-3_ERA5_evaluation_r1i1p1f1_ICTP_RegCM5-0_v1-r1_1hr_200710180100-200710190000.nc
cin_CSAM-3_ERA5_evaluation_r1i1p1f1_ICTP_RegCM5-0_v1-r1_1hr_200710190100-200710200000.nc
cin_CSAM-3_ERA5_evaluation_r1i1p1f1_ICTP_RegCM5-0_v1-r1_1hr_200710200100-200710210000.nc
cin_CSAM-3_ERA5_evaluation_r1i1p1f1_ICTP_RegCM5-0_v1-r1_1hr_200710210100-200710220000.nc
cin_CSAM-3_ERA5_evaluation_r1i1p1f1_ICTP_RegCM5-0_v1-r1_1hr_200710220100-200710230000.nc
cin_CSAM-3_ERA5_evaluation_r1i1p1f1_ICTP_RegCM5-0_v1-r1_1hr_200710230100-200710240000.nc
cin_CSAM-3_ERA5_evaluation_r1i1p1f1_ICTP_RegCM5-0_v1-r1_1hr_200710240100-200710250000.nc
cin_CSAM-3_ERA5_evaluation_r1i1p1f1_ICTP_RegCM5-0_v1-r1_1hr_200710250100-200710260000.nc
cin_CSAM-3_ERA5_evaluation_r1i1p1f1_ICTP_RegCM5-0_v1-r1_1hr_200710260100-200710270000.nc
cin_CSAM-3_ERA5_evaluation_r1i1p1f1_ICTP_RegCM5-0_v1-r1_1hr_200710270100-200710280000.nc
cin_CSAM-3_ERA5_evaluation_r1i1p1f1_ICTP_RegCM5-0_v1-r1_1hr_200710280100-200710290000.nc
cin_CSAM-3_ERA5_evaluation_r1i1p1f1_ICTP_RegCM5-0_v1-r1_1hr_200710290100-200710300000.nc
cin_CSAM-3_ERA5_evaluation_r1i1p1f1_ICTP_RegCM5-0_v1-r1_1hr_200710300100-200710310000.nc
cin_CSAM-3_ERA5_evaluation_r1i1p1f1_ICTP_RegCM5-0_v1-r1_1hr_200710310100-200711010000.nc
cin_CSAM-3_ERA5_evaluation_r1i1p1f1_ICTP_RegCM5-0_v1-r1_1hr_200711010100-200711020000.nc
cin_CSAM-3_ERA5_evaluation_r1i1p1f1_ICTP_RegCM5-0_v1-r1_1hr_200711020100-200711030000.nc
cin_CSAM-3_ERA5_evaluation_r1i1p1f1_ICTP_RegCM5-0_v1-r1_1hr_200711030100-200711040000.nc
cin_CSAM-3_ERA5_evaluation_r1i1p1f1_ICTP_RegCM5-0_v1-r1_1hr_200711040100-200711050000.nc
cin_CSAM-3_ERA5_evaluation_r1i1p1f1_ICTP_RegCM5-0_v1-r1_1hr_200711050100-200711060000.nc
cin_CSAM-3_ERA5_evaluation_r1i1p1f1_ICTP_RegCM5-0_v1-r1_1hr_200711060100-200711070000.nc
cin_CSAM-3_ERA5_evaluation_r1i1p1f1_ICTP_RegCM5-0_v1-r1_1hr_200711070100-200711080000.nc
cin_CSAM-3_ERA5_evaluation_r1i1p1f1_ICTP_RegCM5-0_v1-r1_1hr_200711080100-200711090000.nc
cin_CSAM-3_ERA5_evaluation_r1i1p1f1_ICTP_RegCM5-0_v1-r1_1hr_200711090100-200711100000.nc
cin_CSAM-3_ERA5_evaluation_r1i1p1f1_ICTP_RegCM5-0_v1-r1_1hr_200711100100-200711110000.nc
cin_CSAM-3_ERA5_evaluation_r1i1p1f1_ICTP_RegCM5-0_v1-r1_1hr_200711110100-200711120000.nc
cin_CSAM-3_ERA5_evaluation_r1i1p1f1_ICTP_RegCM5-0_v1-r1_1hr_200711120100-200711130000.nc
cin_CSAM-3_ERA5_evaluation_r1i1p1f1_ICTP_RegCM5-0_v1-r1_1hr_200711130100-200711140000.nc
cin_CSAM-3_ERA5_evaluation_r1i1p1f1_ICTP_RegCM5-0_v1-r1_1hr_200711140100-200711150000.nc
cin_CSAM-3_ERA5_evaluation_r1i1p1f1_ICTP_RegCM5-0_v1-r1_1hr_200711150100-200711160000.nc
cin_CSAM-3_ERA5_evaluation_r1i1p1f1_ICTP_RegCM5-0_v1-r1_1hr_200711160100-200711170000.nc
cin_CSAM-3_ERA5_evaluation_r1i1p1f1_ICTP_RegCM5-0_v1-r1_1hr_200711170100-200711180000.nc
cin_CSAM-3_ERA5_evaluation_r1i1p1f1_ICTP_RegCM5-0_v1-r1_1hr_200711180100-200711190000.nc
cin_CSAM-3_ERA5_evaluation_r1i1p1f1_ICTP_RegCM5-0_v1-r1_1hr_200711190100-200711200000.nc
cin_CSAM-3_ERA5_evaluation_r1i1p1f1_ICTP_RegCM5-0_v1-r1_1hr_200711200100-200711210000.nc
cin_CSAM-3_ERA5_evaluation_r1i1p1f1_ICTP_RegCM5-0_v1-r1_1hr_200711210100-200711220000.nc
cin_CSAM-3_ERA5_evaluation_r1i1p1f1_ICTP_RegCM5-0_v1-r1_1hr_200711220100-200711230000.nc
cin_CSAM-3_ERA5_evaluation_r1i1p1f1_ICTP_RegCM5-0_v1-r1_1hr_200711230100-200711240000.nc
cin_CSAM-3_ERA5_evaluation_r1i1p1f1_ICTP_RegCM5-0_v1-r1_1hr_200711240100-200711250000.nc
cin_CSAM-3_ERA5_evaluation_r1i1p1f1_ICTP_RegCM5-0_v1-r1_1hr_200711250100-200711260000.nc
cin_CSAM-3_ERA5_evaluation_r1i1p1f1_ICTP_RegCM5-0_v1-r1_1hr_200711260100-200711270000.nc
cin_CSAM-3_ERA5_evaluation_r1i1p1f1_ICTP_RegCM5-0_v1-r1_1hr_200711270100-200711280000.nc
cin_CSAM-3_ERA5_evaluation_r1i1p1f1_ICTP_RegCM5-0_v1-r1_1hr_200711280100-200711290000.nc
cin_CSAM-3_ERA5_evaluation_r1i1p1f1_ICTP_RegCM5-0_v1-r1_1hr_200711290100-200711300000.nc
cin_CSAM-3_ERA5_evaluation_r1i1p1f1_ICTP_RegCM5-0_v1-r1_1hr_200711300100-200712010000.nc
cin_CSAM-3_ERA5_evaluation_r1i1p1f1_ICTP_RegCM5-0_v1-r1_1hr_200712010100-200712020000.nc
cin_CSAM-3_ERA5_evaluation_r1i1p1f1_ICTP_RegCM5-0_v1-r1_1hr_200712020100-200712030000.nc
cin_CSAM-3_ERA5_evaluation_r1i1p1f1_ICTP_RegCM5-0_v1-r1_1hr_200712030100-200712040000.nc
cin_CSAM-3_ERA5_evaluation_r1i1p1f1_ICTP_RegCM5-0_v1-r1_1hr_200712040100-200712050000.nc
cin_CSAM-3_ERA5_evaluation_r1i1p1f1_ICTP_RegCM5-0_v1-r1_1hr_200712050100-200712060000.nc
cin_CSAM-3_ERA5_evaluation_r1i1p1f1_ICTP_RegCM5-0_v1-r1_1hr_200712060100-200712070000.nc
cin_CSAM-3_ERA5_evaluation_r1i1p1f1_ICTP_RegCM5-0_v1-r1_1hr_200712070100-200712080000.nc
cin_CSAM-3_ERA5_evaluation_r1i1p1f1_ICTP_RegCM5-0_v1-r1_1hr_200712080100-200712090000.nc
cin_CSAM-3_ERA5_evaluation_r1i1p1f1_ICTP_RegCM5-0_v1-r1_1hr_200712090100-200712100000.nc
cin_CSAM-3_ERA5_evaluation_r1i1p1f1_ICTP_RegCM5-0_v1-r1_1hr_200712100100-200712110000.nc
cin_CSAM-3_ERA5_evaluation_r1i1p1f1_ICTP_RegCM5-0_v1-r1_1hr_200712110100-200712120000.nc
cin_CSAM-3_ERA5_evaluation_r1i1p1f1_ICTP_RegCM5-0_v1-r1_1hr_200712120100-200712130000.nc
cin_CSAM-3_ERA5_evaluation_r1i1p1f1_ICTP_RegCM5-0_v1-r1_1hr_200712130100-200712140000.nc
cin_CSAM-3_ERA5_evaluation_r1i1p1f1_ICTP_RegCM5-0_v1-r1_1hr_200712140100-200712150000.nc
cin_CSAM-3_ERA5_evaluation_r1i1p1f1_ICTP_RegCM5-0_v1-r1_1hr_200712150100-200712160000.nc
cin_CSAM-3_ERA5_evaluation_r1i1p1f1_ICTP_RegCM5-0_v1-r1_1hr_200712160100-200712170000.nc
cin_CSAM-3_ERA5_evaluation_r1i1p1f1_ICTP_RegCM5-0_v1-r1_1hr_200712170100-200712180000.nc
cin_CSAM-3_ERA5_evaluation_r1i1p1f1_ICTP_RegCM5-0_v1-r1_1hr_200712180100-200712190000.nc
cin_CSAM-3_ERA5_evaluation_r1i1p1f1_ICTP_RegCM5-0_v1-r1_1hr_200712190100-200712200000.nc
cin_CSAM-3_ERA5_evaluation_r1i1p1f1_ICTP_RegCM5-0_v1-r1_1hr_200712200100-200712210000.nc
cin_CSAM-3_ERA5_evaluation_r1i1p1f1_ICTP_RegCM5-0_v1-r1_1hr_200712210100-200712220000.nc
cin_CSAM-3_ERA5_evaluation_r1i1p1f1_ICTP_RegCM5-0_v1-r1_1hr_200712220100-200712230000.nc
cin_CSAM-3_ERA5_evaluation_r1i1p1f1_ICTP_RegCM5-0_v1-r1_1hr_200712230100-200712240000.nc
cin_CSAM-3_ERA5_evaluation_r1i1p1f1_ICTP_RegCM5-0_v1-r1_1hr_200712240100-200712250000.nc
cin_CSAM-3_ERA5_evaluation_r1i1p1f1_ICTP_RegCM5-0_v1-r1_1hr_200712250100-200712260000.nc
cin_CSAM-3_ERA5_evaluation_r1i1p1f1_ICTP_RegCM5-0_v1-r1_1hr_200712260100-200712270000.nc
cin_CSAM-3_ERA5_evaluation_r1i1p1f1_ICTP_RegCM5-0_v1-r1_1hr_200712270100-200712280000.nc
cin_CSAM-3_ERA5_evaluation_r1i1p1f1_ICTP_RegCM5-0_v1-r1_1hr_200712280100-200712290000.nc
cin_CSAM-3_ERA5_evaluation_r1i1p1f1_ICTP_RegCM5-0_v1-r1_1hr_200712290100-200712300000.nc
cin_CSAM-3_ERA5_evaluation_r1i1p1f1_ICTP_RegCM5-0_v1-r1_1hr_200712300100-200712310000.nc
cin_CSAM-3_ERA5_evaluation_r1i1p1f1_ICTP_RegCM5-0_v1-r1_1hr_200712310100-200801010000.nc
Files: clh_CSAM-3_ERA5_evaluation_r1i1p1f1_ICTP_RegCM5-0_v1-r1_1hr_200701010100-200701020000.nc
clh_CSAM-3_ERA5_evaluation_r1i1p1f1_ICTP_RegCM5-0_v1-r1_1hr_200701020100-200701030000.nc
clh_CSAM-3_ERA5_evaluation_r1i1p1f1_ICTP_RegCM5-0_v1-r1_1hr_200701030100-200701040000.nc
clh_CSAM-3_ERA5_evaluation_r1i1p1f1_ICTP_RegCM5-0_v1-r1_1hr_200701040100-200701050000.nc
clh_CSAM-3_ERA5_evaluation_r1i1p1f1_ICTP_RegCM5-0_v1-r1_1hr_200701050100-200701060000.nc
clh_CSAM-3_ERA5_evaluation_r1i1p1f1_ICTP_RegCM5-0_v1-r1_1hr_200701060100-200701070000.nc
clh_CSAM-3_ERA5_evaluation_r1i1p1f1_ICTP_RegCM5-0_v1-r1_1hr_200701070100-200701080000.nc
clh_CSAM-3_ERA5_evaluation_r1i1p1f1_ICTP_RegCM5-0_v1-r1_1hr_200701080100-200701090000.nc
clh_CSAM-3_ERA5_evaluation_r1i1p1f1_ICTP_RegCM5-0_v1-r1_1hr_200701090100-200701100000.nc
clh_CSAM-3_ERA5_evaluation_r1i1p1f1_ICTP_RegCM5-0_v1-r1_1hr_200701100100-200701110000.nc
clh_CSAM-3_ERA5_evaluation_r1i1p1f1_ICTP_RegCM5-0_v1-r1_1hr_200701110100-200701120000.nc
clh_CSAM-3_ERA5_evaluation_r1i1p1f1_ICTP_RegCM5-0_v1-r1_1hr_200701120100-200701130000.nc
clh_CSAM-3_ERA5_evaluation_r1i1p1f1_ICTP_RegCM5-0_v1-r1_1hr_200701130100-200701140000.nc
clh_CSAM-3_ERA5_evaluation_r1i1p1f1_ICTP_RegCM5-0_v1-r1_1hr_200701140100-200701150000.nc
clh_CSAM-3_ERA5_evaluation_r1i1p1f1_ICTP_RegCM5-0_v1-r1_1hr_200701150100-200701160000.nc
clh_CSAM-3_ERA5_evaluation_r1i1p1f1_ICTP_RegCM5-0_v1-r1_1hr_200701160100-200701170000.nc
clh_CSAM-3_ERA5_evaluation_r1i1p1f1_ICTP_RegCM5-0_v1-r1_1hr_200701170100-200701180000.nc
clh_CSAM-3_ERA5_evaluation_r1i1p1f1_ICTP_RegCM5-0_v1-r1_1hr_200701180100-200701190000.nc
clh_CSAM-3_ERA5_evaluation_r1i1p1f1_ICTP_RegCM5-0_v1-r1_1hr_200701190100-200701200000.nc
clh_CSAM-3_ERA5_evaluation_r1i1p1f1_ICTP_RegCM5-0_v1-r1_1hr_200701200100-200701210000.nc
clh_CSAM-3_ERA5_evaluation_r1i1p1f1_ICTP_RegCM5-0_v1-r1_1hr_200701210100-200701220000.nc
clh_CSAM-3_ERA5_evaluation_r1i1p1f1_ICTP_RegCM5-0_v1-r1_1hr_200701220100-200701230000.nc
clh_CSAM-3_ERA5_evaluation_r1i1p1f1_ICTP_RegCM5-0_v1-r1_1hr_200701230100-200701240000.nc
clh_CSAM-3_ERA5_evaluation_r1i1p1f1_ICTP_RegCM5-0_v1-r1_1hr_200701240100-200701250000.nc
clh_CSAM-3_ERA5_evaluation_r1i1p1f1_ICTP_RegCM5-0_v1-r1_1hr_200701250100-200701260000.nc
clh_CSAM-3_ERA5_evaluation_r1i1p1f1_ICTP_RegCM5-0_v1-r1_1hr_200701260100-200701270000.nc
clh_CSAM-3_ERA5_evaluation_r1i1p1f1_ICTP_RegCM5-0_v1-r1_1hr_200701270100-200701280000.nc
clh_CSAM-3_ERA5_evaluation_r1i1p1f1_ICTP_RegCM5-0_v1-r1_1hr_200701280100-200701290000.nc
clh_CSAM-3_ERA5_evaluation_r1i1p1f1_ICTP_RegCM5-0_v1-r1_1hr_200701290100-200701300000.nc
clh_CSAM-3_ERA5_evaluation_r1i1p1f1_ICTP_RegCM5-0_v1-r1_1hr_200701300100-200701310000.nc
clh_CSAM-3_ERA5_evaluation_r1i1p1f1_ICTP_RegCM5-0_v1-r1_1hr_200701310100-200702010000.nc
clh_CSAM-3_ERA5_evaluation_r1i1p1f1_ICTP_RegCM5-0_v1-r1_1hr_200702010100-200702020000.nc
clh_CSAM-3_ERA5_evaluation_r1i1p1f1_ICTP_RegCM5-0_v1-r1_1hr_200702020100-200702030000.nc
clh_CSAM-3_ERA5_evaluation_r1i1p1f1_ICTP_RegCM5-0_v1-r1_1hr_200702030100-200702040000.nc
clh_CSAM-3_ERA5_evaluation_r1i1p1f1_ICTP_RegCM5-0_v1-r1_1hr_200702040100-200702050000.nc
clh_CSAM-3_ERA5_evaluation_r1i1p1f1_ICTP_RegCM5-0_v1-r1_1hr_200702050100-200702060000.nc
clh_CSAM-3_ERA5_evaluation_r1i1p1f1_ICTP_RegCM5-0_v1-r1_1hr_200702060100-200702070000.nc
clh_CSAM-3_ERA5_evaluation_r1i1p1f1_ICTP_RegCM5-0_v1-r1_1hr_200702070100-200702080000.nc
clh_CSAM-3_ERA5_evaluation_r1i1p1f1_ICTP_RegCM5-0_v1-r1_1hr_200702080100-200702090000.nc
clh_CSAM-3_ERA5_evaluation_r1i1p1f1_ICTP_RegCM5-0_v1-r1_1hr_200702090100-200702100000.nc
clh_CSAM-3_ERA5_evaluation_r1i1p1f1_ICTP_RegCM5-0_v1-r1_1hr_200702100100-200702110000.nc
clh_CSAM-3_ERA5_evaluation_r1i1p1f1_ICTP_RegCM5-0_v1-r1_1hr_200702110100-200702120000.nc
clh_CSAM-3_ERA5_evaluation_r1i1p1f1_ICTP_RegCM5-0_v1-r1_1hr_200702120100-200702130000.nc
clh_CSAM-3_ERA5_evaluation_r1i1p1f1_ICTP_RegCM5-0_v1-r1_1hr_200702130100-200702140000.nc
clh_CSAM-3_ERA5_evaluation_r1i1p1f1_ICTP_RegCM5-0_v1-r1_1hr_200702140100-200702150000.nc
clh_CSAM-3_ERA5_evaluation_r1i1p1f1_ICTP_RegCM5-0_v1-r1_1hr_200702150100-200702160000.nc
clh_CSAM-3_ERA5_evaluation_r1i1p1f1_ICTP_RegCM5-0_v1-r1_1hr_200702160100-200702170000.nc
clh_CSAM-3_ERA5_evaluation_r1i1p1f1_ICTP_RegCM5-0_v1-r1_1hr_200702170100-200702180000.nc
clh_CSAM-3_ERA5_evaluation_r1i1p1f1_ICTP_RegCM5-0_v1-r1_1hr_200702180100-200702190000.nc
clh_CSAM-3_ERA5_evaluation_r1i1p1f1_ICTP_RegCM5-0_v1-r1_1hr_200702190100-200702200000.nc
clh_CSAM-3_ERA5_evaluation_r1i1p1f1_ICTP_RegCM5-0_v1-r1_1hr_200702200100-200702210000.nc
clh_CSAM-3_ERA5_evaluation_r1i1p1f1_ICTP_RegCM5-0_v1-r1_1hr_200702210100-200702220000.nc
clh_CSAM-3_ERA5_evaluation_r1i1p1f1_ICTP_RegCM5-0_v1-r1_1hr_200702220100-200702230000.nc
clh_CSAM-3_ERA5_evaluation_r1i1p1f1_ICTP_RegCM5-0_v1-r1_1hr_200702230100-200702240000.nc
clh_CSAM-3_ERA5_evaluation_r1i1p1f1_ICTP_RegCM5-0_v1-r1_1hr_200702240100-200702250000.nc
clh_CSAM-3_ERA5_evaluation_r1i1p1f1_ICTP_RegCM5-0_v1-r1_1hr_200702250100-200702260000.nc
clh_CSAM-3_ERA5_evaluation_r1i1p1f1_ICTP_RegCM5-0_v1-r1_1hr_200702260100-200702270000.nc
clh_CSAM-3_ERA5_evaluation_r1i1p1f1_ICTP_RegCM5-0_v1-r1_1hr_200702270100-200702280000.nc
clh_CSAM-3_ERA5_evaluation_r1i1p1f1_ICTP_RegCM5-0_v1-r1_1hr_200702280100-200703010000.nc
clh_CSAM-3_ERA5_evaluation_r1i1p1f1_ICTP_RegCM5-0_v1-r1_1hr_200703010100-200703020000.nc
clh_CSAM-3_ERA5_evaluation_r1i1p1f1_ICTP_RegCM5-0_v1-r1_1hr_200703020100-200703030000.nc
clh_CSAM-3_ERA5_evaluation_r1i1p1f1_ICTP_RegCM5-0_v1-r1_1hr_200703030100-200703040000.nc
clh_CSAM-3_ERA5_evaluation_r1i1p1f1_ICTP_RegCM5-0_v1-r1_1hr_200703040100-200703050000.nc
clh_CSAM-3_ERA5_evaluation_r1i1p1f1_ICTP_RegCM5-0_v1-r1_1hr_200703050100-200703060000.nc
clh_CSAM-3_ERA5_evaluation_r1i1p1f1_ICTP_RegCM5-0_v1-r1_1hr_200703060100-200703070000.nc
clh_CSAM-3_ERA5_evaluation_r1i1p1f1_ICTP_RegCM5-0_v1-r1_1hr_200703070100-200703080000.nc
clh_CSAM-3_ERA5_evaluation_r1i1p1f1_ICTP_RegCM5-0_v1-r1_1hr_200703080100-200703090000.nc
clh_CSAM-3_ERA5_evaluation_r1i1p1f1_ICTP_RegCM5-0_v1-r1_1hr_200703090100-200703100000.nc
clh_CSAM-3_ERA5_evaluation_r1i1p1f1_ICTP_RegCM5-0_v1-r1_1hr_200703100100-200703110000.nc
clh_CSAM-3_ERA5_evaluation_r1i1p1f1_ICTP_RegCM5-0_v1-r1_1hr_200703110100-200703120000.nc
clh_CSAM-3_ERA5_evaluation_r1i1p1f1_ICTP_RegCM5-0_v1-r1_1hr_200703120100-200703130000.nc
clh_CSAM-3_ERA5_evaluation_r1i1p1f1_ICTP_RegCM5-0_v1-r1_1hr_200703130100-200703140000.nc
clh_CSAM-3_ERA5_evaluation_r1i1p1f1_ICTP_RegCM5-0_v1-r1_1hr_200703140100-200703150000.nc
clh_CSAM-3_ERA5_evaluation_r1i1p1f1_ICTP_RegCM5-0_v1-r1_1hr_200703150100-200703160000.nc
clh_CSAM-3_ERA5_evaluation_r1i1p1f1_ICTP_RegCM5-0_v1-r1_1hr_200703160100-200703170000.nc
clh_CSAM-3_ERA5_evaluation_r1i1p1f1_ICTP_RegCM5-0_v1-r1_1hr_200703170100-200703180000.nc
clh_CSAM-3_ERA5_evaluation_r1i1p1f1_ICTP_RegCM5-0_v1-r1_1hr_200703180100-200703190000.nc
clh_CSAM-3_ERA5_evaluation_r1i1p1f1_ICTP_RegCM5-0_v1-r1_1hr_200703190100-200703200000.nc
clh_CSAM-3_ERA5_evaluation_r1i1p1f1_ICTP_RegCM5-0_v1-r1_1hr_200703200100-200703210000.nc
clh_CSAM-3_ERA5_evaluation_r1i1p1f1_ICTP_RegCM5-0_v1-r1_1hr_200703210100-200703220000.nc
clh_CSAM-3_ERA5_evaluation_r1i1p1f1_ICTP_RegCM5-0_v1-r1_1hr_200703220100-200703230000.nc
clh_CSAM-3_ERA5_evaluation_r1i1p1f1_ICTP_RegCM5-0_v1-r1_1hr_200703230100-200703240000.nc
clh_CSAM-3_ERA5_evaluation_r1i1p1f1_ICTP_RegCM5-0_v1-r1_1hr_200703240100-200703250000.nc
clh_CSAM-3_ERA5_evaluation_r1i1p1f1_ICTP_RegCM5-0_v1-r1_1hr_200703250100-200703260000.nc
clh_CSAM-3_ERA5_evaluation_r1i1p1f1_ICTP_RegCM5-0_v1-r1_1hr_200703260100-200703270000.nc
clh_CSAM-3_ERA5_evaluation_r1i1p1f1_ICTP_RegCM5-0_v1-r1_1hr_200703270100-200703280000.nc
clh_CSAM-3_ERA5_evaluation_r1i1p1f1_ICTP_RegCM5-0_v1-r1_1hr_200703280100-200703290000.nc
clh_CSAM-3_ERA5_evaluation_r1i1p1f1_ICTP_RegCM5-0_v1-r1_1hr_200703290100-200703300000.nc
clh_CSAM-3_ERA5_evaluation_r1i1p1f1_ICTP_RegCM5-0_v1-r1_1hr_200703300100-200703310000.nc
clh_CSAM-3_ERA5_evaluation_r1i1p1f1_ICTP_RegCM5-0_v1-r1_1hr_200703310100-200704010000.nc
clh_CSAM-3_ERA5_evaluation_r1i1p1f1_ICTP_RegCM5-0_v1-r1_1hr_200704010100-200704020000.nc
clh_CSAM-3_ERA5_evaluation_r1i1p1f1_ICTP_RegCM5-0_v1-r1_1hr_200704020100-200704030000.nc
clh_CSAM-3_ERA5_evaluation_r1i1p1f1_ICTP_RegCM5-0_v1-r1_1hr_200704030100-200704040000.nc
clh_CSAM-3_ERA5_evaluation_r1i1p1f1_ICTP_RegCM5-0_v1-r1_1hr_200704040100-200704050000.nc
clh_CSAM-3_ERA5_evaluation_r1i1p1f1_ICTP_RegCM5-0_v1-r1_1hr_200704050100-200704060000.nc
clh_CSAM-3_ERA5_evaluation_r1i1p1f1_ICTP_RegCM5-0_v1-r1_1hr_200704060100-200704070000.nc
clh_CSAM-3_ERA5_evaluation_r1i1p1f1_ICTP_RegCM5-0_v1-r1_1hr_200704070100-200704080000.nc
clh_CSAM-3_ERA5_evaluation_r1i1p1f1_ICTP_RegCM5-0_v1-r1_1hr_200704080100-200704090000.nc
clh_CSAM-3_ERA5_evaluation_r1i1p1f1_ICTP_RegCM5-0_v1-r1_1hr_200704090100-200704100000.nc
clh_CSAM-3_ERA5_evaluation_r1i1p1f1_ICTP_RegCM5-0_v1-r1_1hr_200704100100-200704110000.nc
clh_CSAM-3_ERA5_evaluation_r1i1p1f1_ICTP_RegCM5-0_v1-r1_1hr_200704110100-200704120000.nc
clh_CSAM-3_ERA5_evaluation_r1i1p1f1_ICTP_RegCM5-0_v1-r1_1hr_200704120100-200704130000.nc
clh_CSAM-3_ERA5_evaluation_r1i1p1f1_ICTP_RegCM5-0_v1-r1_1hr_200704130100-200704140000.nc
clh_CSAM-3_ERA5_evaluation_r1i1p1f1_ICTP_RegCM5-0_v1-r1_1hr_200704140100-200704150000.nc
clh_CSAM-3_ERA5_evaluation_r1i1p1f1_ICTP_RegCM5-0_v1-r1_1hr_200704150100-200704160000.nc
clh_CSAM-3_ERA5_evaluation_r1i1p1f1_ICTP_RegCM5-0_v1-r1_1hr_200704160100-200704170000.nc
clh_CSAM-3_ERA5_evaluation_r1i1p1f1_ICTP_RegCM5-0_v1-r1_1hr_200704170100-200704180000.nc
clh_CSAM-3_ERA5_evaluation_r1i1p1f1_ICTP_RegCM5-0_v1-r1_1hr_200704180100-200704190000.nc
clh_CSAM-3_ERA5_evaluation_r1i1p1f1_ICTP_RegCM5-0_v1-r1_1hr_200704190100-200704200000.nc
clh_CSAM-3_ERA5_evaluation_r1i1p1f1_ICTP_RegCM5-0_v1-r1_1hr_200704200100-200704210000.nc
clh_CSAM-3_ERA5_evaluation_r1i1p1f1_ICTP_RegCM5-0_v1-r1_1hr_200704210100-200704220000.nc
clh_CSAM-3_ERA5_evaluation_r1i1p1f1_ICTP_RegCM5-0_v1-r1_1hr_200704220100-200704230000.nc
clh_CSAM-3_ERA5_evaluation_r1i1p1f1_ICTP_RegCM5-0_v1-r1_1hr_200704230100-200704240000.nc
clh_CSAM-3_ERA5_evaluation_r1i1p1f1_ICTP_RegCM5-0_v1-r1_1hr_200704240100-200704250000.nc
clh_CSAM-3_ERA5_evaluation_r1i1p1f1_ICTP_RegCM5-0_v1-r1_1hr_200704250100-200704260000.nc
clh_CSAM-3_ERA5_evaluation_r1i1p1f1_ICTP_RegCM5-0_v1-r1_1hr_200704260100-200704270000.nc
clh_CSAM-3_ERA5_evaluation_r1i1p1f1_ICTP_RegCM5-0_v1-r1_1hr_200704270100-200704280000.nc
clh_CSAM-3_ERA5_evaluation_r1i1p1f1_ICTP_RegCM5-0_v1-r1_1hr_200704280100-200704290000.nc
clh_CSAM-3_ERA5_evaluation_r1i1p1f1_ICTP_RegCM5-0_v1-r1_1hr_200704290100-200704300000.nc
clh_CSAM-3_ERA5_evaluation_r1i1p1f1_ICTP_RegCM5-0_v1-r1_1hr_200704300100-200705010000.nc
clh_CSAM-3_ERA5_evaluation_r1i1p1f1_ICTP_RegCM5-0_v1-r1_1hr_200705010100-200705020000.nc
clh_CSAM-3_ERA5_evaluation_r1i1p1f1_ICTP_RegCM5-0_v1-r1_1hr_200705020100-200705030000.nc
clh_CSAM-3_ERA5_evaluation_r1i1p1f1_ICTP_RegCM5-0_v1-r1_1hr_200705030100-200705040000.nc
clh_CSAM-3_ERA5_evaluation_r1i1p1f1_ICTP_RegCM5-0_v1-r1_1hr_200705040100-200705050000.nc
clh_CSAM-3_ERA5_evaluation_r1i1p1f1_ICTP_RegCM5-0_v1-r1_1hr_200705050100-200705060000.nc
clh_CSAM-3_ERA5_evaluation_r1i1p1f1_ICTP_RegCM5-0_v1-r1_1hr_200705060100-200705070000.nc
clh_CSAM-3_ERA5_evaluation_r1i1p1f1_ICTP_RegCM5-0_v1-r1_1hr_200705070100-200705080000.nc
clh_CSAM-3_ERA5_evaluation_r1i1p1f1_ICTP_RegCM5-0_v1-r1_1hr_200705080100-200705090000.nc
clh_CSAM-3_ERA5_evaluation_r1i1p1f1_ICTP_RegCM5-0_v1-r1_1hr_200705090100-200705100000.nc
clh_CSAM-3_ERA5_evaluation_r1i1p1f1_ICTP_RegCM5-0_v1-r1_1hr_200705100100-200705110000.nc
clh_CSAM-3_ERA5_evaluation_r1i1p1f1_ICTP_RegCM5-0_v1-r1_1hr_200705110100-200705120000.nc
clh_CSAM-3_ERA5_evaluation_r1i1p1f1_ICTP_RegCM5-0_v1-r1_1hr_200705120100-200705130000.nc
clh_CSAM-3_ERA5_evaluation_r1i1p1f1_ICTP_RegCM5-0_v1-r1_1hr_200705130100-200705140000.nc
clh_CSAM-3_ERA5_evaluation_r1i1p1f1_ICTP_RegCM5-0_v1-r1_1hr_200705140100-200705150000.nc
clh_CSAM-3_ERA5_evaluation_r1i1p1f1_ICTP_RegCM5-0_v1-r1_1hr_200705150100-200705160000.nc
clh_CSAM-3_ERA5_evaluation_r1i1p1f1_ICTP_RegCM5-0_v1-r1_1hr_200705160100-200705170000.nc
clh_CSAM-3_ERA5_evaluation_r1i1p1f1_ICTP_RegCM5-0_v1-r1_1hr_200705170100-200705180000.nc
clh_CSAM-3_ERA5_evaluation_r1i1p1f1_ICTP_RegCM5-0_v1-r1_1hr_200705180100-200705190000.nc
clh_CSAM-3_ERA5_evaluation_r1i1p1f1_ICTP_RegCM5-0_v1-r1_1hr_200705190100-200705200000.nc
clh_CSAM-3_ERA5_evaluation_r1i1p1f1_ICTP_RegCM5-0_v1-r1_1hr_200705200100-200705210000.nc
clh_CSAM-3_ERA5_evaluation_r1i1p1f1_ICTP_RegCM5-0_v1-r1_1hr_200705210100-200705220000.nc
clh_CSAM-3_ERA5_evaluation_r1i1p1f1_ICTP_RegCM5-0_v1-r1_1hr_200705220100-200705230000.nc
clh_CSAM-3_ERA5_evaluation_r1i1p1f1_ICTP_RegCM5-0_v1-r1_1hr_200705230100-200705240000.nc
clh_CSAM-3_ERA5_evaluation_r1i1p1f1_ICTP_RegCM5-0_v1-r1_1hr_200705240100-200705250000.nc
clh_CSAM-3_ERA5_evaluation_r1i1p1f1_ICTP_RegCM5-0_v1-r1_1hr_200705250100-200705260000.nc
clh_CSAM-3_ERA5_evaluation_r1i1p1f1_ICTP_RegCM5-0_v1-r1_1hr_200705260100-200705270000.nc
clh_CSAM-3_ERA5_evaluation_r1i1p1f1_ICTP_RegCM5-0_v1-r1_1hr_200705270100-200705280000.nc
clh_CSAM-3_ERA5_evaluation_r1i1p1f1_ICTP_RegCM5-0_v1-r1_1hr_200705280100-200705290000.nc
clh_CSAM-3_ERA5_evaluation_r1i1p1f1_ICTP_RegCM5-0_v1-r1_1hr_200705290100-200705300000.nc
clh_CSAM-3_ERA5_evaluation_r1i1p1f1_ICTP_RegCM5-0_v1-r1_1hr_200705300100-200705310000.nc
clh_CSAM-3_ERA5_evaluation_r1i1p1f1_ICTP_RegCM5-0_v1-r1_1hr_200705310100-200706010000.nc
clh_CSAM-3_ERA5_evaluation_r1i1p1f1_ICTP_RegCM5-0_v1-r1_1hr_200706010100-200706020000.nc
clh_CSAM-3_ERA5_evaluation_r1i1p1f1_ICTP_RegCM5-0_v1-r1_1hr_200706020100-200706030000.nc
clh_CSAM-3_ERA5_evaluation_r1i1p1f1_ICTP_RegCM5-0_v1-r1_1hr_200706030100-200706040000.nc
clh_CSAM-3_ERA5_evaluation_r1i1p1f1_ICTP_RegCM5-0_v1-r1_1hr_200706040100-200706050000.nc
clh_CSAM-3_ERA5_evaluation_r1i1p1f1_ICTP_RegCM5-0_v1-r1_1hr_200706050100-200706060000.nc
clh_CSAM-3_ERA5_evaluation_r1i1p1f1_ICTP_RegCM5-0_v1-r1_1hr_200706060100-200706070000.nc
clh_CSAM-3_ERA5_evaluation_r1i1p1f1_ICTP_RegCM5-0_v1-r1_1hr_200706070100-200706080000.nc
clh_CSAM-3_ERA5_evaluation_r1i1p1f1_ICTP_RegCM5-0_v1-r1_1hr_200706080100-200706090000.nc
clh_CSAM-3_ERA5_evaluation_r1i1p1f1_ICTP_RegCM5-0_v1-r1_1hr_200706090100-200706100000.nc
clh_CSAM-3_ERA5_evaluation_r1i1p1f1_ICTP_RegCM5-0_v1-r1_1hr_200706100100-200706110000.nc
clh_CSAM-3_ERA5_evaluation_r1i1p1f1_ICTP_RegCM5-0_v1-r1_1hr_200706110100-200706120000.nc
clh_CSAM-3_ERA5_evaluation_r1i1p1f1_ICTP_RegCM5-0_v1-r1_1hr_200706120100-200706130000.nc
clh_CSAM-3_ERA5_evaluation_r1i1p1f1_ICTP_RegCM5-0_v1-r1_1hr_200706130100-200706140000.nc
clh_CSAM-3_ERA5_evaluation_r1i1p1f1_ICTP_RegCM5-0_v1-r1_1hr_200706140100-200706150000.nc
clh_CSAM-3_ERA5_evaluation_r1i1p1f1_ICTP_RegCM5-0_v1-r1_1hr_200706150100-200706160000.nc
clh_CSAM-3_ERA5_evaluation_r1i1p1f1_ICTP_RegCM5-0_v1-r1_1hr_200706160100-200706170000.nc
clh_CSAM-3_ERA5_evaluation_r1i1p1f1_ICTP_RegCM5-0_v1-r1_1hr_200706170100-200706180000.nc
clh_CSAM-3_ERA5_evaluation_r1i1p1f1_ICTP_RegCM5-0_v1-r1_1hr_200706180100-200706190000.nc
clh_CSAM-3_ERA5_evaluation_r1i1p1f1_ICTP_RegCM5-0_v1-r1_1hr_200706190100-200706200000.nc
clh_CSAM-3_ERA5_evaluation_r1i1p1f1_ICTP_RegCM5-0_v1-r1_1hr_200706200100-200706210000.nc
clh_CSAM-3_ERA5_evaluation_r1i1p1f1_ICTP_RegCM5-0_v1-r1_1hr_200706210100-200706220000.nc
clh_CSAM-3_ERA5_evaluation_r1i1p1f1_ICTP_RegCM5-0_v1-r1_1hr_200706220100-200706230000.nc
clh_CSAM-3_ERA5_evaluation_r1i1p1f1_ICTP_RegCM5-0_v1-r1_1hr_200706230100-200706240000.nc
clh_CSAM-3_ERA5_evaluation_r1i1p1f1_ICTP_RegCM5-0_v1-r1_1hr_200706240100-200706250000.nc
clh_CSAM-3_ERA5_evaluation_r1i1p1f1_ICTP_RegCM5-0_v1-r1_1hr_200706250100-200706260000.nc
clh_CSAM-3_ERA5_evaluation_r1i1p1f1_ICTP_RegCM5-0_v1-r1_1hr_200706260100-200706270000.nc
clh_CSAM-3_ERA5_evaluation_r1i1p1f1_ICTP_RegCM5-0_v1-r1_1hr_200706270100-200706280000.nc
clh_CSAM-3_ERA5_evaluation_r1i1p1f1_ICTP_RegCM5-0_v1-r1_1hr_200706280100-200706290000.nc
clh_CSAM-3_ERA5_evaluation_r1i1p1f1_ICTP_RegCM5-0_v1-r1_1hr_200706290100-200706300000.nc
clh_CSAM-3_ERA5_evaluation_r1i1p1f1_ICTP_RegCM5-0_v1-r1_1hr_200706300100-200707010000.nc
clh_CSAM-3_ERA5_evaluation_r1i1p1f1_ICTP_RegCM5-0_v1-r1_1hr_200707010100-200707020000.nc
clh_CSAM-3_ERA5_evaluation_r1i1p1f1_ICTP_RegCM5-0_v1-r1_1hr_200707020100-200707030000.nc
clh_CSAM-3_ERA5_evaluation_r1i1p1f1_ICTP_RegCM5-0_v1-r1_1hr_200707030100-200707040000.nc
clh_CSAM-3_ERA5_evaluation_r1i1p1f1_ICTP_RegCM5-0_v1-r1_1hr_200707040100-200707050000.nc
clh_CSAM-3_ERA5_evaluation_r1i1p1f1_ICTP_RegCM5-0_v1-r1_1hr_200707050100-200707060000.nc
clh_CSAM-3_ERA5_evaluation_r1i1p1f1_ICTP_RegCM5-0_v1-r1_1hr_200707060100-200707070000.nc
clh_CSAM-3_ERA5_evaluation_r1i1p1f1_ICTP_RegCM5-0_v1-r1_1hr_200707070100-200707080000.nc
clh_CSAM-3_ERA5_evaluation_r1i1p1f1_ICTP_RegCM5-0_v1-r1_1hr_200707080100-200707090000.nc
clh_CSAM-3_ERA5_evaluation_r1i1p1f1_ICTP_RegCM5-0_v1-r1_1hr_200707090100-200707100000.nc
clh_CSAM-3_ERA5_evaluation_r1i1p1f1_ICTP_RegCM5-0_v1-r1_1hr_200707100100-200707110000.nc
clh_CSAM-3_ERA5_evaluation_r1i1p1f1_ICTP_RegCM5-0_v1-r1_1hr_200707110100-200707120000.nc
clh_CSAM-3_ERA5_evaluation_r1i1p1f1_ICTP_RegCM5-0_v1-r1_1hr_200707120100-200707130000.nc
clh_CSAM-3_ERA5_evaluation_r1i1p1f1_ICTP_RegCM5-0_v1-r1_1hr_200707130100-200707140000.nc
clh_CSAM-3_ERA5_evaluation_r1i1p1f1_ICTP_RegCM5-0_v1-r1_1hr_200707140100-200707150000.nc
clh_CSAM-3_ERA5_evaluation_r1i1p1f1_ICTP_RegCM5-0_v1-r1_1hr_200707150100-200707160000.nc
clh_CSAM-3_ERA5_evaluation_r1i1p1f1_ICTP_RegCM5-0_v1-r1_1hr_200707160100-200707170000.nc
clh_CSAM-3_ERA5_evaluation_r1i1p1f1_ICTP_RegCM5-0_v1-r1_1hr_200707170100-200707180000.nc
clh_CSAM-3_ERA5_evaluation_r1i1p1f1_ICTP_RegCM5-0_v1-r1_1hr_200707180100-200707190000.nc
clh_CSAM-3_ERA5_evaluation_r1i1p1f1_ICTP_RegCM5-0_v1-r1_1hr_200707190100-200707200000.nc
clh_CSAM-3_ERA5_evaluation_r1i1p1f1_ICTP_RegCM5-0_v1-r1_1hr_200707200100-200707210000.nc
clh_CSAM-3_ERA5_evaluation_r1i1p1f1_ICTP_RegCM5-0_v1-r1_1hr_200707210100-200707220000.nc
clh_CSAM-3_ERA5_evaluation_r1i1p1f1_ICTP_RegCM5-0_v1-r1_1hr_200707220100-200707230000.nc
clh_CSAM-3_ERA5_evaluation_r1i1p1f1_ICTP_RegCM5-0_v1-r1_1hr_200707230100-200707240000.nc
clh_CSAM-3_ERA5_evaluation_r1i1p1f1_ICTP_RegCM5-0_v1-r1_1hr_200707240100-200707250000.nc
clh_CSAM-3_ERA5_evaluation_r1i1p1f1_ICTP_RegCM5-0_v1-r1_1hr_200707250100-200707260000.nc
clh_CSAM-3_ERA5_evaluation_r1i1p1f1_ICTP_RegCM5-0_v1-r1_1hr_200707260100-200707270000.nc
clh_CSAM-3_ERA5_evaluation_r1i1p1f1_ICTP_RegCM5-0_v1-r1_1hr_200707270100-200707280000.nc
clh_CSAM-3_ERA5_evaluation_r1i1p1f1_ICTP_RegCM5-0_v1-r1_1hr_200707280100-200707290000.nc
clh_CSAM-3_ERA5_evaluation_r1i1p1f1_ICTP_RegCM5-0_v1-r1_1hr_200707290100-200707300000.nc
clh_CSAM-3_ERA5_evaluation_r1i1p1f1_ICTP_RegCM5-0_v1-r1_1hr_200707300100-200707310000.nc
clh_CSAM-3_ERA5_evaluation_r1i1p1f1_ICTP_RegCM5-0_v1-r1_1hr_200707310100-200708010000.nc
clh_CSAM-3_ERA5_evaluation_r1i1p1f1_ICTP_RegCM5-0_v1-r1_1hr_200708010100-200708020000.nc
clh_CSAM-3_ERA5_evaluation_r1i1p1f1_ICTP_RegCM5-0_v1-r1_1hr_200708020100-200708030000.nc
clh_CSAM-3_ERA5_evaluation_r1i1p1f1_ICTP_RegCM5-0_v1-r1_1hr_200708030100-200708040000.nc
clh_CSAM-3_ERA5_evaluation_r1i1p1f1_ICTP_RegCM5-0_v1-r1_1hr_200708040100-200708050000.nc
clh_CSAM-3_ERA5_evaluation_r1i1p1f1_ICTP_RegCM5-0_v1-r1_1hr_200708050100-200708060000.nc
clh_CSAM-3_ERA5_evaluation_r1i1p1f1_ICTP_RegCM5-0_v1-r1_1hr_200708060100-200708070000.nc
clh_CSAM-3_ERA5_evaluation_r1i1p1f1_ICTP_RegCM5-0_v1-r1_1hr_200708070100-200708080000.nc
clh_CSAM-3_ERA5_evaluation_r1i1p1f1_ICTP_RegCM5-0_v1-r1_1hr_200708080100-200708090000.nc
clh_CSAM-3_ERA5_evaluation_r1i1p1f1_ICTP_RegCM5-0_v1-r1_1hr_200708090100-200708100000.nc
clh_CSAM-3_ERA5_evaluation_r1i1p1f1_ICTP_RegCM5-0_v1-r1_1hr_200708100100-200708110000.nc
clh_CSAM-3_ERA5_evaluation_r1i1p1f1_ICTP_RegCM5-0_v1-r1_1hr_200708110100-200708120000.nc
clh_CSAM-3_ERA5_evaluation_r1i1p1f1_ICTP_RegCM5-0_v1-r1_1hr_200708120100-200708130000.nc
clh_CSAM-3_ERA5_evaluation_r1i1p1f1_ICTP_RegCM5-0_v1-r1_1hr_200708130100-200708140000.nc
clh_CSAM-3_ERA5_evaluation_r1i1p1f1_ICTP_RegCM5-0_v1-r1_1hr_200708140100-200708150000.nc
clh_CSAM-3_ERA5_evaluation_r1i1p1f1_ICTP_RegCM5-0_v1-r1_1hr_200708150100-200708160000.nc
clh_CSAM-3_ERA5_evaluation_r1i1p1f1_ICTP_RegCM5-0_v1-r1_1hr_200708160100-200708170000.nc
clh_CSAM-3_ERA5_evaluation_r1i1p1f1_ICTP_RegCM5-0_v1-r1_1hr_200708170100-200708180000.nc
clh_CSAM-3_ERA5_evaluation_r1i1p1f1_ICTP_RegCM5-0_v1-r1_1hr_200708180100-200708190000.nc
clh_CSAM-3_ERA5_evaluation_r1i1p1f1_ICTP_RegCM5-0_v1-r1_1hr_200708190100-200708200000.nc
clh_CSAM-3_ERA5_evaluation_r1i1p1f1_ICTP_RegCM5-0_v1-r1_1hr_200708200100-200708210000.nc
clh_CSAM-3_ERA5_evaluation_r1i1p1f1_ICTP_RegCM5-0_v1-r1_1hr_200708210100-200708220000.nc
clh_CSAM-3_ERA5_evaluation_r1i1p1f1_ICTP_RegCM5-0_v1-r1_1hr_200708220100-200708230000.nc
clh_CSAM-3_ERA5_evaluation_r1i1p1f1_ICTP_RegCM5-0_v1-r1_1hr_200708230100-200708240000.nc
clh_CSAM-3_ERA5_evaluation_r1i1p1f1_ICTP_RegCM5-0_v1-r1_1hr_200708240100-200708250000.nc
clh_CSAM-3_ERA5_evaluation_r1i1p1f1_ICTP_RegCM5-0_v1-r1_1hr_200708250100-200708260000.nc
clh_CSAM-3_ERA5_evaluation_r1i1p1f1_ICTP_RegCM5-0_v1-r1_1hr_200708260100-200708270000.nc
clh_CSAM-3_ERA5_evaluation_r1i1p1f1_ICTP_RegCM5-0_v1-r1_1hr_200708270100-200708280000.nc
clh_CSAM-3_ERA5_evaluation_r1i1p1f1_ICTP_RegCM5-0_v1-r1_1hr_200708280100-200708290000.nc
clh_CSAM-3_ERA5_evaluation_r1i1p1f1_ICTP_RegCM5-0_v1-r1_1hr_200708290100-200708300000.nc
clh_CSAM-3_ERA5_evaluation_r1i1p1f1_ICTP_RegCM5-0_v1-r1_1hr_200708300100-200708310000.nc
clh_CSAM-3_ERA5_evaluation_r1i1p1f1_ICTP_RegCM5-0_v1-r1_1hr_200708310100-200709010000.nc
clh_CSAM-3_ERA5_evaluation_r1i1p1f1_ICTP_RegCM5-0_v1-r1_1hr_200709010100-200709020000.nc
clh_CSAM-3_ERA5_evaluation_r1i1p1f1_ICTP_RegCM5-0_v1-r1_1hr_200709020100-200709030000.nc
clh_CSAM-3_ERA5_evaluation_r1i1p1f1_ICTP_RegCM5-0_v1-r1_1hr_200709030100-200709040000.nc
clh_CSAM-3_ERA5_evaluation_r1i1p1f1_ICTP_RegCM5-0_v1-r1_1hr_200709040100-200709050000.nc
clh_CSAM-3_ERA5_evaluation_r1i1p1f1_ICTP_RegCM5-0_v1-r1_1hr_200709050100-200709060000.nc
clh_CSAM-3_ERA5_evaluation_r1i1p1f1_ICTP_RegCM5-0_v1-r1_1hr_200709060100-200709070000.nc
clh_CSAM-3_ERA5_evaluation_r1i1p1f1_ICTP_RegCM5-0_v1-r1_1hr_200709070100-200709080000.nc
clh_CSAM-3_ERA5_evaluation_r1i1p1f1_ICTP_RegCM5-0_v1-r1_1hr_200709080100-200709090000.nc
clh_CSAM-3_ERA5_evaluation_r1i1p1f1_ICTP_RegCM5-0_v1-r1_1hr_200709090100-200709100000.nc
clh_CSAM-3_ERA5_evaluation_r1i1p1f1_ICTP_RegCM5-0_v1-r1_1hr_200709100100-200709110000.nc
clh_CSAM-3_ERA5_evaluation_r1i1p1f1_ICTP_RegCM5-0_v1-r1_1hr_200709110100-200709120000.nc
clh_CSAM-3_ERA5_evaluation_r1i1p1f1_ICTP_RegCM5-0_v1-r1_1hr_200709120100-200709130000.nc
clh_CSAM-3_ERA5_evaluation_r1i1p1f1_ICTP_RegCM5-0_v1-r1_1hr_200709130100-200709140000.nc
clh_CSAM-3_ERA5_evaluation_r1i1p1f1_ICTP_RegCM5-0_v1-r1_1hr_200709140100-200709150000.nc
clh_CSAM-3_ERA5_evaluation_r1i1p1f1_ICTP_RegCM5-0_v1-r1_1hr_200709150100-200709160000.nc
clh_CSAM-3_ERA5_evaluation_r1i1p1f1_ICTP_RegCM5-0_v1-r1_1hr_200709160100-200709170000.nc
clh_CSAM-3_ERA5_evaluation_r1i1p1f1_ICTP_RegCM5-0_v1-r1_1hr_200709170100-200709180000.nc
clh_CSAM-3_ERA5_evaluation_r1i1p1f1_ICTP_RegCM5-0_v1-r1_1hr_200709180100-200709190000.nc
clh_CSAM-3_ERA5_evaluation_r1i1p1f1_ICTP_RegCM5-0_v1-r1_1hr_200709190100-200709200000.nc
clh_CSAM-3_ERA5_evaluation_r1i1p1f1_ICTP_RegCM5-0_v1-r1_1hr_200709200100-200709210000.nc
clh_CSAM-3_ERA5_evaluation_r1i1p1f1_ICTP_RegCM5-0_v1-r1_1hr_200709210100-200709220000.nc
clh_CSAM-3_ERA5_evaluation_r1i1p1f1_ICTP_RegCM5-0_v1-r1_1hr_200709220100-200709230000.nc
clh_CSAM-3_ERA5_evaluation_r1i1p1f1_ICTP_RegCM5-0_v1-r1_1hr_200709230100-200709240000.nc
clh_CSAM-3_ERA5_evaluation_r1i1p1f1_ICTP_RegCM5-0_v1-r1_1hr_200709240100-200709250000.nc
clh_CSAM-3_ERA5_evaluation_r1i1p1f1_ICTP_RegCM5-0_v1-r1_1hr_200709250100-200709260000.nc
clh_CSAM-3_ERA5_evaluation_r1i1p1f1_ICTP_RegCM5-0_v1-r1_1hr_200709260100-200709270000.nc
clh_CSAM-3_ERA5_evaluation_r1i1p1f1_ICTP_RegCM5-0_v1-r1_1hr_200709270100-200709280000.nc
clh_CSAM-3_ERA5_evaluation_r1i1p1f1_ICTP_RegCM5-0_v1-r1_1hr_200709280100-200709290000.nc
clh_CSAM-3_ERA5_evaluation_r1i1p1f1_ICTP_RegCM5-0_v1-r1_1hr_200709290100-200709300000.nc
clh_CSAM-3_ERA5_evaluation_r1i1p1f1_ICTP_RegCM5-0_v1-r1_1hr_200709300100-200710010000.nc
clh_CSAM-3_ERA5_evaluation_r1i1p1f1_ICTP_RegCM5-0_v1-r1_1hr_200710010100-200710020000.nc
clh_CSAM-3_ERA5_evaluation_r1i1p1f1_ICTP_RegCM5-0_v1-r1_1hr_200710020100-200710030000.nc
clh_CSAM-3_ERA5_evaluation_r1i1p1f1_ICTP_RegCM5-0_v1-r1_1hr_200710030100-200710040000.nc
clh_CSAM-3_ERA5_evaluation_r1i1p1f1_ICTP_RegCM5-0_v1-r1_1hr_200710040100-200710050000.nc
clh_CSAM-3_ERA5_evaluation_r1i1p1f1_ICTP_RegCM5-0_v1-r1_1hr_200710050100-200710060000.nc
clh_CSAM-3_ERA5_evaluation_r1i1p1f1_ICTP_RegCM5-0_v1-r1_1hr_200710060100-200710070000.nc
clh_CSAM-3_ERA5_evaluation_r1i1p1f1_ICTP_RegCM5-0_v1-r1_1hr_200710070100-200710080000.nc
clh_CSAM-3_ERA5_evaluation_r1i1p1f1_ICTP_RegCM5-0_v1-r1_1hr_200710080100-200710090000.nc
clh_CSAM-3_ERA5_evaluation_r1i1p1f1_ICTP_RegCM5-0_v1-r1_1hr_200710090100-200710100000.nc
clh_CSAM-3_ERA5_evaluation_r1i1p1f1_ICTP_RegCM5-0_v1-r1_1hr_200710100100-200710110000.nc
clh_CSAM-3_ERA5_evaluation_r1i1p1f1_ICTP_RegCM5-0_v1-r1_1hr_200710110100-200710120000.nc
clh_CSAM-3_ERA5_evaluation_r1i1p1f1_ICTP_RegCM5-0_v1-r1_1hr_200710120100-200710130000.nc
clh_CSAM-3_ERA5_evaluation_r1i1p1f1_ICTP_RegCM5-0_v1-r1_1hr_200710130100-200710140000.nc
clh_CSAM-3_ERA5_evaluation_r1i1p1f1_ICTP_RegCM5-0_v1-r1_1hr_200710140100-200710150000.nc
clh_CSAM-3_ERA5_evaluation_r1i1p1f1_ICTP_RegCM5-0_v1-r1_1hr_200710150100-200710160000.nc
clh_CSAM-3_ERA5_evaluation_r1i1p1f1_ICTP_RegCM5-0_v1-r1_1hr_200710160100-200710170000.nc
clh_CSAM-3_ERA5_evaluation_r1i1p1f1_ICTP_RegCM5-0_v1-r1_1hr_200710170100-200710180000.nc
clh_CSAM-3_ERA5_evaluation_r1i1p1f1_ICTP_RegCM5-0_v1-r1_1hr_200710180100-200710190000.nc
clh_CSAM-3_ERA5_evaluation_r1i1p1f1_ICTP_RegCM5-0_v1-r1_1hr_200710190100-200710200000.nc
clh_CSAM-3_ERA5_evaluation_r1i1p1f1_ICTP_RegCM5-0_v1-r1_1hr_200710200100-200710210000.nc
clh_CSAM-3_ERA5_evaluation_r1i1p1f1_ICTP_RegCM5-0_v1-r1_1hr_200710210100-200710220000.nc
clh_CSAM-3_ERA5_evaluation_r1i1p1f1_ICTP_RegCM5-0_v1-r1_1hr_200710220100-200710230000.nc
clh_CSAM-3_ERA5_evaluation_r1i1p1f1_ICTP_RegCM5-0_v1-r1_1hr_200710230100-200710240000.nc
clh_CSAM-3_ERA5_evaluation_r1i1p1f1_ICTP_RegCM5-0_v1-r1_1hr_200710240100-200710250000.nc
clh_CSAM-3_ERA5_evaluation_r1i1p1f1_ICTP_RegCM5-0_v1-r1_1hr_200710250100-200710260000.nc
clh_CSAM-3_ERA5_evaluation_r1i1p1f1_ICTP_RegCM5-0_v1-r1_1hr_200710260100-200710270000.nc
clh_CSAM-3_ERA5_evaluation_r1i1p1f1_ICTP_RegCM5-0_v1-r1_1hr_200710270100-200710280000.nc
clh_CSAM-3_ERA5_evaluation_r1i1p1f1_ICTP_RegCM5-0_v1-r1_1hr_200710280100-200710290000.nc
clh_CSAM-3_ERA5_evaluation_r1i1p1f1_ICTP_RegCM5-0_v1-r1_1hr_200710290100-200710300000.nc
clh_CSAM-3_ERA5_evaluation_r1i1p1f1_ICTP_RegCM5-0_v1-r1_1hr_200710300100-200710310000.nc
clh_CSAM-3_ERA5_evaluation_r1i1p1f1_ICTP_RegCM5-0_v1-r1_1hr_200710310100-200711010000.nc
clh_CSAM-3_ERA5_evaluation_r1i1p1f1_ICTP_RegCM5-0_v1-r1_1hr_200711010100-200711020000.nc
clh_CSAM-3_ERA5_evaluation_r1i1p1f1_ICTP_RegCM5-0_v1-r1_1hr_200711020100-200711030000.nc
clh_CSAM-3_ERA5_evaluation_r1i1p1f1_ICTP_RegCM5-0_v1-r1_1hr_200711030100-200711040000.nc
clh_CSAM-3_ERA5_evaluation_r1i1p1f1_ICTP_RegCM5-0_v1-r1_1hr_200711040100-200711050000.nc
clh_CSAM-3_ERA5_evaluation_r1i1p1f1_ICTP_RegCM5-0_v1-r1_1hr_200711050100-200711060000.nc
clh_CSAM-3_ERA5_evaluation_r1i1p1f1_ICTP_RegCM5-0_v1-r1_1hr_200711060100-200711070000.nc
clh_CSAM-3_ERA5_evaluation_r1i1p1f1_ICTP_RegCM5-0_v1-r1_1hr_200711070100-200711080000.nc
clh_CSAM-3_ERA5_evaluation_r1i1p1f1_ICTP_RegCM5-0_v1-r1_1hr_200711080100-200711090000.nc
clh_CSAM-3_ERA5_evaluation_r1i1p1f1_ICTP_RegCM5-0_v1-r1_1hr_200711090100-200711100000.nc
clh_CSAM-3_ERA5_evaluation_r1i1p1f1_ICTP_RegCM5-0_v1-r1_1hr_200711100100-200711110000.nc
clh_CSAM-3_ERA5_evaluation_r1i1p1f1_ICTP_RegCM5-0_v1-r1_1hr_200711110100-200711120000.nc
clh_CSAM-3_ERA5_evaluation_r1i1p1f1_ICTP_RegCM5-0_v1-r1_1hr_200711120100-200711130000.nc
clh_CSAM-3_ERA5_evaluation_r1i1p1f1_ICTP_RegCM5-0_v1-r1_1hr_200711130100-200711140000.nc
clh_CSAM-3_ERA5_evaluation_r1i1p1f1_ICTP_RegCM5-0_v1-r1_1hr_200711140100-200711150000.nc
clh_CSAM-3_ERA5_evaluation_r1i1p1f1_ICTP_RegCM5-0_v1-r1_1hr_200711150100-200711160000.nc
clh_CSAM-3_ERA5_evaluation_r1i1p1f1_ICTP_RegCM5-0_v1-r1_1hr_200711160100-200711170000.nc
clh_CSAM-3_ERA5_evaluation_r1i1p1f1_ICTP_RegCM5-0_v1-r1_1hr_200711170100-200711180000.nc
clh_CSAM-3_ERA5_evaluation_r1i1p1f1_ICTP_RegCM5-0_v1-r1_1hr_200711180100-200711190000.nc
clh_CSAM-3_ERA5_evaluation_r1i1p1f1_ICTP_RegCM5-0_v1-r1_1hr_200711190100-200711200000.nc
clh_CSAM-3_ERA5_evaluation_r1i1p1f1_ICTP_RegCM5-0_v1-r1_1hr_200711200100-200711210000.nc
clh_CSAM-3_ERA5_evaluation_r1i1p1f1_ICTP_RegCM5-0_v1-r1_1hr_200711210100-200711220000.nc
clh_CSAM-3_ERA5_evaluation_r1i1p1f1_ICTP_RegCM5-0_v1-r1_1hr_200711220100-200711230000.nc
clh_CSAM-3_ERA5_evaluation_r1i1p1f1_ICTP_RegCM5-0_v1-r1_1hr_200711230100-200711240000.nc
clh_CSAM-3_ERA5_evaluation_r1i1p1f1_ICTP_RegCM5-0_v1-r1_1hr_200711240100-200711250000.nc
clh_CSAM-3_ERA5_evaluation_r1i1p1f1_ICTP_RegCM5-0_v1-r1_1hr_200711250100-200711260000.nc
clh_CSAM-3_ERA5_evaluation_r1i1p1f1_ICTP_RegCM5-0_v1-r1_1hr_200711260100-200711270000.nc
clh_CSAM-3_ERA5_evaluation_r1i1p1f1_ICTP_RegCM5-0_v1-r1_1hr_200711270100-200711280000.nc
clh_CSAM-3_ERA5_evaluation_r1i1p1f1_ICTP_RegCM5-0_v1-r1_1hr_200711280100-200711290000.nc
clh_CSAM-3_ERA5_evaluation_r1i1p1f1_ICTP_RegCM5-0_v1-r1_1hr_200711290100-200711300000.nc
clh_CSAM-3_ERA5_evaluation_r1i1p1f1_ICTP_RegCM5-0_v1-r1_1hr_200711300100-200712010000.nc
clh_CSAM-3_ERA5_evaluation_r1i1p1f1_ICTP_RegCM5-0_v1-r1_1hr_200712010100-200712020000.nc
clh_CSAM-3_ERA5_evaluation_r1i1p1f1_ICTP_RegCM5-0_v1-r1_1hr_200712020100-200712030000.nc
clh_CSAM-3_ERA5_evaluation_r1i1p1f1_ICTP_RegCM5-0_v1-r1_1hr_200712030100-200712040000.nc
clh_CSAM-3_ERA5_evaluation_r1i1p1f1_ICTP_RegCM5-0_v1-r1_1hr_200712040100-200712050000.nc
clh_CSAM-3_ERA5_evaluation_r1i1p1f1_ICTP_RegCM5-0_v1-r1_1hr_200712050100-200712060000.nc
clh_CSAM-3_ERA5_evaluation_r1i1p1f1_ICTP_RegCM5-0_v1-r1_1hr_200712060100-200712070000.nc
clh_CSAM-3_ERA5_evaluation_r1i1p1f1_ICTP_RegCM5-0_v1-r1_1hr_200712070100-200712080000.nc
clh_CSAM-3_ERA5_evaluation_r1i1p1f1_ICTP_RegCM5-0_v1-r1_1hr_200712080100-200712090000.nc
clh_CSAM-3_ERA5_evaluation_r1i1p1f1_ICTP_RegCM5-0_v1-r1_1hr_200712090100-200712100000.nc
clh_CSAM-3_ERA5_evaluation_r1i1p1f1_ICTP_RegCM5-0_v1-r1_1hr_200712100100-200712110000.nc
clh_CSAM-3_ERA5_evaluation_r1i1p1f1_ICTP_RegCM5-0_v1-r1_1hr_200712110100-200712120000.nc
clh_CSAM-3_ERA5_evaluation_r1i1p1f1_ICTP_RegCM5-0_v1-r1_1hr_200712120100-200712130000.nc
clh_CSAM-3_ERA5_evaluation_r1i1p1f1_ICTP_RegCM5-0_v1-r1_1hr_200712130100-200712140000.nc
clh_CSAM-3_ERA5_evaluation_r1i1p1f1_ICTP_RegCM5-0_v1-r1_1hr_200712140100-200712150000.nc
clh_CSAM-3_ERA5_evaluation_r1i1p1f1_ICTP_RegCM5-0_v1-r1_1hr_200712150100-200712160000.nc
clh_CSAM-3_ERA5_evaluation_r1i1p1f1_ICTP_RegCM5-0_v1-r1_1hr_200712160100-200712170000.nc
clh_CSAM-3_ERA5_evaluation_r1i1p1f1_ICTP_RegCM5-0_v1-r1_1hr_200712170100-200712180000.nc
clh_CSAM-3_ERA5_evaluation_r1i1p1f1_ICTP_RegCM5-0_v1-r1_1hr_200712180100-200712190000.nc
clh_CSAM-3_ERA5_evaluation_r1i1p1f1_ICTP_RegCM5-0_v1-r1_1hr_200712190100-200712200000.nc
clh_CSAM-3_ERA5_evaluation_r1i1p1f1_ICTP_RegCM5-0_v1-r1_1hr_200712200100-200712210000.nc
clh_CSAM-3_ERA5_evaluation_r1i1p1f1_ICTP_RegCM5-0_v1-r1_1hr_200712210100-200712220000.nc
clh_CSAM-3_ERA5_evaluation_r1i1p1f1_ICTP_RegCM5-0_v1-r1_1hr_200712220100-200712230000.nc
clh_CSAM-3_ERA5_evaluation_r1i1p1f1_ICTP_RegCM5-0_v1-r1_1hr_200712230100-200712240000.nc
clh_CSAM-3_ERA5_evaluation_r1i1p1f1_ICTP_RegCM5-0_v1-r1_1hr_200712240100-200712250000.nc
clh_CSAM-3_ERA5_evaluation_r1i1p1f1_ICTP_RegCM5-0_v1-r1_1hr_200712250100-200712260000.nc
clh_CSAM-3_ERA5_evaluation_r1i1p1f1_ICTP_RegCM5-0_v1-r1_1hr_200712260100-200712270000.nc
clh_CSAM-3_ERA5_evaluation_r1i1p1f1_ICTP_RegCM5-0_v1-r1_1hr_200712270100-200712280000.nc
clh_CSAM-3_ERA5_evaluation_r1i1p1f1_ICTP_RegCM5-0_v1-r1_1hr_200712280100-200712290000.nc
clh_CSAM-3_ERA5_evaluation_r1i1p1f1_ICTP_RegCM5-0_v1-r1_1hr_200712290100-200712300000.nc
clh_CSAM-3_ERA5_evaluation_r1i1p1f1_ICTP_RegCM5-0_v1-r1_1hr_200712300100-200712310000.nc
clh_CSAM-3_ERA5_evaluation_r1i1p1f1_ICTP_RegCM5-0_v1-r1_1hr_200712310100-200801010000.nc
Files: clivi_CSAM-3_ERA5_evaluation_r1i1p1f1_ICTP_RegCM5-0_v1-r1_1hr_200701010100-200701020000.nc
clivi_CSAM-3_ERA5_evaluation_r1i1p1f1_ICTP_RegCM5-0_v1-r1_1hr_200701020100-200701030000.nc
clivi_CSAM-3_ERA5_evaluation_r1i1p1f1_ICTP_RegCM5-0_v1-r1_1hr_200701030100-200701040000.nc
clivi_CSAM-3_ERA5_evaluation_r1i1p1f1_ICTP_RegCM5-0_v1-r1_1hr_200701040100-200701050000.nc
clivi_CSAM-3_ERA5_evaluation_r1i1p1f1_ICTP_RegCM5-0_v1-r1_1hr_200701050100-200701060000.nc
clivi_CSAM-3_ERA5_evaluation_r1i1p1f1_ICTP_RegCM5-0_v1-r1_1hr_200701060100-200701070000.nc
clivi_CSAM-3_ERA5_evaluation_r1i1p1f1_ICTP_RegCM5-0_v1-r1_1hr_200701070100-200701080000.nc
clivi_CSAM-3_ERA5_evaluation_r1i1p1f1_ICTP_RegCM5-0_v1-r1_1hr_200701080100-200701090000.nc
clivi_CSAM-3_ERA5_evaluation_r1i1p1f1_ICTP_RegCM5-0_v1-r1_1hr_200701090100-200701100000.nc
clivi_CSAM-3_ERA5_evaluation_r1i1p1f1_ICTP_RegCM5-0_v1-r1_1hr_200701100100-200701110000.nc
clivi_CSAM-3_ERA5_evaluation_r1i1p1f1_ICTP_RegCM5-0_v1-r1_1hr_200701110100-200701120000.nc
clivi_CSAM-3_ERA5_evaluation_r1i1p1f1_ICTP_RegCM5-0_v1-r1_1hr_200701120100-200701130000.nc
clivi_CSAM-3_ERA5_evaluation_r1i1p1f1_ICTP_RegCM5-0_v1-r1_1hr_200701130100-200701140000.nc
clivi_CSAM-3_ERA5_evaluation_r1i1p1f1_ICTP_RegCM5-0_v1-r1_1hr_200701140100-200701150000.nc
clivi_CSAM-3_ERA5_evaluation_r1i1p1f1_ICTP_RegCM5-0_v1-r1_1hr_200701150100-200701160000.nc
clivi_CSAM-3_ERA5_evaluation_r1i1p1f1_ICTP_RegCM5-0_v1-r1_1hr_200701160100-200701170000.nc
clivi_CSAM-3_ERA5_evaluation_r1i1p1f1_ICTP_RegCM5-0_v1-r1_1hr_200701170100-200701180000.nc
clivi_CSAM-3_ERA5_evaluation_r1i1p1f1_ICTP_RegCM5-0_v1-r1_1hr_200701180100-200701190000.nc
clivi_CSAM-3_ERA5_evaluation_r1i1p1f1_ICTP_RegCM5-0_v1-r1_1hr_200701190100-200701200000.nc
clivi_CSAM-3_ERA5_evaluation_r1i1p1f1_ICTP_RegCM5-0_v1-r1_1hr_200701200100-200701210000.nc
clivi_CSAM-3_ERA5_evaluation_r1i1p1f1_ICTP_RegCM5-0_v1-r1_1hr_200701210100-200701220000.nc
clivi_CSAM-3_ERA5_evaluation_r1i1p1f1_ICTP_RegCM5-0_v1-r1_1hr_200701220100-200701230000.nc
clivi_CSAM-3_ERA5_evaluation_r1i1p1f1_ICTP_RegCM5-0_v1-r1_1hr_200701230100-200701240000.nc
clivi_CSAM-3_ERA5_evaluation_r1i1p1f1_ICTP_RegCM5-0_v1-r1_1hr_200701240100-200701250000.nc
clivi_CSAM-3_ERA5_evaluation_r1i1p1f1_ICTP_RegCM5-0_v1-r1_1hr_200701250100-200701260000.nc
clivi_CSAM-3_ERA5_evaluation_r1i1p1f1_ICTP_RegCM5-0_v1-r1_1hr_200701260100-200701270000.nc
clivi_CSAM-3_ERA5_evaluation_r1i1p1f1_ICTP_RegCM5-0_v1-r1_1hr_200701270100-200701280000.nc
clivi_CSAM-3_ERA5_evaluation_r1i1p1f1_ICTP_RegCM5-0_v1-r1_1hr_200701280100-200701290000.nc
clivi_CSAM-3_ERA5_evaluation_r1i1p1f1_ICTP_RegCM5-0_v1-r1_1hr_200701290100-200701300000.nc
clivi_CSAM-3_ERA5_evaluation_r1i1p1f1_ICTP_RegCM5-0_v1-r1_1hr_200701300100-200701310000.nc
clivi_CSAM-3_ERA5_evaluation_r1i1p1f1_ICTP_RegCM5-0_v1-r1_1hr_200701310100-200702010000.nc
clivi_CSAM-3_ERA5_evaluation_r1i1p1f1_ICTP_RegCM5-0_v1-r1_1hr_200702010100-200702020000.nc
clivi_CSAM-3_ERA5_evaluation_r1i1p1f1_ICTP_RegCM5-0_v1-r1_1hr_200702020100-200702030000.nc
clivi_CSAM-3_ERA5_evaluation_r1i1p1f1_ICTP_RegCM5-0_v1-r1_1hr_200702030100-200702040000.nc
clivi_CSAM-3_ERA5_evaluation_r1i1p1f1_ICTP_RegCM5-0_v1-r1_1hr_200702040100-200702050000.nc
clivi_CSAM-3_ERA5_evaluation_r1i1p1f1_ICTP_RegCM5-0_v1-r1_1hr_200702050100-200702060000.nc
clivi_CSAM-3_ERA5_evaluation_r1i1p1f1_ICTP_RegCM5-0_v1-r1_1hr_200702060100-200702070000.nc
clivi_CSAM-3_ERA5_evaluation_r1i1p1f1_ICTP_RegCM5-0_v1-r1_1hr_200702070100-200702080000.nc
clivi_CSAM-3_ERA5_evaluation_r1i1p1f1_ICTP_RegCM5-0_v1-r1_1hr_200702080100-200702090000.nc
clivi_CSAM-3_ERA5_evaluation_r1i1p1f1_ICTP_RegCM5-0_v1-r1_1hr_200702090100-200702100000.nc
clivi_CSAM-3_ERA5_evaluation_r1i1p1f1_ICTP_RegCM5-0_v1-r1_1hr_200702100100-200702110000.nc
clivi_CSAM-3_ERA5_evaluation_r1i1p1f1_ICTP_RegCM5-0_v1-r1_1hr_200702110100-200702120000.nc
clivi_CSAM-3_ERA5_evaluation_r1i1p1f1_ICTP_RegCM5-0_v1-r1_1hr_200702120100-200702130000.nc
clivi_CSAM-3_ERA5_evaluation_r1i1p1f1_ICTP_RegCM5-0_v1-r1_1hr_200702130100-200702140000.nc
clivi_CSAM-3_ERA5_evaluation_r1i1p1f1_ICTP_RegCM5-0_v1-r1_1hr_200702140100-200702150000.nc
clivi_CSAM-3_ERA5_evaluation_r1i1p1f1_ICTP_RegCM5-0_v1-r1_1hr_200702150100-200702160000.nc
clivi_CSAM-3_ERA5_evaluation_r1i1p1f1_ICTP_RegCM5-0_v1-r1_1hr_200702160100-200702170000.nc
clivi_CSAM-3_ERA5_evaluation_r1i1p1f1_ICTP_RegCM5-0_v1-r1_1hr_200702170100-200702180000.nc
clivi_CSAM-3_ERA5_evaluation_r1i1p1f1_ICTP_RegCM5-0_v1-r1_1hr_200702180100-200702190000.nc
clivi_CSAM-3_ERA5_evaluation_r1i1p1f1_ICTP_RegCM5-0_v1-r1_1hr_200702190100-200702200000.nc
clivi_CSAM-3_ERA5_evaluation_r1i1p1f1_ICTP_RegCM5-0_v1-r1_1hr_200702200100-200702210000.nc
clivi_CSAM-3_ERA5_evaluation_r1i1p1f1_ICTP_RegCM5-0_v1-r1_1hr_200702210100-200702220000.nc
clivi_CSAM-3_ERA5_evaluation_r1i1p1f1_ICTP_RegCM5-0_v1-r1_1hr_200702220100-200702230000.nc
clivi_CSAM-3_ERA5_evaluation_r1i1p1f1_ICTP_RegCM5-0_v1-r1_1hr_200702230100-200702240000.nc
clivi_CSAM-3_ERA5_evaluation_r1i1p1f1_ICTP_RegCM5-0_v1-r1_1hr_200702240100-200702250000.nc
clivi_CSAM-3_ERA5_evaluation_r1i1p1f1_ICTP_RegCM5-0_v1-r1_1hr_200702250100-200702260000.nc
clivi_CSAM-3_ERA5_evaluation_r1i1p1f1_ICTP_RegCM5-0_v1-r1_1hr_200702260100-200702270000.nc
clivi_CSAM-3_ERA5_evaluation_r1i1p1f1_ICTP_RegCM5-0_v1-r1_1hr_200702270100-200702280000.nc
clivi_CSAM-3_ERA5_evaluation_r1i1p1f1_ICTP_RegCM5-0_v1-r1_1hr_200702280100-200703010000.nc
clivi_CSAM-3_ERA5_evaluation_r1i1p1f1_ICTP_RegCM5-0_v1-r1_1hr_200703010100-200703020000.nc
clivi_CSAM-3_ERA5_evaluation_r1i1p1f1_ICTP_RegCM5-0_v1-r1_1hr_200703020100-200703030000.nc
clivi_CSAM-3_ERA5_evaluation_r1i1p1f1_ICTP_RegCM5-0_v1-r1_1hr_200703030100-200703040000.nc
clivi_CSAM-3_ERA5_evaluation_r1i1p1f1_ICTP_RegCM5-0_v1-r1_1hr_200703040100-200703050000.nc
clivi_CSAM-3_ERA5_evaluation_r1i1p1f1_ICTP_RegCM5-0_v1-r1_1hr_200703050100-200703060000.nc
clivi_CSAM-3_ERA5_evaluation_r1i1p1f1_ICTP_RegCM5-0_v1-r1_1hr_200703060100-200703070000.nc
clivi_CSAM-3_ERA5_evaluation_r1i1p1f1_ICTP_RegCM5-0_v1-r1_1hr_200703070100-200703080000.nc
clivi_CSAM-3_ERA5_evaluation_r1i1p1f1_ICTP_RegCM5-0_v1-r1_1hr_200703080100-200703090000.nc
clivi_CSAM-3_ERA5_evaluation_r1i1p1f1_ICTP_RegCM5-0_v1-r1_1hr_200703090100-200703100000.nc
clivi_CSAM-3_ERA5_evaluation_r1i1p1f1_ICTP_RegCM5-0_v1-r1_1hr_200703100100-200703110000.nc
clivi_CSAM-3_ERA5_evaluation_r1i1p1f1_ICTP_RegCM5-0_v1-r1_1hr_200703110100-200703120000.nc
clivi_CSAM-3_ERA5_evaluation_r1i1p1f1_ICTP_RegCM5-0_v1-r1_1hr_200703120100-200703130000.nc
clivi_CSAM-3_ERA5_evaluation_r1i1p1f1_ICTP_RegCM5-0_v1-r1_1hr_200703130100-200703140000.nc
clivi_CSAM-3_ERA5_evaluation_r1i1p1f1_ICTP_RegCM5-0_v1-r1_1hr_200703140100-200703150000.nc
clivi_CSAM-3_ERA5_evaluation_r1i1p1f1_ICTP_RegCM5-0_v1-r1_1hr_200703150100-200703160000.nc
clivi_CSAM-3_ERA5_evaluation_r1i1p1f1_ICTP_RegCM5-0_v1-r1_1hr_200703160100-200703170000.nc
clivi_CSAM-3_ERA5_evaluation_r1i1p1f1_ICTP_RegCM5-0_v1-r1_1hr_200703170100-200703180000.nc
clivi_CSAM-3_ERA5_evaluation_r1i1p1f1_ICTP_RegCM5-0_v1-r1_1hr_200703180100-200703190000.nc
clivi_CSAM-3_ERA5_evaluation_r1i1p1f1_ICTP_RegCM5-0_v1-r1_1hr_200703190100-200703200000.nc
clivi_CSAM-3_ERA5_evaluation_r1i1p1f1_ICTP_RegCM5-0_v1-r1_1hr_200703200100-200703210000.nc
clivi_CSAM-3_ERA5_evaluation_r1i1p1f1_ICTP_RegCM5-0_v1-r1_1hr_200703210100-200703220000.nc
clivi_CSAM-3_ERA5_evaluation_r1i1p1f1_ICTP_RegCM5-0_v1-r1_1hr_200703220100-200703230000.nc
clivi_CSAM-3_ERA5_evaluation_r1i1p1f1_ICTP_RegCM5-0_v1-r1_1hr_200703230100-200703240000.nc
clivi_CSAM-3_ERA5_evaluation_r1i1p1f1_ICTP_RegCM5-0_v1-r1_1hr_200703240100-200703250000.nc
clivi_CSAM-3_ERA5_evaluation_r1i1p1f1_ICTP_RegCM5-0_v1-r1_1hr_200703250100-200703260000.nc
clivi_CSAM-3_ERA5_evaluation_r1i1p1f1_ICTP_RegCM5-0_v1-r1_1hr_200703260100-200703270000.nc
clivi_CSAM-3_ERA5_evaluation_r1i1p1f1_ICTP_RegCM5-0_v1-r1_1hr_200703270100-200703280000.nc
clivi_CSAM-3_ERA5_evaluation_r1i1p1f1_ICTP_RegCM5-0_v1-r1_1hr_200703280100-200703290000.nc
clivi_CSAM-3_ERA5_evaluation_r1i1p1f1_ICTP_RegCM5-0_v1-r1_1hr_200703290100-200703300000.nc
clivi_CSAM-3_ERA5_evaluation_r1i1p1f1_ICTP_RegCM5-0_v1-r1_1hr_200703300100-200703310000.nc
clivi_CSAM-3_ERA5_evaluation_r1i1p1f1_ICTP_RegCM5-0_v1-r1_1hr_200703310100-200704010000.nc
clivi_CSAM-3_ERA5_evaluation_r1i1p1f1_ICTP_RegCM5-0_v1-r1_1hr_200704010100-200704020000.nc
clivi_CSAM-3_ERA5_evaluation_r1i1p1f1_ICTP_RegCM5-0_v1-r1_1hr_200704020100-200704030000.nc
clivi_CSAM-3_ERA5_evaluation_r1i1p1f1_ICTP_RegCM5-0_v1-r1_1hr_200704030100-200704040000.nc
clivi_CSAM-3_ERA5_evaluation_r1i1p1f1_ICTP_RegCM5-0_v1-r1_1hr_200704040100-200704050000.nc
clivi_CSAM-3_ERA5_evaluation_r1i1p1f1_ICTP_RegCM5-0_v1-r1_1hr_200704050100-200704060000.nc
clivi_CSAM-3_ERA5_evaluation_r1i1p1f1_ICTP_RegCM5-0_v1-r1_1hr_200704060100-200704070000.nc
clivi_CSAM-3_ERA5_evaluation_r1i1p1f1_ICTP_RegCM5-0_v1-r1_1hr_200704070100-200704080000.nc
clivi_CSAM-3_ERA5_evaluation_r1i1p1f1_ICTP_RegCM5-0_v1-r1_1hr_200704080100-200704090000.nc
clivi_CSAM-3_ERA5_evaluation_r1i1p1f1_ICTP_RegCM5-0_v1-r1_1hr_200704090100-200704100000.nc
clivi_CSAM-3_ERA5_evaluation_r1i1p1f1_ICTP_RegCM5-0_v1-r1_1hr_200704100100-200704110000.nc
clivi_CSAM-3_ERA5_evaluation_r1i1p1f1_ICTP_RegCM5-0_v1-r1_1hr_200704110100-200704120000.nc
clivi_CSAM-3_ERA5_evaluation_r1i1p1f1_ICTP_RegCM5-0_v1-r1_1hr_200704120100-200704130000.nc
clivi_CSAM-3_ERA5_evaluation_r1i1p1f1_ICTP_RegCM5-0_v1-r1_1hr_200704130100-200704140000.nc
clivi_CSAM-3_ERA5_evaluation_r1i1p1f1_ICTP_RegCM5-0_v1-r1_1hr_200704140100-200704150000.nc
clivi_CSAM-3_ERA5_evaluation_r1i1p1f1_ICTP_RegCM5-0_v1-r1_1hr_200704150100-200704160000.nc
clivi_CSAM-3_ERA5_evaluation_r1i1p1f1_ICTP_RegCM5-0_v1-r1_1hr_200704160100-200704170000.nc
clivi_CSAM-3_ERA5_evaluation_r1i1p1f1_ICTP_RegCM5-0_v1-r1_1hr_200704170100-200704180000.nc
clivi_CSAM-3_ERA5_evaluation_r1i1p1f1_ICTP_RegCM5-0_v1-r1_1hr_200704180100-200704190000.nc
clivi_CSAM-3_ERA5_evaluation_r1i1p1f1_ICTP_RegCM5-0_v1-r1_1hr_200704190100-200704200000.nc
clivi_CSAM-3_ERA5_evaluation_r1i1p1f1_ICTP_RegCM5-0_v1-r1_1hr_200704200100-200704210000.nc
clivi_CSAM-3_ERA5_evaluation_r1i1p1f1_ICTP_RegCM5-0_v1-r1_1hr_200704210100-200704220000.nc
clivi_CSAM-3_ERA5_evaluation_r1i1p1f1_ICTP_RegCM5-0_v1-r1_1hr_200704220100-200704230000.nc
clivi_CSAM-3_ERA5_evaluation_r1i1p1f1_ICTP_RegCM5-0_v1-r1_1hr_200704230100-200704240000.nc
clivi_CSAM-3_ERA5_evaluation_r1i1p1f1_ICTP_RegCM5-0_v1-r1_1hr_200704240100-200704250000.nc
clivi_CSAM-3_ERA5_evaluation_r1i1p1f1_ICTP_RegCM5-0_v1-r1_1hr_200704250100-200704260000.nc
clivi_CSAM-3_ERA5_evaluation_r1i1p1f1_ICTP_RegCM5-0_v1-r1_1hr_200704260100-200704270000.nc
clivi_CSAM-3_ERA5_evaluation_r1i1p1f1_ICTP_RegCM5-0_v1-r1_1hr_200704270100-200704280000.nc
clivi_CSAM-3_ERA5_evaluation_r1i1p1f1_ICTP_RegCM5-0_v1-r1_1hr_200704280100-200704290000.nc
clivi_CSAM-3_ERA5_evaluation_r1i1p1f1_ICTP_RegCM5-0_v1-r1_1hr_200704290100-200704300000.nc
clivi_CSAM-3_ERA5_evaluation_r1i1p1f1_ICTP_RegCM5-0_v1-r1_1hr_200704300100-200705010000.nc
clivi_CSAM-3_ERA5_evaluation_r1i1p1f1_ICTP_RegCM5-0_v1-r1_1hr_200705010100-200705020000.nc
clivi_CSAM-3_ERA5_evaluation_r1i1p1f1_ICTP_RegCM5-0_v1-r1_1hr_200705020100-200705030000.nc
clivi_CSAM-3_ERA5_evaluation_r1i1p1f1_ICTP_RegCM5-0_v1-r1_1hr_200705030100-200705040000.nc
clivi_CSAM-3_ERA5_evaluation_r1i1p1f1_ICTP_RegCM5-0_v1-r1_1hr_200705040100-200705050000.nc
clivi_CSAM-3_ERA5_evaluation_r1i1p1f1_ICTP_RegCM5-0_v1-r1_1hr_200705050100-200705060000.nc
clivi_CSAM-3_ERA5_evaluation_r1i1p1f1_ICTP_RegCM5-0_v1-r1_1hr_200705060100-200705070000.nc
clivi_CSAM-3_ERA5_evaluation_r1i1p1f1_ICTP_RegCM5-0_v1-r1_1hr_200705070100-200705080000.nc
clivi_CSAM-3_ERA5_evaluation_r1i1p1f1_ICTP_RegCM5-0_v1-r1_1hr_200705080100-200705090000.nc
clivi_CSAM-3_ERA5_evaluation_r1i1p1f1_ICTP_RegCM5-0_v1-r1_1hr_200705090100-200705100000.nc
clivi_CSAM-3_ERA5_evaluation_r1i1p1f1_ICTP_RegCM5-0_v1-r1_1hr_200705100100-200705110000.nc
clivi_CSAM-3_ERA5_evaluation_r1i1p1f1_ICTP_RegCM5-0_v1-r1_1hr_200705110100-200705120000.nc
clivi_CSAM-3_ERA5_evaluation_r1i1p1f1_ICTP_RegCM5-0_v1-r1_1hr_200705120100-200705130000.nc
clivi_CSAM-3_ERA5_evaluation_r1i1p1f1_ICTP_RegCM5-0_v1-r1_1hr_200705130100-200705140000.nc
clivi_CSAM-3_ERA5_evaluation_r1i1p1f1_ICTP_RegCM5-0_v1-r1_1hr_200705140100-200705150000.nc
clivi_CSAM-3_ERA5_evaluation_r1i1p1f1_ICTP_RegCM5-0_v1-r1_1hr_200705150100-200705160000.nc
clivi_CSAM-3_ERA5_evaluation_r1i1p1f1_ICTP_RegCM5-0_v1-r1_1hr_200705160100-200705170000.nc
clivi_CSAM-3_ERA5_evaluation_r1i1p1f1_ICTP_RegCM5-0_v1-r1_1hr_200705170100-200705180000.nc
clivi_CSAM-3_ERA5_evaluation_r1i1p1f1_ICTP_RegCM5-0_v1-r1_1hr_200705180100-200705190000.nc
clivi_CSAM-3_ERA5_evaluation_r1i1p1f1_ICTP_RegCM5-0_v1-r1_1hr_200705190100-200705200000.nc
clivi_CSAM-3_ERA5_evaluation_r1i1p1f1_ICTP_RegCM5-0_v1-r1_1hr_200705200100-200705210000.nc
clivi_CSAM-3_ERA5_evaluation_r1i1p1f1_ICTP_RegCM5-0_v1-r1_1hr_200705210100-200705220000.nc
clivi_CSAM-3_ERA5_evaluation_r1i1p1f1_ICTP_RegCM5-0_v1-r1_1hr_200705220100-200705230000.nc
clivi_CSAM-3_ERA5_evaluation_r1i1p1f1_ICTP_RegCM5-0_v1-r1_1hr_200705230100-200705240000.nc
clivi_CSAM-3_ERA5_evaluation_r1i1p1f1_ICTP_RegCM5-0_v1-r1_1hr_200705240100-200705250000.nc
clivi_CSAM-3_ERA5_evaluation_r1i1p1f1_ICTP_RegCM5-0_v1-r1_1hr_200705250100-200705260000.nc
clivi_CSAM-3_ERA5_evaluation_r1i1p1f1_ICTP_RegCM5-0_v1-r1_1hr_200705260100-200705270000.nc
clivi_CSAM-3_ERA5_evaluation_r1i1p1f1_ICTP_RegCM5-0_v1-r1_1hr_200705270100-200705280000.nc
clivi_CSAM-3_ERA5_evaluation_r1i1p1f1_ICTP_RegCM5-0_v1-r1_1hr_200705280100-200705290000.nc
clivi_CSAM-3_ERA5_evaluation_r1i1p1f1_ICTP_RegCM5-0_v1-r1_1hr_200705290100-200705300000.nc
clivi_CSAM-3_ERA5_evaluation_r1i1p1f1_ICTP_RegCM5-0_v1-r1_1hr_200705300100-200705310000.nc
clivi_CSAM-3_ERA5_evaluation_r1i1p1f1_ICTP_RegCM5-0_v1-r1_1hr_200705310100-200706010000.nc
clivi_CSAM-3_ERA5_evaluation_r1i1p1f1_ICTP_RegCM5-0_v1-r1_1hr_200706010100-200706020000.nc
clivi_CSAM-3_ERA5_evaluation_r1i1p1f1_ICTP_RegCM5-0_v1-r1_1hr_200706020100-200706030000.nc
clivi_CSAM-3_ERA5_evaluation_r1i1p1f1_ICTP_RegCM5-0_v1-r1_1hr_200706030100-200706040000.nc
clivi_CSAM-3_ERA5_evaluation_r1i1p1f1_ICTP_RegCM5-0_v1-r1_1hr_200706040100-200706050000.nc
clivi_CSAM-3_ERA5_evaluation_r1i1p1f1_ICTP_RegCM5-0_v1-r1_1hr_200706050100-200706060000.nc
clivi_CSAM-3_ERA5_evaluation_r1i1p1f1_ICTP_RegCM5-0_v1-r1_1hr_200706060100-200706070000.nc
clivi_CSAM-3_ERA5_evaluation_r1i1p1f1_ICTP_RegCM5-0_v1-r1_1hr_200706070100-200706080000.nc
clivi_CSAM-3_ERA5_evaluation_r1i1p1f1_ICTP_RegCM5-0_v1-r1_1hr_200706080100-200706090000.nc
clivi_CSAM-3_ERA5_evaluation_r1i1p1f1_ICTP_RegCM5-0_v1-r1_1hr_200706090100-200706100000.nc
clivi_CSAM-3_ERA5_evaluation_r1i1p1f1_ICTP_RegCM5-0_v1-r1_1hr_200706100100-200706110000.nc
clivi_CSAM-3_ERA5_evaluation_r1i1p1f1_ICTP_RegCM5-0_v1-r1_1hr_200706110100-200706120000.nc
clivi_CSAM-3_ERA5_evaluation_r1i1p1f1_ICTP_RegCM5-0_v1-r1_1hr_200706120100-200706130000.nc
clivi_CSAM-3_ERA5_evaluation_r1i1p1f1_ICTP_RegCM5-0_v1-r1_1hr_200706130100-200706140000.nc
clivi_CSAM-3_ERA5_evaluation_r1i1p1f1_ICTP_RegCM5-0_v1-r1_1hr_200706140100-200706150000.nc
clivi_CSAM-3_ERA5_evaluation_r1i1p1f1_ICTP_RegCM5-0_v1-r1_1hr_200706150100-200706160000.nc
clivi_CSAM-3_ERA5_evaluation_r1i1p1f1_ICTP_RegCM5-0_v1-r1_1hr_200706160100-200706170000.nc
clivi_CSAM-3_ERA5_evaluation_r1i1p1f1_ICTP_RegCM5-0_v1-r1_1hr_200706170100-200706180000.nc
clivi_CSAM-3_ERA5_evaluation_r1i1p1f1_ICTP_RegCM5-0_v1-r1_1hr_200706180100-200706190000.nc
clivi_CSAM-3_ERA5_evaluation_r1i1p1f1_ICTP_RegCM5-0_v1-r1_1hr_200706190100-200706200000.nc
clivi_CSAM-3_ERA5_evaluation_r1i1p1f1_ICTP_RegCM5-0_v1-r1_1hr_200706200100-200706210000.nc
clivi_CSAM-3_ERA5_evaluation_r1i1p1f1_ICTP_RegCM5-0_v1-r1_1hr_200706210100-200706220000.nc
clivi_CSAM-3_ERA5_evaluation_r1i1p1f1_ICTP_RegCM5-0_v1-r1_1hr_200706220100-200706230000.nc
clivi_CSAM-3_ERA5_evaluation_r1i1p1f1_ICTP_RegCM5-0_v1-r1_1hr_200706230100-200706240000.nc
clivi_CSAM-3_ERA5_evaluation_r1i1p1f1_ICTP_RegCM5-0_v1-r1_1hr_200706240100-200706250000.nc
clivi_CSAM-3_ERA5_evaluation_r1i1p1f1_ICTP_RegCM5-0_v1-r1_1hr_200706250100-200706260000.nc
clivi_CSAM-3_ERA5_evaluation_r1i1p1f1_ICTP_RegCM5-0_v1-r1_1hr_200706260100-200706270000.nc
clivi_CSAM-3_ERA5_evaluation_r1i1p1f1_ICTP_RegCM5-0_v1-r1_1hr_200706270100-200706280000.nc
clivi_CSAM-3_ERA5_evaluation_r1i1p1f1_ICTP_RegCM5-0_v1-r1_1hr_200706280100-200706290000.nc
clivi_CSAM-3_ERA5_evaluation_r1i1p1f1_ICTP_RegCM5-0_v1-r1_1hr_200706290100-200706300000.nc
clivi_CSAM-3_ERA5_evaluation_r1i1p1f1_ICTP_RegCM5-0_v1-r1_1hr_200706300100-200707010000.nc
clivi_CSAM-3_ERA5_evaluation_r1i1p1f1_ICTP_RegCM5-0_v1-r1_1hr_200707010100-200707020000.nc
clivi_CSAM-3_ERA5_evaluation_r1i1p1f1_ICTP_RegCM5-0_v1-r1_1hr_200707020100-200707030000.nc
clivi_CSAM-3_ERA5_evaluation_r1i1p1f1_ICTP_RegCM5-0_v1-r1_1hr_200707030100-200707040000.nc
clivi_CSAM-3_ERA5_evaluation_r1i1p1f1_ICTP_RegCM5-0_v1-r1_1hr_200707040100-200707050000.nc
clivi_CSAM-3_ERA5_evaluation_r1i1p1f1_ICTP_RegCM5-0_v1-r1_1hr_200707050100-200707060000.nc
clivi_CSAM-3_ERA5_evaluation_r1i1p1f1_ICTP_RegCM5-0_v1-r1_1hr_200707060100-200707070000.nc
clivi_CSAM-3_ERA5_evaluation_r1i1p1f1_ICTP_RegCM5-0_v1-r1_1hr_200707070100-200707080000.nc
clivi_CSAM-3_ERA5_evaluation_r1i1p1f1_ICTP_RegCM5-0_v1-r1_1hr_200707080100-200707090000.nc
clivi_CSAM-3_ERA5_evaluation_r1i1p1f1_ICTP_RegCM5-0_v1-r1_1hr_200707090100-200707100000.nc
clivi_CSAM-3_ERA5_evaluation_r1i1p1f1_ICTP_RegCM5-0_v1-r1_1hr_200707100100-200707110000.nc
clivi_CSAM-3_ERA5_evaluation_r1i1p1f1_ICTP_RegCM5-0_v1-r1_1hr_200707110100-200707120000.nc
clivi_CSAM-3_ERA5_evaluation_r1i1p1f1_ICTP_RegCM5-0_v1-r1_1hr_200707120100-200707130000.nc
clivi_CSAM-3_ERA5_evaluation_r1i1p1f1_ICTP_RegCM5-0_v1-r1_1hr_200707130100-200707140000.nc
clivi_CSAM-3_ERA5_evaluation_r1i1p1f1_ICTP_RegCM5-0_v1-r1_1hr_200707140100-200707150000.nc
clivi_CSAM-3_ERA5_evaluation_r1i1p1f1_ICTP_RegCM5-0_v1-r1_1hr_200707150100-200707160000.nc
clivi_CSAM-3_ERA5_evaluation_r1i1p1f1_ICTP_RegCM5-0_v1-r1_1hr_200707160100-200707170000.nc
clivi_CSAM-3_ERA5_evaluation_r1i1p1f1_ICTP_RegCM5-0_v1-r1_1hr_200707170100-200707180000.nc
clivi_CSAM-3_ERA5_evaluation_r1i1p1f1_ICTP_RegCM5-0_v1-r1_1hr_200707180100-200707190000.nc
clivi_CSAM-3_ERA5_evaluation_r1i1p1f1_ICTP_RegCM5-0_v1-r1_1hr_200707190100-200707200000.nc
clivi_CSAM-3_ERA5_evaluation_r1i1p1f1_ICTP_RegCM5-0_v1-r1_1hr_200707200100-200707210000.nc
clivi_CSAM-3_ERA5_evaluation_r1i1p1f1_ICTP_RegCM5-0_v1-r1_1hr_200707210100-200707220000.nc
clivi_CSAM-3_ERA5_evaluation_r1i1p1f1_ICTP_RegCM5-0_v1-r1_1hr_200707220100-200707230000.nc
clivi_CSAM-3_ERA5_evaluation_r1i1p1f1_ICTP_RegCM5-0_v1-r1_1hr_200707230100-200707240000.nc
clivi_CSAM-3_ERA5_evaluation_r1i1p1f1_ICTP_RegCM5-0_v1-r1_1hr_200707240100-200707250000.nc
clivi_CSAM-3_ERA5_evaluation_r1i1p1f1_ICTP_RegCM5-0_v1-r1_1hr_200707250100-200707260000.nc
clivi_CSAM-3_ERA5_evaluation_r1i1p1f1_ICTP_RegCM5-0_v1-r1_1hr_200707260100-200707270000.nc
clivi_CSAM-3_ERA5_evaluation_r1i1p1f1_ICTP_RegCM5-0_v1-r1_1hr_200707270100-200707280000.nc
clivi_CSAM-3_ERA5_evaluation_r1i1p1f1_ICTP_RegCM5-0_v1-r1_1hr_200707280100-200707290000.nc
clivi_CSAM-3_ERA5_evaluation_r1i1p1f1_ICTP_RegCM5-0_v1-r1_1hr_200707290100-200707300000.nc
clivi_CSAM-3_ERA5_evaluation_r1i1p1f1_ICTP_RegCM5-0_v1-r1_1hr_200707300100-200707310000.nc
clivi_CSAM-3_ERA5_evaluation_r1i1p1f1_ICTP_RegCM5-0_v1-r1_1hr_200707310100-200708010000.nc
clivi_CSAM-3_ERA5_evaluation_r1i1p1f1_ICTP_RegCM5-0_v1-r1_1hr_200708010100-200708020000.nc
clivi_CSAM-3_ERA5_evaluation_r1i1p1f1_ICTP_RegCM5-0_v1-r1_1hr_200708020100-200708030000.nc
clivi_CSAM-3_ERA5_evaluation_r1i1p1f1_ICTP_RegCM5-0_v1-r1_1hr_200708030100-200708040000.nc
clivi_CSAM-3_ERA5_evaluation_r1i1p1f1_ICTP_RegCM5-0_v1-r1_1hr_200708040100-200708050000.nc
clivi_CSAM-3_ERA5_evaluation_r1i1p1f1_ICTP_RegCM5-0_v1-r1_1hr_200708050100-200708060000.nc
clivi_CSAM-3_ERA5_evaluation_r1i1p1f1_ICTP_RegCM5-0_v1-r1_1hr_200708060100-200708070000.nc
clivi_CSAM-3_ERA5_evaluation_r1i1p1f1_ICTP_RegCM5-0_v1-r1_1hr_200708070100-200708080000.nc
clivi_CSAM-3_ERA5_evaluation_r1i1p1f1_ICTP_RegCM5-0_v1-r1_1hr_200708080100-200708090000.nc
clivi_CSAM-3_ERA5_evaluation_r1i1p1f1_ICTP_RegCM5-0_v1-r1_1hr_200708090100-200708100000.nc
clivi_CSAM-3_ERA5_evaluation_r1i1p1f1_ICTP_RegCM5-0_v1-r1_1hr_200708100100-200708110000.nc
clivi_CSAM-3_ERA5_evaluation_r1i1p1f1_ICTP_RegCM5-0_v1-r1_1hr_200708110100-200708120000.nc
clivi_CSAM-3_ERA5_evaluation_r1i1p1f1_ICTP_RegCM5-0_v1-r1_1hr_200708120100-200708130000.nc
clivi_CSAM-3_ERA5_evaluation_r1i1p1f1_ICTP_RegCM5-0_v1-r1_1hr_200708130100-200708140000.nc
clivi_CSAM-3_ERA5_evaluation_r1i1p1f1_ICTP_RegCM5-0_v1-r1_1hr_200708140100-200708150000.nc
clivi_CSAM-3_ERA5_evaluation_r1i1p1f1_ICTP_RegCM5-0_v1-r1_1hr_200708150100-200708160000.nc
clivi_CSAM-3_ERA5_evaluation_r1i1p1f1_ICTP_RegCM5-0_v1-r1_1hr_200708160100-200708170000.nc
clivi_CSAM-3_ERA5_evaluation_r1i1p1f1_ICTP_RegCM5-0_v1-r1_1hr_200708170100-200708180000.nc
clivi_CSAM-3_ERA5_evaluation_r1i1p1f1_ICTP_RegCM5-0_v1-r1_1hr_200708180100-200708190000.nc
clivi_CSAM-3_ERA5_evaluation_r1i1p1f1_ICTP_RegCM5-0_v1-r1_1hr_200708190100-200708200000.nc
clivi_CSAM-3_ERA5_evaluation_r1i1p1f1_ICTP_RegCM5-0_v1-r1_1hr_200708200100-200708210000.nc
clivi_CSAM-3_ERA5_evaluation_r1i1p1f1_ICTP_RegCM5-0_v1-r1_1hr_200708210100-200708220000.nc
clivi_CSAM-3_ERA5_evaluation_r1i1p1f1_ICTP_RegCM5-0_v1-r1_1hr_200708220100-200708230000.nc
clivi_CSAM-3_ERA5_evaluation_r1i1p1f1_ICTP_RegCM5-0_v1-r1_1hr_200708230100-200708240000.nc
clivi_CSAM-3_ERA5_evaluation_r1i1p1f1_ICTP_RegCM5-0_v1-r1_1hr_200708240100-200708250000.nc
clivi_CSAM-3_ERA5_evaluation_r1i1p1f1_ICTP_RegCM5-0_v1-r1_1hr_200708250100-200708260000.nc
clivi_CSAM-3_ERA5_evaluation_r1i1p1f1_ICTP_RegCM5-0_v1-r1_1hr_200708260100-200708270000.nc
clivi_CSAM-3_ERA5_evaluation_r1i1p1f1_ICTP_RegCM5-0_v1-r1_1hr_200708270100-200708280000.nc
clivi_CSAM-3_ERA5_evaluation_r1i1p1f1_ICTP_RegCM5-0_v1-r1_1hr_200708280100-200708290000.nc
clivi_CSAM-3_ERA5_evaluation_r1i1p1f1_ICTP_RegCM5-0_v1-r1_1hr_200708290100-200708300000.nc
clivi_CSAM-3_ERA5_evaluation_r1i1p1f1_ICTP_RegCM5-0_v1-r1_1hr_200708300100-200708310000.nc
clivi_CSAM-3_ERA5_evaluation_r1i1p1f1_ICTP_RegCM5-0_v1-r1_1hr_200708310100-200709010000.nc
clivi_CSAM-3_ERA5_evaluation_r1i1p1f1_ICTP_RegCM5-0_v1-r1_1hr_200709010100-200709020000.nc
clivi_CSAM-3_ERA5_evaluation_r1i1p1f1_ICTP_RegCM5-0_v1-r1_1hr_200709020100-200709030000.nc
clivi_CSAM-3_ERA5_evaluation_r1i1p1f1_ICTP_RegCM5-0_v1-r1_1hr_200709030100-200709040000.nc
clivi_CSAM-3_ERA5_evaluation_r1i1p1f1_ICTP_RegCM5-0_v1-r1_1hr_200709040100-200709050000.nc
clivi_CSAM-3_ERA5_evaluation_r1i1p1f1_ICTP_RegCM5-0_v1-r1_1hr_200709050100-200709060000.nc
clivi_CSAM-3_ERA5_evaluation_r1i1p1f1_ICTP_RegCM5-0_v1-r1_1hr_200709060100-200709070000.nc
clivi_CSAM-3_ERA5_evaluation_r1i1p1f1_ICTP_RegCM5-0_v1-r1_1hr_200709070100-200709080000.nc
clivi_CSAM-3_ERA5_evaluation_r1i1p1f1_ICTP_RegCM5-0_v1-r1_1hr_200709080100-200709090000.nc
clivi_CSAM-3_ERA5_evaluation_r1i1p1f1_ICTP_RegCM5-0_v1-r1_1hr_200709090100-200709100000.nc
clivi_CSAM-3_ERA5_evaluation_r1i1p1f1_ICTP_RegCM5-0_v1-r1_1hr_200709100100-200709110000.nc
clivi_CSAM-3_ERA5_evaluation_r1i1p1f1_ICTP_RegCM5-0_v1-r1_1hr_200709110100-200709120000.nc
clivi_CSAM-3_ERA5_evaluation_r1i1p1f1_ICTP_RegCM5-0_v1-r1_1hr_200709120100-200709130000.nc
clivi_CSAM-3_ERA5_evaluation_r1i1p1f1_ICTP_RegCM5-0_v1-r1_1hr_200709130100-200709140000.nc
clivi_CSAM-3_ERA5_evaluation_r1i1p1f1_ICTP_RegCM5-0_v1-r1_1hr_200709140100-200709150000.nc
clivi_CSAM-3_ERA5_evaluation_r1i1p1f1_ICTP_RegCM5-0_v1-r1_1hr_200709150100-200709160000.nc
clivi_CSAM-3_ERA5_evaluation_r1i1p1f1_ICTP_RegCM5-0_v1-r1_1hr_200709160100-200709170000.nc
clivi_CSAM-3_ERA5_evaluation_r1i1p1f1_ICTP_RegCM5-0_v1-r1_1hr_200709170100-200709180000.nc
clivi_CSAM-3_ERA5_evaluation_r1i1p1f1_ICTP_RegCM5-0_v1-r1_1hr_200709180100-200709190000.nc
clivi_CSAM-3_ERA5_evaluation_r1i1p1f1_ICTP_RegCM5-0_v1-r1_1hr_200709190100-200709200000.nc
clivi_CSAM-3_ERA5_evaluation_r1i1p1f1_ICTP_RegCM5-0_v1-r1_1hr_200709200100-200709210000.nc
clivi_CSAM-3_ERA5_evaluation_r1i1p1f1_ICTP_RegCM5-0_v1-r1_1hr_200709210100-200709220000.nc
clivi_CSAM-3_ERA5_evaluation_r1i1p1f1_ICTP_RegCM5-0_v1-r1_1hr_200709220100-200709230000.nc
clivi_CSAM-3_ERA5_evaluation_r1i1p1f1_ICTP_RegCM5-0_v1-r1_1hr_200709230100-200709240000.nc
clivi_CSAM-3_ERA5_evaluation_r1i1p1f1_ICTP_RegCM5-0_v1-r1_1hr_200709240100-200709250000.nc
clivi_CSAM-3_ERA5_evaluation_r1i1p1f1_ICTP_RegCM5-0_v1-r1_1hr_200709250100-200709260000.nc
clivi_CSAM-3_ERA5_evaluation_r1i1p1f1_ICTP_RegCM5-0_v1-r1_1hr_200709260100-200709270000.nc
clivi_CSAM-3_ERA5_evaluation_r1i1p1f1_ICTP_RegCM5-0_v1-r1_1hr_200709270100-200709280000.nc
clivi_CSAM-3_ERA5_evaluation_r1i1p1f1_ICTP_RegCM5-0_v1-r1_1hr_200709280100-200709290000.nc
clivi_CSAM-3_ERA5_evaluation_r1i1p1f1_ICTP_RegCM5-0_v1-r1_1hr_200709290100-200709300000.nc
clivi_CSAM-3_ERA5_evaluation_r1i1p1f1_ICTP_RegCM5-0_v1-r1_1hr_200709300100-200710010000.nc
clivi_CSAM-3_ERA5_evaluation_r1i1p1f1_ICTP_RegCM5-0_v1-r1_1hr_200710010100-200710020000.nc
clivi_CSAM-3_ERA5_evaluation_r1i1p1f1_ICTP_RegCM5-0_v1-r1_1hr_200710020100-200710030000.nc
clivi_CSAM-3_ERA5_evaluation_r1i1p1f1_ICTP_RegCM5-0_v1-r1_1hr_200710030100-200710040000.nc
clivi_CSAM-3_ERA5_evaluation_r1i1p1f1_ICTP_RegCM5-0_v1-r1_1hr_200710040100-200710050000.nc
clivi_CSAM-3_ERA5_evaluation_r1i1p1f1_ICTP_RegCM5-0_v1-r1_1hr_200710050100-200710060000.nc
clivi_CSAM-3_ERA5_evaluation_r1i1p1f1_ICTP_RegCM5-0_v1-r1_1hr_200710060100-200710070000.nc
clivi_CSAM-3_ERA5_evaluation_r1i1p1f1_ICTP_RegCM5-0_v1-r1_1hr_200710070100-200710080000.nc
clivi_CSAM-3_ERA5_evaluation_r1i1p1f1_ICTP_RegCM5-0_v1-r1_1hr_200710080100-200710090000.nc
clivi_CSAM-3_ERA5_evaluation_r1i1p1f1_ICTP_RegCM5-0_v1-r1_1hr_200710090100-200710100000.nc
clivi_CSAM-3_ERA5_evaluation_r1i1p1f1_ICTP_RegCM5-0_v1-r1_1hr_200710100100-200710110000.nc
clivi_CSAM-3_ERA5_evaluation_r1i1p1f1_ICTP_RegCM5-0_v1-r1_1hr_200710110100-200710120000.nc
clivi_CSAM-3_ERA5_evaluation_r1i1p1f1_ICTP_RegCM5-0_v1-r1_1hr_200710120100-200710130000.nc
clivi_CSAM-3_ERA5_evaluation_r1i1p1f1_ICTP_RegCM5-0_v1-r1_1hr_200710130100-200710140000.nc
clivi_CSAM-3_ERA5_evaluation_r1i1p1f1_ICTP_RegCM5-0_v1-r1_1hr_200710140100-200710150000.nc
clivi_CSAM-3_ERA5_evaluation_r1i1p1f1_ICTP_RegCM5-0_v1-r1_1hr_200710150100-200710160000.nc
clivi_CSAM-3_ERA5_evaluation_r1i1p1f1_ICTP_RegCM5-0_v1-r1_1hr_200710160100-200710170000.nc
clivi_CSAM-3_ERA5_evaluation_r1i1p1f1_ICTP_RegCM5-0_v1-r1_1hr_200710170100-200710180000.nc
clivi_CSAM-3_ERA5_evaluation_r1i1p1f1_ICTP_RegCM5-0_v1-r1_1hr_200710180100-200710190000.nc
clivi_CSAM-3_ERA5_evaluation_r1i1p1f1_ICTP_RegCM5-0_v1-r1_1hr_200710190100-200710200000.nc
clivi_CSAM-3_ERA5_evaluation_r1i1p1f1_ICTP_RegCM5-0_v1-r1_1hr_200710200100-200710210000.nc
clivi_CSAM-3_ERA5_evaluation_r1i1p1f1_ICTP_RegCM5-0_v1-r1_1hr_200710210100-200710220000.nc
clivi_CSAM-3_ERA5_evaluation_r1i1p1f1_ICTP_RegCM5-0_v1-r1_1hr_200710220100-200710230000.nc
clivi_CSAM-3_ERA5_evaluation_r1i1p1f1_ICTP_RegCM5-0_v1-r1_1hr_200710230100-200710240000.nc
clivi_CSAM-3_ERA5_evaluation_r1i1p1f1_ICTP_RegCM5-0_v1-r1_1hr_200710240100-200710250000.nc
clivi_CSAM-3_ERA5_evaluation_r1i1p1f1_ICTP_RegCM5-0_v1-r1_1hr_200710250100-200710260000.nc
clivi_CSAM-3_ERA5_evaluation_r1i1p1f1_ICTP_RegCM5-0_v1-r1_1hr_200710260100-200710270000.nc
clivi_CSAM-3_ERA5_evaluation_r1i1p1f1_ICTP_RegCM5-0_v1-r1_1hr_200710270100-200710280000.nc
clivi_CSAM-3_ERA5_evaluation_r1i1p1f1_ICTP_RegCM5-0_v1-r1_1hr_200710280100-200710290000.nc
clivi_CSAM-3_ERA5_evaluation_r1i1p1f1_ICTP_RegCM5-0_v1-r1_1hr_200710290100-200710300000.nc
clivi_CSAM-3_ERA5_evaluation_r1i1p1f1_ICTP_RegCM5-0_v1-r1_1hr_200710300100-200710310000.nc
clivi_CSAM-3_ERA5_evaluation_r1i1p1f1_ICTP_RegCM5-0_v1-r1_1hr_200710310100-200711010000.nc
clivi_CSAM-3_ERA5_evaluation_r1i1p1f1_ICTP_RegCM5-0_v1-r1_1hr_200711010100-200711020000.nc
clivi_CSAM-3_ERA5_evaluation_r1i1p1f1_ICTP_RegCM5-0_v1-r1_1hr_200711020100-200711030000.nc
clivi_CSAM-3_ERA5_evaluation_r1i1p1f1_ICTP_RegCM5-0_v1-r1_1hr_200711030100-200711040000.nc
clivi_CSAM-3_ERA5_evaluation_r1i1p1f1_ICTP_RegCM5-0_v1-r1_1hr_200711040100-200711050000.nc
clivi_CSAM-3_ERA5_evaluation_r1i1p1f1_ICTP_RegCM5-0_v1-r1_1hr_200711050100-200711060000.nc
clivi_CSAM-3_ERA5_evaluation_r1i1p1f1_ICTP_RegCM5-0_v1-r1_1hr_200711060100-200711070000.nc
clivi_CSAM-3_ERA5_evaluation_r1i1p1f1_ICTP_RegCM5-0_v1-r1_1hr_200711070100-200711080000.nc
clivi_CSAM-3_ERA5_evaluation_r1i1p1f1_ICTP_RegCM5-0_v1-r1_1hr_200711080100-200711090000.nc
clivi_CSAM-3_ERA5_evaluation_r1i1p1f1_ICTP_RegCM5-0_v1-r1_1hr_200711090100-200711100000.nc
clivi_CSAM-3_ERA5_evaluation_r1i1p1f1_ICTP_RegCM5-0_v1-r1_1hr_200711100100-200711110000.nc
clivi_CSAM-3_ERA5_evaluation_r1i1p1f1_ICTP_RegCM5-0_v1-r1_1hr_200711110100-200711120000.nc
clivi_CSAM-3_ERA5_evaluation_r1i1p1f1_ICTP_RegCM5-0_v1-r1_1hr_200711120100-200711130000.nc
clivi_CSAM-3_ERA5_evaluation_r1i1p1f1_ICTP_RegCM5-0_v1-r1_1hr_200711130100-200711140000.nc
clivi_CSAM-3_ERA5_evaluation_r1i1p1f1_ICTP_RegCM5-0_v1-r1_1hr_200711140100-200711150000.nc
clivi_CSAM-3_ERA5_evaluation_r1i1p1f1_ICTP_RegCM5-0_v1-r1_1hr_200711150100-200711160000.nc
clivi_CSAM-3_ERA5_evaluation_r1i1p1f1_ICTP_RegCM5-0_v1-r1_1hr_200711160100-200711170000.nc
clivi_CSAM-3_ERA5_evaluation_r1i1p1f1_ICTP_RegCM5-0_v1-r1_1hr_200711170100-200711180000.nc
clivi_CSAM-3_ERA5_evaluation_r1i1p1f1_ICTP_RegCM5-0_v1-r1_1hr_200711180100-200711190000.nc
clivi_CSAM-3_ERA5_evaluation_r1i1p1f1_ICTP_RegCM5-0_v1-r1_1hr_200711190100-200711200000.nc
clivi_CSAM-3_ERA5_evaluation_r1i1p1f1_ICTP_RegCM5-0_v1-r1_1hr_200711200100-200711210000.nc
clivi_CSAM-3_ERA5_evaluation_r1i1p1f1_ICTP_RegCM5-0_v1-r1_1hr_200711210100-200711220000.nc
clivi_CSAM-3_ERA5_evaluation_r1i1p1f1_ICTP_RegCM5-0_v1-r1_1hr_200711220100-200711230000.nc
clivi_CSAM-3_ERA5_evaluation_r1i1p1f1_ICTP_RegCM5-0_v1-r1_1hr_200711230100-200711240000.nc
clivi_CSAM-3_ERA5_evaluation_r1i1p1f1_ICTP_RegCM5-0_v1-r1_1hr_200711240100-200711250000.nc
clivi_CSAM-3_ERA5_evaluation_r1i1p1f1_ICTP_RegCM5-0_v1-r1_1hr_200711250100-200711260000.nc
clivi_CSAM-3_ERA5_evaluation_r1i1p1f1_ICTP_RegCM5-0_v1-r1_1hr_200711260100-200711270000.nc
clivi_CSAM-3_ERA5_evaluation_r1i1p1f1_ICTP_RegCM5-0_v1-r1_1hr_200711270100-200711280000.nc
clivi_CSAM-3_ERA5_evaluation_r1i1p1f1_ICTP_RegCM5-0_v1-r1_1hr_200711280100-200711290000.nc
clivi_CSAM-3_ERA5_evaluation_r1i1p1f1_ICTP_RegCM5-0_v1-r1_1hr_200711290100-200711300000.nc
clivi_CSAM-3_ERA5_evaluation_r1i1p1f1_ICTP_RegCM5-0_v1-r1_1hr_200711300100-200712010000.nc
clivi_CSAM-3_ERA5_evaluation_r1i1p1f1_ICTP_RegCM5-0_v1-r1_1hr_200712010100-200712020000.nc
clivi_CSAM-3_ERA5_evaluation_r1i1p1f1_ICTP_RegCM5-0_v1-r1_1hr_200712020100-200712030000.nc
clivi_CSAM-3_ERA5_evaluation_r1i1p1f1_ICTP_RegCM5-0_v1-r1_1hr_200712030100-200712040000.nc
clivi_CSAM-3_ERA5_evaluation_r1i1p1f1_ICTP_RegCM5-0_v1-r1_1hr_200712040100-200712050000.nc
clivi_CSAM-3_ERA5_evaluation_r1i1p1f1_ICTP_RegCM5-0_v1-r1_1hr_200712050100-200712060000.nc
clivi_CSAM-3_ERA5_evaluation_r1i1p1f1_ICTP_RegCM5-0_v1-r1_1hr_200712060100-200712070000.nc
clivi_CSAM-3_ERA5_evaluation_r1i1p1f1_ICTP_RegCM5-0_v1-r1_1hr_200712070100-200712080000.nc
clivi_CSAM-3_ERA5_evaluation_r1i1p1f1_ICTP_RegCM5-0_v1-r1_1hr_200712080100-200712090000.nc
clivi_CSAM-3_ERA5_evaluation_r1i1p1f1_ICTP_RegCM5-0_v1-r1_1hr_200712090100-200712100000.nc
clivi_CSAM-3_ERA5_evaluation_r1i1p1f1_ICTP_RegCM5-0_v1-r1_1hr_200712100100-200712110000.nc
clivi_CSAM-3_ERA5_evaluation_r1i1p1f1_ICTP_RegCM5-0_v1-r1_1hr_200712110100-200712120000.nc
clivi_CSAM-3_ERA5_evaluation_r1i1p1f1_ICTP_RegCM5-0_v1-r1_1hr_200712120100-200712130000.nc
clivi_CSAM-3_ERA5_evaluation_r1i1p1f1_ICTP_RegCM5-0_v1-r1_1hr_200712130100-200712140000.nc
clivi_CSAM-3_ERA5_evaluation_r1i1p1f1_ICTP_RegCM5-0_v1-r1_1hr_200712140100-200712150000.nc
clivi_CSAM-3_ERA5_evaluation_r1i1p1f1_ICTP_RegCM5-0_v1-r1_1hr_200712150100-200712160000.nc
clivi_CSAM-3_ERA5_evaluation_r1i1p1f1_ICTP_RegCM5-0_v1-r1_1hr_200712160100-200712170000.nc
clivi_CSAM-3_ERA5_evaluation_r1i1p1f1_ICTP_RegCM5-0_v1-r1_1hr_200712170100-200712180000.nc
clivi_CSAM-3_ERA5_evaluation_r1i1p1f1_ICTP_RegCM5-0_v1-r1_1hr_200712180100-200712190000.nc
clivi_CSAM-3_ERA5_evaluation_r1i1p1f1_ICTP_RegCM5-0_v1-r1_1hr_200712190100-200712200000.nc
clivi_CSAM-3_ERA5_evaluation_r1i1p1f1_ICTP_RegCM5-0_v1-r1_1hr_200712200100-200712210000.nc
clivi_CSAM-3_ERA5_evaluation_r1i1p1f1_ICTP_RegCM5-0_v1-r1_1hr_200712210100-200712220000.nc
clivi_CSAM-3_ERA5_evaluation_r1i1p1f1_ICTP_RegCM5-0_v1-r1_1hr_200712220100-200712230000.nc
clivi_CSAM-3_ERA5_evaluation_r1i1p1f1_ICTP_RegCM5-0_v1-r1_1hr_200712230100-200712240000.nc
clivi_CSAM-3_ERA5_evaluation_r1i1p1f1_ICTP_RegCM5-0_v1-r1_1hr_200712240100-200712250000.nc
clivi_CSAM-3_ERA5_evaluation_r1i1p1f1_ICTP_RegCM5-0_v1-r1_1hr_200712250100-200712260000.nc
clivi_CSAM-3_ERA5_evaluation_r1i1p1f1_ICTP_RegCM5-0_v1-r1_1hr_200712260100-200712270000.nc
clivi_CSAM-3_ERA5_evaluation_r1i1p1f1_ICTP_RegCM5-0_v1-r1_1hr_200712270100-200712280000.nc
clivi_CSAM-3_ERA5_evaluation_r1i1p1f1_ICTP_RegCM5-0_v1-r1_1hr_200712280100-200712290000.nc
clivi_CSAM-3_ERA5_evaluation_r1i1p1f1_ICTP_RegCM5-0_v1-r1_1hr_200712290100-200712300000.nc
clivi_CSAM-3_ERA5_evaluation_r1i1p1f1_ICTP_RegCM5-0_v1-r1_1hr_200712300100-200712310000.nc
clivi_CSAM-3_ERA5_evaluation_r1i1p1f1_ICTP_RegCM5-0_v1-r1_1hr_200712310100-200801010000.nc
Files: cll_CSAM-3_ERA5_evaluation_r1i1p1f1_ICTP_RegCM5-0_v1-r1_1hr_200701010100-200701020000.nc
cll_CSAM-3_ERA5_evaluation_r1i1p1f1_ICTP_RegCM5-0_v1-r1_1hr_200701020100-200701030000.nc
cll_CSAM-3_ERA5_evaluation_r1i1p1f1_ICTP_RegCM5-0_v1-r1_1hr_200701030100-200701040000.nc
cll_CSAM-3_ERA5_evaluation_r1i1p1f1_ICTP_RegCM5-0_v1-r1_1hr_200701040100-200701050000.nc
cll_CSAM-3_ERA5_evaluation_r1i1p1f1_ICTP_RegCM5-0_v1-r1_1hr_200701050100-200701060000.nc
cll_CSAM-3_ERA5_evaluation_r1i1p1f1_ICTP_RegCM5-0_v1-r1_1hr_200701060100-200701070000.nc
cll_CSAM-3_ERA5_evaluation_r1i1p1f1_ICTP_RegCM5-0_v1-r1_1hr_200701070100-200701080000.nc
cll_CSAM-3_ERA5_evaluation_r1i1p1f1_ICTP_RegCM5-0_v1-r1_1hr_200701080100-200701090000.nc
cll_CSAM-3_ERA5_evaluation_r1i1p1f1_ICTP_RegCM5-0_v1-r1_1hr_200701090100-200701100000.nc
cll_CSAM-3_ERA5_evaluation_r1i1p1f1_ICTP_RegCM5-0_v1-r1_1hr_200701100100-200701110000.nc
cll_CSAM-3_ERA5_evaluation_r1i1p1f1_ICTP_RegCM5-0_v1-r1_1hr_200701110100-200701120000.nc
cll_CSAM-3_ERA5_evaluation_r1i1p1f1_ICTP_RegCM5-0_v1-r1_1hr_200701120100-200701130000.nc
cll_CSAM-3_ERA5_evaluation_r1i1p1f1_ICTP_RegCM5-0_v1-r1_1hr_200701130100-200701140000.nc
cll_CSAM-3_ERA5_evaluation_r1i1p1f1_ICTP_RegCM5-0_v1-r1_1hr_200701140100-200701150000.nc
cll_CSAM-3_ERA5_evaluation_r1i1p1f1_ICTP_RegCM5-0_v1-r1_1hr_200701150100-200701160000.nc
cll_CSAM-3_ERA5_evaluation_r1i1p1f1_ICTP_RegCM5-0_v1-r1_1hr_200701160100-200701170000.nc
cll_CSAM-3_ERA5_evaluation_r1i1p1f1_ICTP_RegCM5-0_v1-r1_1hr_200701170100-200701180000.nc
cll_CSAM-3_ERA5_evaluation_r1i1p1f1_ICTP_RegCM5-0_v1-r1_1hr_200701180100-200701190000.nc
cll_CSAM-3_ERA5_evaluation_r1i1p1f1_ICTP_RegCM5-0_v1-r1_1hr_200701190100-200701200000.nc
cll_CSAM-3_ERA5_evaluation_r1i1p1f1_ICTP_RegCM5-0_v1-r1_1hr_200701200100-200701210000.nc
cll_CSAM-3_ERA5_evaluation_r1i1p1f1_ICTP_RegCM5-0_v1-r1_1hr_200701210100-200701220000.nc
cll_CSAM-3_ERA5_evaluation_r1i1p1f1_ICTP_RegCM5-0_v1-r1_1hr_200701220100-200701230000.nc
cll_CSAM-3_ERA5_evaluation_r1i1p1f1_ICTP_RegCM5-0_v1-r1_1hr_200701230100-200701240000.nc
cll_CSAM-3_ERA5_evaluation_r1i1p1f1_ICTP_RegCM5-0_v1-r1_1hr_200701240100-200701250000.nc
cll_CSAM-3_ERA5_evaluation_r1i1p1f1_ICTP_RegCM5-0_v1-r1_1hr_200701250100-200701260000.nc
cll_CSAM-3_ERA5_evaluation_r1i1p1f1_ICTP_RegCM5-0_v1-r1_1hr_200701260100-200701270000.nc
cll_CSAM-3_ERA5_evaluation_r1i1p1f1_ICTP_RegCM5-0_v1-r1_1hr_200701270100-200701280000.nc
cll_CSAM-3_ERA5_evaluation_r1i1p1f1_ICTP_RegCM5-0_v1-r1_1hr_200701280100-200701290000.nc
cll_CSAM-3_ERA5_evaluation_r1i1p1f1_ICTP_RegCM5-0_v1-r1_1hr_200701290100-200701300000.nc
cll_CSAM-3_ERA5_evaluation_r1i1p1f1_ICTP_RegCM5-0_v1-r1_1hr_200701300100-200701310000.nc
cll_CSAM-3_ERA5_evaluation_r1i1p1f1_ICTP_RegCM5-0_v1-r1_1hr_200701310100-200702010000.nc
cll_CSAM-3_ERA5_evaluation_r1i1p1f1_ICTP_RegCM5-0_v1-r1_1hr_200702010100-200702020000.nc
cll_CSAM-3_ERA5_evaluation_r1i1p1f1_ICTP_RegCM5-0_v1-r1_1hr_200702020100-200702030000.nc
cll_CSAM-3_ERA5_evaluation_r1i1p1f1_ICTP_RegCM5-0_v1-r1_1hr_200702030100-200702040000.nc
cll_CSAM-3_ERA5_evaluation_r1i1p1f1_ICTP_RegCM5-0_v1-r1_1hr_200702040100-200702050000.nc
cll_CSAM-3_ERA5_evaluation_r1i1p1f1_ICTP_RegCM5-0_v1-r1_1hr_200702050100-200702060000.nc
cll_CSAM-3_ERA5_evaluation_r1i1p1f1_ICTP_RegCM5-0_v1-r1_1hr_200702060100-200702070000.nc
cll_CSAM-3_ERA5_evaluation_r1i1p1f1_ICTP_RegCM5-0_v1-r1_1hr_200702070100-200702080000.nc
cll_CSAM-3_ERA5_evaluation_r1i1p1f1_ICTP_RegCM5-0_v1-r1_1hr_200702080100-200702090000.nc
cll_CSAM-3_ERA5_evaluation_r1i1p1f1_ICTP_RegCM5-0_v1-r1_1hr_200702090100-200702100000.nc
cll_CSAM-3_ERA5_evaluation_r1i1p1f1_ICTP_RegCM5-0_v1-r1_1hr_200702100100-200702110000.nc
cll_CSAM-3_ERA5_evaluation_r1i1p1f1_ICTP_RegCM5-0_v1-r1_1hr_200702110100-200702120000.nc
cll_CSAM-3_ERA5_evaluation_r1i1p1f1_ICTP_RegCM5-0_v1-r1_1hr_200702120100-200702130000.nc
cll_CSAM-3_ERA5_evaluation_r1i1p1f1_ICTP_RegCM5-0_v1-r1_1hr_200702130100-200702140000.nc
cll_CSAM-3_ERA5_evaluation_r1i1p1f1_ICTP_RegCM5-0_v1-r1_1hr_200702140100-200702150000.nc
cll_CSAM-3_ERA5_evaluation_r1i1p1f1_ICTP_RegCM5-0_v1-r1_1hr_200702150100-200702160000.nc
cll_CSAM-3_ERA5_evaluation_r1i1p1f1_ICTP_RegCM5-0_v1-r1_1hr_200702160100-200702170000.nc
cll_CSAM-3_ERA5_evaluation_r1i1p1f1_ICTP_RegCM5-0_v1-r1_1hr_200702170100-200702180000.nc
cll_CSAM-3_ERA5_evaluation_r1i1p1f1_ICTP_RegCM5-0_v1-r1_1hr_200702180100-200702190000.nc
cll_CSAM-3_ERA5_evaluation_r1i1p1f1_ICTP_RegCM5-0_v1-r1_1hr_200702190100-200702200000.nc
cll_CSAM-3_ERA5_evaluation_r1i1p1f1_ICTP_RegCM5-0_v1-r1_1hr_200702200100-200702210000.nc
cll_CSAM-3_ERA5_evaluation_r1i1p1f1_ICTP_RegCM5-0_v1-r1_1hr_200702210100-200702220000.nc
cll_CSAM-3_ERA5_evaluation_r1i1p1f1_ICTP_RegCM5-0_v1-r1_1hr_200702220100-200702230000.nc
cll_CSAM-3_ERA5_evaluation_r1i1p1f1_ICTP_RegCM5-0_v1-r1_1hr_200702230100-200702240000.nc
cll_CSAM-3_ERA5_evaluation_r1i1p1f1_ICTP_RegCM5-0_v1-r1_1hr_200702240100-200702250000.nc
cll_CSAM-3_ERA5_evaluation_r1i1p1f1_ICTP_RegCM5-0_v1-r1_1hr_200702250100-200702260000.nc
cll_CSAM-3_ERA5_evaluation_r1i1p1f1_ICTP_RegCM5-0_v1-r1_1hr_200702260100-200702270000.nc
cll_CSAM-3_ERA5_evaluation_r1i1p1f1_ICTP_RegCM5-0_v1-r1_1hr_200702270100-200702280000.nc
cll_CSAM-3_ERA5_evaluation_r1i1p1f1_ICTP_RegCM5-0_v1-r1_1hr_200702280100-200703010000.nc
cll_CSAM-3_ERA5_evaluation_r1i1p1f1_ICTP_RegCM5-0_v1-r1_1hr_200703010100-200703020000.nc
cll_CSAM-3_ERA5_evaluation_r1i1p1f1_ICTP_RegCM5-0_v1-r1_1hr_200703020100-200703030000.nc
cll_CSAM-3_ERA5_evaluation_r1i1p1f1_ICTP_RegCM5-0_v1-r1_1hr_200703030100-200703040000.nc
cll_CSAM-3_ERA5_evaluation_r1i1p1f1_ICTP_RegCM5-0_v1-r1_1hr_200703040100-200703050000.nc
cll_CSAM-3_ERA5_evaluation_r1i1p1f1_ICTP_RegCM5-0_v1-r1_1hr_200703050100-200703060000.nc
cll_CSAM-3_ERA5_evaluation_r1i1p1f1_ICTP_RegCM5-0_v1-r1_1hr_200703060100-200703070000.nc
cll_CSAM-3_ERA5_evaluation_r1i1p1f1_ICTP_RegCM5-0_v1-r1_1hr_200703070100-200703080000.nc
cll_CSAM-3_ERA5_evaluation_r1i1p1f1_ICTP_RegCM5-0_v1-r1_1hr_200703080100-200703090000.nc
cll_CSAM-3_ERA5_evaluation_r1i1p1f1_ICTP_RegCM5-0_v1-r1_1hr_200703090100-200703100000.nc
cll_CSAM-3_ERA5_evaluation_r1i1p1f1_ICTP_RegCM5-0_v1-r1_1hr_200703100100-200703110000.nc
cll_CSAM-3_ERA5_evaluation_r1i1p1f1_ICTP_RegCM5-0_v1-r1_1hr_200703110100-200703120000.nc
cll_CSAM-3_ERA5_evaluation_r1i1p1f1_ICTP_RegCM5-0_v1-r1_1hr_200703120100-200703130000.nc
cll_CSAM-3_ERA5_evaluation_r1i1p1f1_ICTP_RegCM5-0_v1-r1_1hr_200703130100-200703140000.nc
cll_CSAM-3_ERA5_evaluation_r1i1p1f1_ICTP_RegCM5-0_v1-r1_1hr_200703140100-200703150000.nc
cll_CSAM-3_ERA5_evaluation_r1i1p1f1_ICTP_RegCM5-0_v1-r1_1hr_200703150100-200703160000.nc
cll_CSAM-3_ERA5_evaluation_r1i1p1f1_ICTP_RegCM5-0_v1-r1_1hr_200703160100-200703170000.nc
cll_CSAM-3_ERA5_evaluation_r1i1p1f1_ICTP_RegCM5-0_v1-r1_1hr_200703170100-200703180000.nc
cll_CSAM-3_ERA5_evaluation_r1i1p1f1_ICTP_RegCM5-0_v1-r1_1hr_200703180100-200703190000.nc
cll_CSAM-3_ERA5_evaluation_r1i1p1f1_ICTP_RegCM5-0_v1-r1_1hr_200703190100-200703200000.nc
cll_CSAM-3_ERA5_evaluation_r1i1p1f1_ICTP_RegCM5-0_v1-r1_1hr_200703200100-200703210000.nc
cll_CSAM-3_ERA5_evaluation_r1i1p1f1_ICTP_RegCM5-0_v1-r1_1hr_200703210100-200703220000.nc
cll_CSAM-3_ERA5_evaluation_r1i1p1f1_ICTP_RegCM5-0_v1-r1_1hr_200703220100-200703230000.nc
cll_CSAM-3_ERA5_evaluation_r1i1p1f1_ICTP_RegCM5-0_v1-r1_1hr_200703230100-200703240000.nc
cll_CSAM-3_ERA5_evaluation_r1i1p1f1_ICTP_RegCM5-0_v1-r1_1hr_200703240100-200703250000.nc
cll_CSAM-3_ERA5_evaluation_r1i1p1f1_ICTP_RegCM5-0_v1-r1_1hr_200703250100-200703260000.nc
cll_CSAM-3_ERA5_evaluation_r1i1p1f1_ICTP_RegCM5-0_v1-r1_1hr_200703260100-200703270000.nc
cll_CSAM-3_ERA5_evaluation_r1i1p1f1_ICTP_RegCM5-0_v1-r1_1hr_200703270100-200703280000.nc
cll_CSAM-3_ERA5_evaluation_r1i1p1f1_ICTP_RegCM5-0_v1-r1_1hr_200703280100-200703290000.nc
cll_CSAM-3_ERA5_evaluation_r1i1p1f1_ICTP_RegCM5-0_v1-r1_1hr_200703290100-200703300000.nc
cll_CSAM-3_ERA5_evaluation_r1i1p1f1_ICTP_RegCM5-0_v1-r1_1hr_200703300100-200703310000.nc
cll_CSAM-3_ERA5_evaluation_r1i1p1f1_ICTP_RegCM5-0_v1-r1_1hr_200703310100-200704010000.nc
cll_CSAM-3_ERA5_evaluation_r1i1p1f1_ICTP_RegCM5-0_v1-r1_1hr_200704010100-200704020000.nc
cll_CSAM-3_ERA5_evaluation_r1i1p1f1_ICTP_RegCM5-0_v1-r1_1hr_200704020100-200704030000.nc
cll_CSAM-3_ERA5_evaluation_r1i1p1f1_ICTP_RegCM5-0_v1-r1_1hr_200704030100-200704040000.nc
cll_CSAM-3_ERA5_evaluation_r1i1p1f1_ICTP_RegCM5-0_v1-r1_1hr_200704040100-200704050000.nc
cll_CSAM-3_ERA5_evaluation_r1i1p1f1_ICTP_RegCM5-0_v1-r1_1hr_200704050100-200704060000.nc
cll_CSAM-3_ERA5_evaluation_r1i1p1f1_ICTP_RegCM5-0_v1-r1_1hr_200704060100-200704070000.nc
cll_CSAM-3_ERA5_evaluation_r1i1p1f1_ICTP_RegCM5-0_v1-r1_1hr_200704070100-200704080000.nc
cll_CSAM-3_ERA5_evaluation_r1i1p1f1_ICTP_RegCM5-0_v1-r1_1hr_200704080100-200704090000.nc
cll_CSAM-3_ERA5_evaluation_r1i1p1f1_ICTP_RegCM5-0_v1-r1_1hr_200704090100-200704100000.nc
cll_CSAM-3_ERA5_evaluation_r1i1p1f1_ICTP_RegCM5-0_v1-r1_1hr_200704100100-200704110000.nc
cll_CSAM-3_ERA5_evaluation_r1i1p1f1_ICTP_RegCM5-0_v1-r1_1hr_200704110100-200704120000.nc
cll_CSAM-3_ERA5_evaluation_r1i1p1f1_ICTP_RegCM5-0_v1-r1_1hr_200704120100-200704130000.nc
cll_CSAM-3_ERA5_evaluation_r1i1p1f1_ICTP_RegCM5-0_v1-r1_1hr_200704130100-200704140000.nc
cll_CSAM-3_ERA5_evaluation_r1i1p1f1_ICTP_RegCM5-0_v1-r1_1hr_200704140100-200704150000.nc
cll_CSAM-3_ERA5_evaluation_r1i1p1f1_ICTP_RegCM5-0_v1-r1_1hr_200704150100-200704160000.nc
cll_CSAM-3_ERA5_evaluation_r1i1p1f1_ICTP_RegCM5-0_v1-r1_1hr_200704160100-200704170000.nc
cll_CSAM-3_ERA5_evaluation_r1i1p1f1_ICTP_RegCM5-0_v1-r1_1hr_200704170100-200704180000.nc
cll_CSAM-3_ERA5_evaluation_r1i1p1f1_ICTP_RegCM5-0_v1-r1_1hr_200704180100-200704190000.nc
cll_CSAM-3_ERA5_evaluation_r1i1p1f1_ICTP_RegCM5-0_v1-r1_1hr_200704190100-200704200000.nc
cll_CSAM-3_ERA5_evaluation_r1i1p1f1_ICTP_RegCM5-0_v1-r1_1hr_200704200100-200704210000.nc
cll_CSAM-3_ERA5_evaluation_r1i1p1f1_ICTP_RegCM5-0_v1-r1_1hr_200704210100-200704220000.nc
cll_CSAM-3_ERA5_evaluation_r1i1p1f1_ICTP_RegCM5-0_v1-r1_1hr_200704220100-200704230000.nc
cll_CSAM-3_ERA5_evaluation_r1i1p1f1_ICTP_RegCM5-0_v1-r1_1hr_200704230100-200704240000.nc
cll_CSAM-3_ERA5_evaluation_r1i1p1f1_ICTP_RegCM5-0_v1-r1_1hr_200704240100-200704250000.nc
cll_CSAM-3_ERA5_evaluation_r1i1p1f1_ICTP_RegCM5-0_v1-r1_1hr_200704250100-200704260000.nc
cll_CSAM-3_ERA5_evaluation_r1i1p1f1_ICTP_RegCM5-0_v1-r1_1hr_200704260100-200704270000.nc
cll_CSAM-3_ERA5_evaluation_r1i1p1f1_ICTP_RegCM5-0_v1-r1_1hr_200704270100-200704280000.nc
cll_CSAM-3_ERA5_evaluation_r1i1p1f1_ICTP_RegCM5-0_v1-r1_1hr_200704280100-200704290000.nc
cll_CSAM-3_ERA5_evaluation_r1i1p1f1_ICTP_RegCM5-0_v1-r1_1hr_200704290100-200704300000.nc
cll_CSAM-3_ERA5_evaluation_r1i1p1f1_ICTP_RegCM5-0_v1-r1_1hr_200704300100-200705010000.nc
cll_CSAM-3_ERA5_evaluation_r1i1p1f1_ICTP_RegCM5-0_v1-r1_1hr_200705010100-200705020000.nc
cll_CSAM-3_ERA5_evaluation_r1i1p1f1_ICTP_RegCM5-0_v1-r1_1hr_200705020100-200705030000.nc
cll_CSAM-3_ERA5_evaluation_r1i1p1f1_ICTP_RegCM5-0_v1-r1_1hr_200705030100-200705040000.nc
cll_CSAM-3_ERA5_evaluation_r1i1p1f1_ICTP_RegCM5-0_v1-r1_1hr_200705040100-200705050000.nc
cll_CSAM-3_ERA5_evaluation_r1i1p1f1_ICTP_RegCM5-0_v1-r1_1hr_200705050100-200705060000.nc
cll_CSAM-3_ERA5_evaluation_r1i1p1f1_ICTP_RegCM5-0_v1-r1_1hr_200705060100-200705070000.nc
cll_CSAM-3_ERA5_evaluation_r1i1p1f1_ICTP_RegCM5-0_v1-r1_1hr_200705070100-200705080000.nc
cll_CSAM-3_ERA5_evaluation_r1i1p1f1_ICTP_RegCM5-0_v1-r1_1hr_200705080100-200705090000.nc
cll_CSAM-3_ERA5_evaluation_r1i1p1f1_ICTP_RegCM5-0_v1-r1_1hr_200705090100-200705100000.nc
cll_CSAM-3_ERA5_evaluation_r1i1p1f1_ICTP_RegCM5-0_v1-r1_1hr_200705100100-200705110000.nc
cll_CSAM-3_ERA5_evaluation_r1i1p1f1_ICTP_RegCM5-0_v1-r1_1hr_200705110100-200705120000.nc
cll_CSAM-3_ERA5_evaluation_r1i1p1f1_ICTP_RegCM5-0_v1-r1_1hr_200705120100-200705130000.nc
cll_CSAM-3_ERA5_evaluation_r1i1p1f1_ICTP_RegCM5-0_v1-r1_1hr_200705130100-200705140000.nc
cll_CSAM-3_ERA5_evaluation_r1i1p1f1_ICTP_RegCM5-0_v1-r1_1hr_200705140100-200705150000.nc
cll_CSAM-3_ERA5_evaluation_r1i1p1f1_ICTP_RegCM5-0_v1-r1_1hr_200705150100-200705160000.nc
cll_CSAM-3_ERA5_evaluation_r1i1p1f1_ICTP_RegCM5-0_v1-r1_1hr_200705160100-200705170000.nc
cll_CSAM-3_ERA5_evaluation_r1i1p1f1_ICTP_RegCM5-0_v1-r1_1hr_200705170100-200705180000.nc
cll_CSAM-3_ERA5_evaluation_r1i1p1f1_ICTP_RegCM5-0_v1-r1_1hr_200705180100-200705190000.nc
cll_CSAM-3_ERA5_evaluation_r1i1p1f1_ICTP_RegCM5-0_v1-r1_1hr_200705190100-200705200000.nc
cll_CSAM-3_ERA5_evaluation_r1i1p1f1_ICTP_RegCM5-0_v1-r1_1hr_200705200100-200705210000.nc
cll_CSAM-3_ERA5_evaluation_r1i1p1f1_ICTP_RegCM5-0_v1-r1_1hr_200705210100-200705220000.nc
cll_CSAM-3_ERA5_evaluation_r1i1p1f1_ICTP_RegCM5-0_v1-r1_1hr_200705220100-200705230000.nc
cll_CSAM-3_ERA5_evaluation_r1i1p1f1_ICTP_RegCM5-0_v1-r1_1hr_200705230100-200705240000.nc
cll_CSAM-3_ERA5_evaluation_r1i1p1f1_ICTP_RegCM5-0_v1-r1_1hr_200705240100-200705250000.nc
cll_CSAM-3_ERA5_evaluation_r1i1p1f1_ICTP_RegCM5-0_v1-r1_1hr_200705250100-200705260000.nc
cll_CSAM-3_ERA5_evaluation_r1i1p1f1_ICTP_RegCM5-0_v1-r1_1hr_200705260100-200705270000.nc
cll_CSAM-3_ERA5_evaluation_r1i1p1f1_ICTP_RegCM5-0_v1-r1_1hr_200705270100-200705280000.nc
cll_CSAM-3_ERA5_evaluation_r1i1p1f1_ICTP_RegCM5-0_v1-r1_1hr_200705280100-200705290000.nc
cll_CSAM-3_ERA5_evaluation_r1i1p1f1_ICTP_RegCM5-0_v1-r1_1hr_200705290100-200705300000.nc
cll_CSAM-3_ERA5_evaluation_r1i1p1f1_ICTP_RegCM5-0_v1-r1_1hr_200705300100-200705310000.nc
cll_CSAM-3_ERA5_evaluation_r1i1p1f1_ICTP_RegCM5-0_v1-r1_1hr_200705310100-200706010000.nc
cll_CSAM-3_ERA5_evaluation_r1i1p1f1_ICTP_RegCM5-0_v1-r1_1hr_200706010100-200706020000.nc
cll_CSAM-3_ERA5_evaluation_r1i1p1f1_ICTP_RegCM5-0_v1-r1_1hr_200706020100-200706030000.nc
cll_CSAM-3_ERA5_evaluation_r1i1p1f1_ICTP_RegCM5-0_v1-r1_1hr_200706030100-200706040000.nc
cll_CSAM-3_ERA5_evaluation_r1i1p1f1_ICTP_RegCM5-0_v1-r1_1hr_200706040100-200706050000.nc
cll_CSAM-3_ERA5_evaluation_r1i1p1f1_ICTP_RegCM5-0_v1-r1_1hr_200706050100-200706060000.nc
cll_CSAM-3_ERA5_evaluation_r1i1p1f1_ICTP_RegCM5-0_v1-r1_1hr_200706060100-200706070000.nc
cll_CSAM-3_ERA5_evaluation_r1i1p1f1_ICTP_RegCM5-0_v1-r1_1hr_200706070100-200706080000.nc
cll_CSAM-3_ERA5_evaluation_r1i1p1f1_ICTP_RegCM5-0_v1-r1_1hr_200706080100-200706090000.nc
cll_CSAM-3_ERA5_evaluation_r1i1p1f1_ICTP_RegCM5-0_v1-r1_1hr_200706090100-200706100000.nc
cll_CSAM-3_ERA5_evaluation_r1i1p1f1_ICTP_RegCM5-0_v1-r1_1hr_200706100100-200706110000.nc
cll_CSAM-3_ERA5_evaluation_r1i1p1f1_ICTP_RegCM5-0_v1-r1_1hr_200706110100-200706120000.nc
cll_CSAM-3_ERA5_evaluation_r1i1p1f1_ICTP_RegCM5-0_v1-r1_1hr_200706120100-200706130000.nc
cll_CSAM-3_ERA5_evaluation_r1i1p1f1_ICTP_RegCM5-0_v1-r1_1hr_200706130100-200706140000.nc
cll_CSAM-3_ERA5_evaluation_r1i1p1f1_ICTP_RegCM5-0_v1-r1_1hr_200706140100-200706150000.nc
cll_CSAM-3_ERA5_evaluation_r1i1p1f1_ICTP_RegCM5-0_v1-r1_1hr_200706150100-200706160000.nc
cll_CSAM-3_ERA5_evaluation_r1i1p1f1_ICTP_RegCM5-0_v1-r1_1hr_200706160100-200706170000.nc
cll_CSAM-3_ERA5_evaluation_r1i1p1f1_ICTP_RegCM5-0_v1-r1_1hr_200706170100-200706180000.nc
cll_CSAM-3_ERA5_evaluation_r1i1p1f1_ICTP_RegCM5-0_v1-r1_1hr_200706180100-200706190000.nc
cll_CSAM-3_ERA5_evaluation_r1i1p1f1_ICTP_RegCM5-0_v1-r1_1hr_200706190100-200706200000.nc
cll_CSAM-3_ERA5_evaluation_r1i1p1f1_ICTP_RegCM5-0_v1-r1_1hr_200706200100-200706210000.nc
cll_CSAM-3_ERA5_evaluation_r1i1p1f1_ICTP_RegCM5-0_v1-r1_1hr_200706210100-200706220000.nc
cll_CSAM-3_ERA5_evaluation_r1i1p1f1_ICTP_RegCM5-0_v1-r1_1hr_200706220100-200706230000.nc
cll_CSAM-3_ERA5_evaluation_r1i1p1f1_ICTP_RegCM5-0_v1-r1_1hr_200706230100-200706240000.nc
cll_CSAM-3_ERA5_evaluation_r1i1p1f1_ICTP_RegCM5-0_v1-r1_1hr_200706240100-200706250000.nc
cll_CSAM-3_ERA5_evaluation_r1i1p1f1_ICTP_RegCM5-0_v1-r1_1hr_200706250100-200706260000.nc
cll_CSAM-3_ERA5_evaluation_r1i1p1f1_ICTP_RegCM5-0_v1-r1_1hr_200706260100-200706270000.nc
cll_CSAM-3_ERA5_evaluation_r1i1p1f1_ICTP_RegCM5-0_v1-r1_1hr_200706270100-200706280000.nc
cll_CSAM-3_ERA5_evaluation_r1i1p1f1_ICTP_RegCM5-0_v1-r1_1hr_200706280100-200706290000.nc
cll_CSAM-3_ERA5_evaluation_r1i1p1f1_ICTP_RegCM5-0_v1-r1_1hr_200706290100-200706300000.nc
cll_CSAM-3_ERA5_evaluation_r1i1p1f1_ICTP_RegCM5-0_v1-r1_1hr_200706300100-200707010000.nc
cll_CSAM-3_ERA5_evaluation_r1i1p1f1_ICTP_RegCM5-0_v1-r1_1hr_200707010100-200707020000.nc
cll_CSAM-3_ERA5_evaluation_r1i1p1f1_ICTP_RegCM5-0_v1-r1_1hr_200707020100-200707030000.nc
cll_CSAM-3_ERA5_evaluation_r1i1p1f1_ICTP_RegCM5-0_v1-r1_1hr_200707030100-200707040000.nc
cll_CSAM-3_ERA5_evaluation_r1i1p1f1_ICTP_RegCM5-0_v1-r1_1hr_200707040100-200707050000.nc
cll_CSAM-3_ERA5_evaluation_r1i1p1f1_ICTP_RegCM5-0_v1-r1_1hr_200707050100-200707060000.nc
cll_CSAM-3_ERA5_evaluation_r1i1p1f1_ICTP_RegCM5-0_v1-r1_1hr_200707060100-200707070000.nc
cll_CSAM-3_ERA5_evaluation_r1i1p1f1_ICTP_RegCM5-0_v1-r1_1hr_200707070100-200707080000.nc
cll_CSAM-3_ERA5_evaluation_r1i1p1f1_ICTP_RegCM5-0_v1-r1_1hr_200707080100-200707090000.nc
cll_CSAM-3_ERA5_evaluation_r1i1p1f1_ICTP_RegCM5-0_v1-r1_1hr_200707090100-200707100000.nc
cll_CSAM-3_ERA5_evaluation_r1i1p1f1_ICTP_RegCM5-0_v1-r1_1hr_200707100100-200707110000.nc
cll_CSAM-3_ERA5_evaluation_r1i1p1f1_ICTP_RegCM5-0_v1-r1_1hr_200707110100-200707120000.nc
cll_CSAM-3_ERA5_evaluation_r1i1p1f1_ICTP_RegCM5-0_v1-r1_1hr_200707120100-200707130000.nc
cll_CSAM-3_ERA5_evaluation_r1i1p1f1_ICTP_RegCM5-0_v1-r1_1hr_200707130100-200707140000.nc
cll_CSAM-3_ERA5_evaluation_r1i1p1f1_ICTP_RegCM5-0_v1-r1_1hr_200707140100-200707150000.nc
cll_CSAM-3_ERA5_evaluation_r1i1p1f1_ICTP_RegCM5-0_v1-r1_1hr_200707150100-200707160000.nc
cll_CSAM-3_ERA5_evaluation_r1i1p1f1_ICTP_RegCM5-0_v1-r1_1hr_200707160100-200707170000.nc
cll_CSAM-3_ERA5_evaluation_r1i1p1f1_ICTP_RegCM5-0_v1-r1_1hr_200707170100-200707180000.nc
cll_CSAM-3_ERA5_evaluation_r1i1p1f1_ICTP_RegCM5-0_v1-r1_1hr_200707180100-200707190000.nc
cll_CSAM-3_ERA5_evaluation_r1i1p1f1_ICTP_RegCM5-0_v1-r1_1hr_200707190100-200707200000.nc
cll_CSAM-3_ERA5_evaluation_r1i1p1f1_ICTP_RegCM5-0_v1-r1_1hr_200707200100-200707210000.nc
cll_CSAM-3_ERA5_evaluation_r1i1p1f1_ICTP_RegCM5-0_v1-r1_1hr_200707210100-200707220000.nc
cll_CSAM-3_ERA5_evaluation_r1i1p1f1_ICTP_RegCM5-0_v1-r1_1hr_200707220100-200707230000.nc
cll_CSAM-3_ERA5_evaluation_r1i1p1f1_ICTP_RegCM5-0_v1-r1_1hr_200707230100-200707240000.nc
cll_CSAM-3_ERA5_evaluation_r1i1p1f1_ICTP_RegCM5-0_v1-r1_1hr_200707240100-200707250000.nc
cll_CSAM-3_ERA5_evaluation_r1i1p1f1_ICTP_RegCM5-0_v1-r1_1hr_200707250100-200707260000.nc
cll_CSAM-3_ERA5_evaluation_r1i1p1f1_ICTP_RegCM5-0_v1-r1_1hr_200707260100-200707270000.nc
cll_CSAM-3_ERA5_evaluation_r1i1p1f1_ICTP_RegCM5-0_v1-r1_1hr_200707270100-200707280000.nc
cll_CSAM-3_ERA5_evaluation_r1i1p1f1_ICTP_RegCM5-0_v1-r1_1hr_200707280100-200707290000.nc
cll_CSAM-3_ERA5_evaluation_r1i1p1f1_ICTP_RegCM5-0_v1-r1_1hr_200707290100-200707300000.nc
cll_CSAM-3_ERA5_evaluation_r1i1p1f1_ICTP_RegCM5-0_v1-r1_1hr_200707300100-200707310000.nc
cll_CSAM-3_ERA5_evaluation_r1i1p1f1_ICTP_RegCM5-0_v1-r1_1hr_200707310100-200708010000.nc
cll_CSAM-3_ERA5_evaluation_r1i1p1f1_ICTP_RegCM5-0_v1-r1_1hr_200708010100-200708020000.nc
cll_CSAM-3_ERA5_evaluation_r1i1p1f1_ICTP_RegCM5-0_v1-r1_1hr_200708020100-200708030000.nc
cll_CSAM-3_ERA5_evaluation_r1i1p1f1_ICTP_RegCM5-0_v1-r1_1hr_200708030100-200708040000.nc
cll_CSAM-3_ERA5_evaluation_r1i1p1f1_ICTP_RegCM5-0_v1-r1_1hr_200708040100-200708050000.nc
cll_CSAM-3_ERA5_evaluation_r1i1p1f1_ICTP_RegCM5-0_v1-r1_1hr_200708050100-200708060000.nc
cll_CSAM-3_ERA5_evaluation_r1i1p1f1_ICTP_RegCM5-0_v1-r1_1hr_200708060100-200708070000.nc
cll_CSAM-3_ERA5_evaluation_r1i1p1f1_ICTP_RegCM5-0_v1-r1_1hr_200708070100-200708080000.nc
cll_CSAM-3_ERA5_evaluation_r1i1p1f1_ICTP_RegCM5-0_v1-r1_1hr_200708080100-200708090000.nc
cll_CSAM-3_ERA5_evaluation_r1i1p1f1_ICTP_RegCM5-0_v1-r1_1hr_200708090100-200708100000.nc
cll_CSAM-3_ERA5_evaluation_r1i1p1f1_ICTP_RegCM5-0_v1-r1_1hr_200708100100-200708110000.nc
cll_CSAM-3_ERA5_evaluation_r1i1p1f1_ICTP_RegCM5-0_v1-r1_1hr_200708110100-200708120000.nc
cll_CSAM-3_ERA5_evaluation_r1i1p1f1_ICTP_RegCM5-0_v1-r1_1hr_200708120100-200708130000.nc
cll_CSAM-3_ERA5_evaluation_r1i1p1f1_ICTP_RegCM5-0_v1-r1_1hr_200708130100-200708140000.nc
cll_CSAM-3_ERA5_evaluation_r1i1p1f1_ICTP_RegCM5-0_v1-r1_1hr_200708140100-200708150000.nc
cll_CSAM-3_ERA5_evaluation_r1i1p1f1_ICTP_RegCM5-0_v1-r1_1hr_200708150100-200708160000.nc
cll_CSAM-3_ERA5_evaluation_r1i1p1f1_ICTP_RegCM5-0_v1-r1_1hr_200708160100-200708170000.nc
cll_CSAM-3_ERA5_evaluation_r1i1p1f1_ICTP_RegCM5-0_v1-r1_1hr_200708170100-200708180000.nc
cll_CSAM-3_ERA5_evaluation_r1i1p1f1_ICTP_RegCM5-0_v1-r1_1hr_200708180100-200708190000.nc
cll_CSAM-3_ERA5_evaluation_r1i1p1f1_ICTP_RegCM5-0_v1-r1_1hr_200708190100-200708200000.nc
cll_CSAM-3_ERA5_evaluation_r1i1p1f1_ICTP_RegCM5-0_v1-r1_1hr_200708200100-200708210000.nc
cll_CSAM-3_ERA5_evaluation_r1i1p1f1_ICTP_RegCM5-0_v1-r1_1hr_200708210100-200708220000.nc
cll_CSAM-3_ERA5_evaluation_r1i1p1f1_ICTP_RegCM5-0_v1-r1_1hr_200708220100-200708230000.nc
cll_CSAM-3_ERA5_evaluation_r1i1p1f1_ICTP_RegCM5-0_v1-r1_1hr_200708230100-200708240000.nc
cll_CSAM-3_ERA5_evaluation_r1i1p1f1_ICTP_RegCM5-0_v1-r1_1hr_200708240100-200708250000.nc
cll_CSAM-3_ERA5_evaluation_r1i1p1f1_ICTP_RegCM5-0_v1-r1_1hr_200708250100-200708260000.nc
cll_CSAM-3_ERA5_evaluation_r1i1p1f1_ICTP_RegCM5-0_v1-r1_1hr_200708260100-200708270000.nc
cll_CSAM-3_ERA5_evaluation_r1i1p1f1_ICTP_RegCM5-0_v1-r1_1hr_200708270100-200708280000.nc
cll_CSAM-3_ERA5_evaluation_r1i1p1f1_ICTP_RegCM5-0_v1-r1_1hr_200708280100-200708290000.nc
cll_CSAM-3_ERA5_evaluation_r1i1p1f1_ICTP_RegCM5-0_v1-r1_1hr_200708290100-200708300000.nc
cll_CSAM-3_ERA5_evaluation_r1i1p1f1_ICTP_RegCM5-0_v1-r1_1hr_200708300100-200708310000.nc
cll_CSAM-3_ERA5_evaluation_r1i1p1f1_ICTP_RegCM5-0_v1-r1_1hr_200708310100-200709010000.nc
cll_CSAM-3_ERA5_evaluation_r1i1p1f1_ICTP_RegCM5-0_v1-r1_1hr_200709010100-200709020000.nc
cll_CSAM-3_ERA5_evaluation_r1i1p1f1_ICTP_RegCM5-0_v1-r1_1hr_200709020100-200709030000.nc
cll_CSAM-3_ERA5_evaluation_r1i1p1f1_ICTP_RegCM5-0_v1-r1_1hr_200709030100-200709040000.nc
cll_CSAM-3_ERA5_evaluation_r1i1p1f1_ICTP_RegCM5-0_v1-r1_1hr_200709040100-200709050000.nc
cll_CSAM-3_ERA5_evaluation_r1i1p1f1_ICTP_RegCM5-0_v1-r1_1hr_200709050100-200709060000.nc
cll_CSAM-3_ERA5_evaluation_r1i1p1f1_ICTP_RegCM5-0_v1-r1_1hr_200709060100-200709070000.nc
cll_CSAM-3_ERA5_evaluation_r1i1p1f1_ICTP_RegCM5-0_v1-r1_1hr_200709070100-200709080000.nc
cll_CSAM-3_ERA5_evaluation_r1i1p1f1_ICTP_RegCM5-0_v1-r1_1hr_200709080100-200709090000.nc
cll_CSAM-3_ERA5_evaluation_r1i1p1f1_ICTP_RegCM5-0_v1-r1_1hr_200709090100-200709100000.nc
cll_CSAM-3_ERA5_evaluation_r1i1p1f1_ICTP_RegCM5-0_v1-r1_1hr_200709100100-200709110000.nc
cll_CSAM-3_ERA5_evaluation_r1i1p1f1_ICTP_RegCM5-0_v1-r1_1hr_200709110100-200709120000.nc
cll_CSAM-3_ERA5_evaluation_r1i1p1f1_ICTP_RegCM5-0_v1-r1_1hr_200709120100-200709130000.nc
cll_CSAM-3_ERA5_evaluation_r1i1p1f1_ICTP_RegCM5-0_v1-r1_1hr_200709130100-200709140000.nc
cll_CSAM-3_ERA5_evaluation_r1i1p1f1_ICTP_RegCM5-0_v1-r1_1hr_200709140100-200709150000.nc
cll_CSAM-3_ERA5_evaluation_r1i1p1f1_ICTP_RegCM5-0_v1-r1_1hr_200709150100-200709160000.nc
cll_CSAM-3_ERA5_evaluation_r1i1p1f1_ICTP_RegCM5-0_v1-r1_1hr_200709160100-200709170000.nc
cll_CSAM-3_ERA5_evaluation_r1i1p1f1_ICTP_RegCM5-0_v1-r1_1hr_200709170100-200709180000.nc
cll_CSAM-3_ERA5_evaluation_r1i1p1f1_ICTP_RegCM5-0_v1-r1_1hr_200709180100-200709190000.nc
cll_CSAM-3_ERA5_evaluation_r1i1p1f1_ICTP_RegCM5-0_v1-r1_1hr_200709190100-200709200000.nc
cll_CSAM-3_ERA5_evaluation_r1i1p1f1_ICTP_RegCM5-0_v1-r1_1hr_200709200100-200709210000.nc
cll_CSAM-3_ERA5_evaluation_r1i1p1f1_ICTP_RegCM5-0_v1-r1_1hr_200709210100-200709220000.nc
cll_CSAM-3_ERA5_evaluation_r1i1p1f1_ICTP_RegCM5-0_v1-r1_1hr_200709220100-200709230000.nc
cll_CSAM-3_ERA5_evaluation_r1i1p1f1_ICTP_RegCM5-0_v1-r1_1hr_200709230100-200709240000.nc
cll_CSAM-3_ERA5_evaluation_r1i1p1f1_ICTP_RegCM5-0_v1-r1_1hr_200709240100-200709250000.nc
cll_CSAM-3_ERA5_evaluation_r1i1p1f1_ICTP_RegCM5-0_v1-r1_1hr_200709250100-200709260000.nc
cll_CSAM-3_ERA5_evaluation_r1i1p1f1_ICTP_RegCM5-0_v1-r1_1hr_200709260100-200709270000.nc
cll_CSAM-3_ERA5_evaluation_r1i1p1f1_ICTP_RegCM5-0_v1-r1_1hr_200709270100-200709280000.nc
cll_CSAM-3_ERA5_evaluation_r1i1p1f1_ICTP_RegCM5-0_v1-r1_1hr_200709280100-200709290000.nc
cll_CSAM-3_ERA5_evaluation_r1i1p1f1_ICTP_RegCM5-0_v1-r1_1hr_200709290100-200709300000.nc
cll_CSAM-3_ERA5_evaluation_r1i1p1f1_ICTP_RegCM5-0_v1-r1_1hr_200709300100-200710010000.nc
cll_CSAM-3_ERA5_evaluation_r1i1p1f1_ICTP_RegCM5-0_v1-r1_1hr_200710010100-200710020000.nc
cll_CSAM-3_ERA5_evaluation_r1i1p1f1_ICTP_RegCM5-0_v1-r1_1hr_200710020100-200710030000.nc
cll_CSAM-3_ERA5_evaluation_r1i1p1f1_ICTP_RegCM5-0_v1-r1_1hr_200710030100-200710040000.nc
cll_CSAM-3_ERA5_evaluation_r1i1p1f1_ICTP_RegCM5-0_v1-r1_1hr_200710040100-200710050000.nc
cll_CSAM-3_ERA5_evaluation_r1i1p1f1_ICTP_RegCM5-0_v1-r1_1hr_200710050100-200710060000.nc
cll_CSAM-3_ERA5_evaluation_r1i1p1f1_ICTP_RegCM5-0_v1-r1_1hr_200710060100-200710070000.nc
cll_CSAM-3_ERA5_evaluation_r1i1p1f1_ICTP_RegCM5-0_v1-r1_1hr_200710070100-200710080000.nc
cll_CSAM-3_ERA5_evaluation_r1i1p1f1_ICTP_RegCM5-0_v1-r1_1hr_200710080100-200710090000.nc
cll_CSAM-3_ERA5_evaluation_r1i1p1f1_ICTP_RegCM5-0_v1-r1_1hr_200710090100-200710100000.nc
cll_CSAM-3_ERA5_evaluation_r1i1p1f1_ICTP_RegCM5-0_v1-r1_1hr_200710100100-200710110000.nc
cll_CSAM-3_ERA5_evaluation_r1i1p1f1_ICTP_RegCM5-0_v1-r1_1hr_200710110100-200710120000.nc
cll_CSAM-3_ERA5_evaluation_r1i1p1f1_ICTP_RegCM5-0_v1-r1_1hr_200710120100-200710130000.nc
cll_CSAM-3_ERA5_evaluation_r1i1p1f1_ICTP_RegCM5-0_v1-r1_1hr_200710130100-200710140000.nc
cll_CSAM-3_ERA5_evaluation_r1i1p1f1_ICTP_RegCM5-0_v1-r1_1hr_200710140100-200710150000.nc
cll_CSAM-3_ERA5_evaluation_r1i1p1f1_ICTP_RegCM5-0_v1-r1_1hr_200710150100-200710160000.nc
cll_CSAM-3_ERA5_evaluation_r1i1p1f1_ICTP_RegCM5-0_v1-r1_1hr_200710160100-200710170000.nc
cll_CSAM-3_ERA5_evaluation_r1i1p1f1_ICTP_RegCM5-0_v1-r1_1hr_200710170100-200710180000.nc
cll_CSAM-3_ERA5_evaluation_r1i1p1f1_ICTP_RegCM5-0_v1-r1_1hr_200710180100-200710190000.nc
cll_CSAM-3_ERA5_evaluation_r1i1p1f1_ICTP_RegCM5-0_v1-r1_1hr_200710190100-200710200000.nc
cll_CSAM-3_ERA5_evaluation_r1i1p1f1_ICTP_RegCM5-0_v1-r1_1hr_200710200100-200710210000.nc
cll_CSAM-3_ERA5_evaluation_r1i1p1f1_ICTP_RegCM5-0_v1-r1_1hr_200710210100-200710220000.nc
cll_CSAM-3_ERA5_evaluation_r1i1p1f1_ICTP_RegCM5-0_v1-r1_1hr_200710220100-200710230000.nc
cll_CSAM-3_ERA5_evaluation_r1i1p1f1_ICTP_RegCM5-0_v1-r1_1hr_200710230100-200710240000.nc
cll_CSAM-3_ERA5_evaluation_r1i1p1f1_ICTP_RegCM5-0_v1-r1_1hr_200710240100-200710250000.nc
cll_CSAM-3_ERA5_evaluation_r1i1p1f1_ICTP_RegCM5-0_v1-r1_1hr_200710250100-200710260000.nc
cll_CSAM-3_ERA5_evaluation_r1i1p1f1_ICTP_RegCM5-0_v1-r1_1hr_200710260100-200710270000.nc
cll_CSAM-3_ERA5_evaluation_r1i1p1f1_ICTP_RegCM5-0_v1-r1_1hr_200710270100-200710280000.nc
cll_CSAM-3_ERA5_evaluation_r1i1p1f1_ICTP_RegCM5-0_v1-r1_1hr_200710280100-200710290000.nc
cll_CSAM-3_ERA5_evaluation_r1i1p1f1_ICTP_RegCM5-0_v1-r1_1hr_200710290100-200710300000.nc
cll_CSAM-3_ERA5_evaluation_r1i1p1f1_ICTP_RegCM5-0_v1-r1_1hr_200710300100-200710310000.nc
cll_CSAM-3_ERA5_evaluation_r1i1p1f1_ICTP_RegCM5-0_v1-r1_1hr_200710310100-200711010000.nc
cll_CSAM-3_ERA5_evaluation_r1i1p1f1_ICTP_RegCM5-0_v1-r1_1hr_200711010100-200711020000.nc
cll_CSAM-3_ERA5_evaluation_r1i1p1f1_ICTP_RegCM5-0_v1-r1_1hr_200711020100-200711030000.nc
cll_CSAM-3_ERA5_evaluation_r1i1p1f1_ICTP_RegCM5-0_v1-r1_1hr_200711030100-200711040000.nc
cll_CSAM-3_ERA5_evaluation_r1i1p1f1_ICTP_RegCM5-0_v1-r1_1hr_200711040100-200711050000.nc
cll_CSAM-3_ERA5_evaluation_r1i1p1f1_ICTP_RegCM5-0_v1-r1_1hr_200711050100-200711060000.nc
cll_CSAM-3_ERA5_evaluation_r1i1p1f1_ICTP_RegCM5-0_v1-r1_1hr_200711060100-200711070000.nc
cll_CSAM-3_ERA5_evaluation_r1i1p1f1_ICTP_RegCM5-0_v1-r1_1hr_200711070100-200711080000.nc
cll_CSAM-3_ERA5_evaluation_r1i1p1f1_ICTP_RegCM5-0_v1-r1_1hr_200711080100-200711090000.nc
cll_CSAM-3_ERA5_evaluation_r1i1p1f1_ICTP_RegCM5-0_v1-r1_1hr_200711090100-200711100000.nc
cll_CSAM-3_ERA5_evaluation_r1i1p1f1_ICTP_RegCM5-0_v1-r1_1hr_200711100100-200711110000.nc
cll_CSAM-3_ERA5_evaluation_r1i1p1f1_ICTP_RegCM5-0_v1-r1_1hr_200711110100-200711120000.nc
cll_CSAM-3_ERA5_evaluation_r1i1p1f1_ICTP_RegCM5-0_v1-r1_1hr_200711120100-200711130000.nc
cll_CSAM-3_ERA5_evaluation_r1i1p1f1_ICTP_RegCM5-0_v1-r1_1hr_200711130100-200711140000.nc
cll_CSAM-3_ERA5_evaluation_r1i1p1f1_ICTP_RegCM5-0_v1-r1_1hr_200711140100-200711150000.nc
cll_CSAM-3_ERA5_evaluation_r1i1p1f1_ICTP_RegCM5-0_v1-r1_1hr_200711150100-200711160000.nc
cll_CSAM-3_ERA5_evaluation_r1i1p1f1_ICTP_RegCM5-0_v1-r1_1hr_200711160100-200711170000.nc
cll_CSAM-3_ERA5_evaluation_r1i1p1f1_ICTP_RegCM5-0_v1-r1_1hr_200711170100-200711180000.nc
cll_CSAM-3_ERA5_evaluation_r1i1p1f1_ICTP_RegCM5-0_v1-r1_1hr_200711180100-200711190000.nc
cll_CSAM-3_ERA5_evaluation_r1i1p1f1_ICTP_RegCM5-0_v1-r1_1hr_200711190100-200711200000.nc
cll_CSAM-3_ERA5_evaluation_r1i1p1f1_ICTP_RegCM5-0_v1-r1_1hr_200711200100-200711210000.nc
cll_CSAM-3_ERA5_evaluation_r1i1p1f1_ICTP_RegCM5-0_v1-r1_1hr_200711210100-200711220000.nc
cll_CSAM-3_ERA5_evaluation_r1i1p1f1_ICTP_RegCM5-0_v1-r1_1hr_200711220100-200711230000.nc
cll_CSAM-3_ERA5_evaluation_r1i1p1f1_ICTP_RegCM5-0_v1-r1_1hr_200711230100-200711240000.nc
cll_CSAM-3_ERA5_evaluation_r1i1p1f1_ICTP_RegCM5-0_v1-r1_1hr_200711240100-200711250000.nc
cll_CSAM-3_ERA5_evaluation_r1i1p1f1_ICTP_RegCM5-0_v1-r1_1hr_200711250100-200711260000.nc
cll_CSAM-3_ERA5_evaluation_r1i1p1f1_ICTP_RegCM5-0_v1-r1_1hr_200711260100-200711270000.nc
cll_CSAM-3_ERA5_evaluation_r1i1p1f1_ICTP_RegCM5-0_v1-r1_1hr_200711270100-200711280000.nc
cll_CSAM-3_ERA5_evaluation_r1i1p1f1_ICTP_RegCM5-0_v1-r1_1hr_200711280100-200711290000.nc
cll_CSAM-3_ERA5_evaluation_r1i1p1f1_ICTP_RegCM5-0_v1-r1_1hr_200711290100-200711300000.nc
cll_CSAM-3_ERA5_evaluation_r1i1p1f1_ICTP_RegCM5-0_v1-r1_1hr_200711300100-200712010000.nc
cll_CSAM-3_ERA5_evaluation_r1i1p1f1_ICTP_RegCM5-0_v1-r1_1hr_200712010100-200712020000.nc
cll_CSAM-3_ERA5_evaluation_r1i1p1f1_ICTP_RegCM5-0_v1-r1_1hr_200712020100-200712030000.nc
cll_CSAM-3_ERA5_evaluation_r1i1p1f1_ICTP_RegCM5-0_v1-r1_1hr_200712030100-200712040000.nc
cll_CSAM-3_ERA5_evaluation_r1i1p1f1_ICTP_RegCM5-0_v1-r1_1hr_200712040100-200712050000.nc
cll_CSAM-3_ERA5_evaluation_r1i1p1f1_ICTP_RegCM5-0_v1-r1_1hr_200712050100-200712060000.nc
cll_CSAM-3_ERA5_evaluation_r1i1p1f1_ICTP_RegCM5-0_v1-r1_1hr_200712060100-200712070000.nc
cll_CSAM-3_ERA5_evaluation_r1i1p1f1_ICTP_RegCM5-0_v1-r1_1hr_200712070100-200712080000.nc
cll_CSAM-3_ERA5_evaluation_r1i1p1f1_ICTP_RegCM5-0_v1-r1_1hr_200712080100-200712090000.nc
cll_CSAM-3_ERA5_evaluation_r1i1p1f1_ICTP_RegCM5-0_v1-r1_1hr_200712090100-200712100000.nc
cll_CSAM-3_ERA5_evaluation_r1i1p1f1_ICTP_RegCM5-0_v1-r1_1hr_200712100100-200712110000.nc
cll_CSAM-3_ERA5_evaluation_r1i1p1f1_ICTP_RegCM5-0_v1-r1_1hr_200712110100-200712120000.nc
cll_CSAM-3_ERA5_evaluation_r1i1p1f1_ICTP_RegCM5-0_v1-r1_1hr_200712120100-200712130000.nc
cll_CSAM-3_ERA5_evaluation_r1i1p1f1_ICTP_RegCM5-0_v1-r1_1hr_200712130100-200712140000.nc
cll_CSAM-3_ERA5_evaluation_r1i1p1f1_ICTP_RegCM5-0_v1-r1_1hr_200712140100-200712150000.nc
cll_CSAM-3_ERA5_evaluation_r1i1p1f1_ICTP_RegCM5-0_v1-r1_1hr_200712150100-200712160000.nc
cll_CSAM-3_ERA5_evaluation_r1i1p1f1_ICTP_RegCM5-0_v1-r1_1hr_200712160100-200712170000.nc
cll_CSAM-3_ERA5_evaluation_r1i1p1f1_ICTP_RegCM5-0_v1-r1_1hr_200712170100-200712180000.nc
cll_CSAM-3_ERA5_evaluation_r1i1p1f1_ICTP_RegCM5-0_v1-r1_1hr_200712180100-200712190000.nc
cll_CSAM-3_ERA5_evaluation_r1i1p1f1_ICTP_RegCM5-0_v1-r1_1hr_200712190100-200712200000.nc
cll_CSAM-3_ERA5_evaluation_r1i1p1f1_ICTP_RegCM5-0_v1-r1_1hr_200712200100-200712210000.nc
cll_CSAM-3_ERA5_evaluation_r1i1p1f1_ICTP_RegCM5-0_v1-r1_1hr_200712210100-200712220000.nc
cll_CSAM-3_ERA5_evaluation_r1i1p1f1_ICTP_RegCM5-0_v1-r1_1hr_200712220100-200712230000.nc
cll_CSAM-3_ERA5_evaluation_r1i1p1f1_ICTP_RegCM5-0_v1-r1_1hr_200712230100-200712240000.nc
cll_CSAM-3_ERA5_evaluation_r1i1p1f1_ICTP_RegCM5-0_v1-r1_1hr_200712240100-200712250000.nc
cll_CSAM-3_ERA5_evaluation_r1i1p1f1_ICTP_RegCM5-0_v1-r1_1hr_200712250100-200712260000.nc
cll_CSAM-3_ERA5_evaluation_r1i1p1f1_ICTP_RegCM5-0_v1-r1_1hr_200712260100-200712270000.nc
cll_CSAM-3_ERA5_evaluation_r1i1p1f1_ICTP_RegCM5-0_v1-r1_1hr_200712270100-200712280000.nc
cll_CSAM-3_ERA5_evaluation_r1i1p1f1_ICTP_RegCM5-0_v1-r1_1hr_200712280100-200712290000.nc
cll_CSAM-3_ERA5_evaluation_r1i1p1f1_ICTP_RegCM5-0_v1-r1_1hr_200712290100-200712300000.nc
cll_CSAM-3_ERA5_evaluation_r1i1p1f1_ICTP_RegCM5-0_v1-r1_1hr_200712300100-200712310000.nc
cll_CSAM-3_ERA5_evaluation_r1i1p1f1_ICTP_RegCM5-0_v1-r1_1hr_200712310100-200801010000.nc
Files: clm_CSAM-3_ERA5_evaluation_r1i1p1f1_ICTP_RegCM5-0_v1-r1_1hr_200701010100-200701020000.nc
clm_CSAM-3_ERA5_evaluation_r1i1p1f1_ICTP_RegCM5-0_v1-r1_1hr_200701020100-200701030000.nc
clm_CSAM-3_ERA5_evaluation_r1i1p1f1_ICTP_RegCM5-0_v1-r1_1hr_200701030100-200701040000.nc
clm_CSAM-3_ERA5_evaluation_r1i1p1f1_ICTP_RegCM5-0_v1-r1_1hr_200701040100-200701050000.nc
clm_CSAM-3_ERA5_evaluation_r1i1p1f1_ICTP_RegCM5-0_v1-r1_1hr_200701050100-200701060000.nc
clm_CSAM-3_ERA5_evaluation_r1i1p1f1_ICTP_RegCM5-0_v1-r1_1hr_200701060100-200701070000.nc
clm_CSAM-3_ERA5_evaluation_r1i1p1f1_ICTP_RegCM5-0_v1-r1_1hr_200701070100-200701080000.nc
clm_CSAM-3_ERA5_evaluation_r1i1p1f1_ICTP_RegCM5-0_v1-r1_1hr_200701080100-200701090000.nc
clm_CSAM-3_ERA5_evaluation_r1i1p1f1_ICTP_RegCM5-0_v1-r1_1hr_200701090100-200701100000.nc
clm_CSAM-3_ERA5_evaluation_r1i1p1f1_ICTP_RegCM5-0_v1-r1_1hr_200701100100-200701110000.nc
clm_CSAM-3_ERA5_evaluation_r1i1p1f1_ICTP_RegCM5-0_v1-r1_1hr_200701110100-200701120000.nc
clm_CSAM-3_ERA5_evaluation_r1i1p1f1_ICTP_RegCM5-0_v1-r1_1hr_200701120100-200701130000.nc
clm_CSAM-3_ERA5_evaluation_r1i1p1f1_ICTP_RegCM5-0_v1-r1_1hr_200701130100-200701140000.nc
clm_CSAM-3_ERA5_evaluation_r1i1p1f1_ICTP_RegCM5-0_v1-r1_1hr_200701140100-200701150000.nc
clm_CSAM-3_ERA5_evaluation_r1i1p1f1_ICTP_RegCM5-0_v1-r1_1hr_200701150100-200701160000.nc
clm_CSAM-3_ERA5_evaluation_r1i1p1f1_ICTP_RegCM5-0_v1-r1_1hr_200701160100-200701170000.nc
clm_CSAM-3_ERA5_evaluation_r1i1p1f1_ICTP_RegCM5-0_v1-r1_1hr_200701170100-200701180000.nc
clm_CSAM-3_ERA5_evaluation_r1i1p1f1_ICTP_RegCM5-0_v1-r1_1hr_200701180100-200701190000.nc
clm_CSAM-3_ERA5_evaluation_r1i1p1f1_ICTP_RegCM5-0_v1-r1_1hr_200701190100-200701200000.nc
clm_CSAM-3_ERA5_evaluation_r1i1p1f1_ICTP_RegCM5-0_v1-r1_1hr_200701200100-200701210000.nc
clm_CSAM-3_ERA5_evaluation_r1i1p1f1_ICTP_RegCM5-0_v1-r1_1hr_200701210100-200701220000.nc
clm_CSAM-3_ERA5_evaluation_r1i1p1f1_ICTP_RegCM5-0_v1-r1_1hr_200701220100-200701230000.nc
clm_CSAM-3_ERA5_evaluation_r1i1p1f1_ICTP_RegCM5-0_v1-r1_1hr_200701230100-200701240000.nc
clm_CSAM-3_ERA5_evaluation_r1i1p1f1_ICTP_RegCM5-0_v1-r1_1hr_200701240100-200701250000.nc
clm_CSAM-3_ERA5_evaluation_r1i1p1f1_ICTP_RegCM5-0_v1-r1_1hr_200701250100-200701260000.nc
clm_CSAM-3_ERA5_evaluation_r1i1p1f1_ICTP_RegCM5-0_v1-r1_1hr_200701260100-200701270000.nc
clm_CSAM-3_ERA5_evaluation_r1i1p1f1_ICTP_RegCM5-0_v1-r1_1hr_200701270100-200701280000.nc
clm_CSAM-3_ERA5_evaluation_r1i1p1f1_ICTP_RegCM5-0_v1-r1_1hr_200701280100-200701290000.nc
clm_CSAM-3_ERA5_evaluation_r1i1p1f1_ICTP_RegCM5-0_v1-r1_1hr_200701290100-200701300000.nc
clm_CSAM-3_ERA5_evaluation_r1i1p1f1_ICTP_RegCM5-0_v1-r1_1hr_200701300100-200701310000.nc
clm_CSAM-3_ERA5_evaluation_r1i1p1f1_ICTP_RegCM5-0_v1-r1_1hr_200701310100-200702010000.nc
clm_CSAM-3_ERA5_evaluation_r1i1p1f1_ICTP_RegCM5-0_v1-r1_1hr_200702010100-200702020000.nc
clm_CSAM-3_ERA5_evaluation_r1i1p1f1_ICTP_RegCM5-0_v1-r1_1hr_200702020100-200702030000.nc
clm_CSAM-3_ERA5_evaluation_r1i1p1f1_ICTP_RegCM5-0_v1-r1_1hr_200702030100-200702040000.nc
clm_CSAM-3_ERA5_evaluation_r1i1p1f1_ICTP_RegCM5-0_v1-r1_1hr_200702040100-200702050000.nc
clm_CSAM-3_ERA5_evaluation_r1i1p1f1_ICTP_RegCM5-0_v1-r1_1hr_200702050100-200702060000.nc
clm_CSAM-3_ERA5_evaluation_r1i1p1f1_ICTP_RegCM5-0_v1-r1_1hr_200702060100-200702070000.nc
clm_CSAM-3_ERA5_evaluation_r1i1p1f1_ICTP_RegCM5-0_v1-r1_1hr_200702070100-200702080000.nc
clm_CSAM-3_ERA5_evaluation_r1i1p1f1_ICTP_RegCM5-0_v1-r1_1hr_200702080100-200702090000.nc
clm_CSAM-3_ERA5_evaluation_r1i1p1f1_ICTP_RegCM5-0_v1-r1_1hr_200702090100-200702100000.nc
clm_CSAM-3_ERA5_evaluation_r1i1p1f1_ICTP_RegCM5-0_v1-r1_1hr_200702100100-200702110000.nc
clm_CSAM-3_ERA5_evaluation_r1i1p1f1_ICTP_RegCM5-0_v1-r1_1hr_200702110100-200702120000.nc
clm_CSAM-3_ERA5_evaluation_r1i1p1f1_ICTP_RegCM5-0_v1-r1_1hr_200702120100-200702130000.nc
clm_CSAM-3_ERA5_evaluation_r1i1p1f1_ICTP_RegCM5-0_v1-r1_1hr_200702130100-200702140000.nc
clm_CSAM-3_ERA5_evaluation_r1i1p1f1_ICTP_RegCM5-0_v1-r1_1hr_200702140100-200702150000.nc
clm_CSAM-3_ERA5_evaluation_r1i1p1f1_ICTP_RegCM5-0_v1-r1_1hr_200702150100-200702160000.nc
clm_CSAM-3_ERA5_evaluation_r1i1p1f1_ICTP_RegCM5-0_v1-r1_1hr_200702160100-200702170000.nc
clm_CSAM-3_ERA5_evaluation_r1i1p1f1_ICTP_RegCM5-0_v1-r1_1hr_200702170100-200702180000.nc
clm_CSAM-3_ERA5_evaluation_r1i1p1f1_ICTP_RegCM5-0_v1-r1_1hr_200702180100-200702190000.nc
clm_CSAM-3_ERA5_evaluation_r1i1p1f1_ICTP_RegCM5-0_v1-r1_1hr_200702190100-200702200000.nc
clm_CSAM-3_ERA5_evaluation_r1i1p1f1_ICTP_RegCM5-0_v1-r1_1hr_200702200100-200702210000.nc
clm_CSAM-3_ERA5_evaluation_r1i1p1f1_ICTP_RegCM5-0_v1-r1_1hr_200702210100-200702220000.nc
clm_CSAM-3_ERA5_evaluation_r1i1p1f1_ICTP_RegCM5-0_v1-r1_1hr_200702220100-200702230000.nc
clm_CSAM-3_ERA5_evaluation_r1i1p1f1_ICTP_RegCM5-0_v1-r1_1hr_200702230100-200702240000.nc
clm_CSAM-3_ERA5_evaluation_r1i1p1f1_ICTP_RegCM5-0_v1-r1_1hr_200702240100-200702250000.nc
clm_CSAM-3_ERA5_evaluation_r1i1p1f1_ICTP_RegCM5-0_v1-r1_1hr_200702250100-200702260000.nc
clm_CSAM-3_ERA5_evaluation_r1i1p1f1_ICTP_RegCM5-0_v1-r1_1hr_200702260100-200702270000.nc
clm_CSAM-3_ERA5_evaluation_r1i1p1f1_ICTP_RegCM5-0_v1-r1_1hr_200702270100-200702280000.nc
clm_CSAM-3_ERA5_evaluation_r1i1p1f1_ICTP_RegCM5-0_v1-r1_1hr_200702280100-200703010000.nc
clm_CSAM-3_ERA5_evaluation_r1i1p1f1_ICTP_RegCM5-0_v1-r1_1hr_200703010100-200703020000.nc
clm_CSAM-3_ERA5_evaluation_r1i1p1f1_ICTP_RegCM5-0_v1-r1_1hr_200703020100-200703030000.nc
clm_CSAM-3_ERA5_evaluation_r1i1p1f1_ICTP_RegCM5-0_v1-r1_1hr_200703030100-200703040000.nc
clm_CSAM-3_ERA5_evaluation_r1i1p1f1_ICTP_RegCM5-0_v1-r1_1hr_200703040100-200703050000.nc
clm_CSAM-3_ERA5_evaluation_r1i1p1f1_ICTP_RegCM5-0_v1-r1_1hr_200703050100-200703060000.nc
clm_CSAM-3_ERA5_evaluation_r1i1p1f1_ICTP_RegCM5-0_v1-r1_1hr_200703060100-200703070000.nc
clm_CSAM-3_ERA5_evaluation_r1i1p1f1_ICTP_RegCM5-0_v1-r1_1hr_200703070100-200703080000.nc
clm_CSAM-3_ERA5_evaluation_r1i1p1f1_ICTP_RegCM5-0_v1-r1_1hr_200703080100-200703090000.nc
clm_CSAM-3_ERA5_evaluation_r1i1p1f1_ICTP_RegCM5-0_v1-r1_1hr_200703090100-200703100000.nc
clm_CSAM-3_ERA5_evaluation_r1i1p1f1_ICTP_RegCM5-0_v1-r1_1hr_200703100100-200703110000.nc
clm_CSAM-3_ERA5_evaluation_r1i1p1f1_ICTP_RegCM5-0_v1-r1_1hr_200703110100-200703120000.nc
clm_CSAM-3_ERA5_evaluation_r1i1p1f1_ICTP_RegCM5-0_v1-r1_1hr_200703120100-200703130000.nc
clm_CSAM-3_ERA5_evaluation_r1i1p1f1_ICTP_RegCM5-0_v1-r1_1hr_200703130100-200703140000.nc
clm_CSAM-3_ERA5_evaluation_r1i1p1f1_ICTP_RegCM5-0_v1-r1_1hr_200703140100-200703150000.nc
clm_CSAM-3_ERA5_evaluation_r1i1p1f1_ICTP_RegCM5-0_v1-r1_1hr_200703150100-200703160000.nc
clm_CSAM-3_ERA5_evaluation_r1i1p1f1_ICTP_RegCM5-0_v1-r1_1hr_200703160100-200703170000.nc
clm_CSAM-3_ERA5_evaluation_r1i1p1f1_ICTP_RegCM5-0_v1-r1_1hr_200703170100-200703180000.nc
clm_CSAM-3_ERA5_evaluation_r1i1p1f1_ICTP_RegCM5-0_v1-r1_1hr_200703180100-200703190000.nc
clm_CSAM-3_ERA5_evaluation_r1i1p1f1_ICTP_RegCM5-0_v1-r1_1hr_200703190100-200703200000.nc
clm_CSAM-3_ERA5_evaluation_r1i1p1f1_ICTP_RegCM5-0_v1-r1_1hr_200703200100-200703210000.nc
clm_CSAM-3_ERA5_evaluation_r1i1p1f1_ICTP_RegCM5-0_v1-r1_1hr_200703210100-200703220000.nc
clm_CSAM-3_ERA5_evaluation_r1i1p1f1_ICTP_RegCM5-0_v1-r1_1hr_200703220100-200703230000.nc
clm_CSAM-3_ERA5_evaluation_r1i1p1f1_ICTP_RegCM5-0_v1-r1_1hr_200703230100-200703240000.nc
clm_CSAM-3_ERA5_evaluation_r1i1p1f1_ICTP_RegCM5-0_v1-r1_1hr_200703240100-200703250000.nc
clm_CSAM-3_ERA5_evaluation_r1i1p1f1_ICTP_RegCM5-0_v1-r1_1hr_200703250100-200703260000.nc
clm_CSAM-3_ERA5_evaluation_r1i1p1f1_ICTP_RegCM5-0_v1-r1_1hr_200703260100-200703270000.nc
clm_CSAM-3_ERA5_evaluation_r1i1p1f1_ICTP_RegCM5-0_v1-r1_1hr_200703270100-200703280000.nc
clm_CSAM-3_ERA5_evaluation_r1i1p1f1_ICTP_RegCM5-0_v1-r1_1hr_200703280100-200703290000.nc
clm_CSAM-3_ERA5_evaluation_r1i1p1f1_ICTP_RegCM5-0_v1-r1_1hr_200703290100-200703300000.nc
clm_CSAM-3_ERA5_evaluation_r1i1p1f1_ICTP_RegCM5-0_v1-r1_1hr_200703300100-200703310000.nc
clm_CSAM-3_ERA5_evaluation_r1i1p1f1_ICTP_RegCM5-0_v1-r1_1hr_200703310100-200704010000.nc
clm_CSAM-3_ERA5_evaluation_r1i1p1f1_ICTP_RegCM5-0_v1-r1_1hr_200704010100-200704020000.nc
clm_CSAM-3_ERA5_evaluation_r1i1p1f1_ICTP_RegCM5-0_v1-r1_1hr_200704020100-200704030000.nc
clm_CSAM-3_ERA5_evaluation_r1i1p1f1_ICTP_RegCM5-0_v1-r1_1hr_200704030100-200704040000.nc
clm_CSAM-3_ERA5_evaluation_r1i1p1f1_ICTP_RegCM5-0_v1-r1_1hr_200704040100-200704050000.nc
clm_CSAM-3_ERA5_evaluation_r1i1p1f1_ICTP_RegCM5-0_v1-r1_1hr_200704050100-200704060000.nc
clm_CSAM-3_ERA5_evaluation_r1i1p1f1_ICTP_RegCM5-0_v1-r1_1hr_200704060100-200704070000.nc
clm_CSAM-3_ERA5_evaluation_r1i1p1f1_ICTP_RegCM5-0_v1-r1_1hr_200704070100-200704080000.nc
clm_CSAM-3_ERA5_evaluation_r1i1p1f1_ICTP_RegCM5-0_v1-r1_1hr_200704080100-200704090000.nc
clm_CSAM-3_ERA5_evaluation_r1i1p1f1_ICTP_RegCM5-0_v1-r1_1hr_200704090100-200704100000.nc
clm_CSAM-3_ERA5_evaluation_r1i1p1f1_ICTP_RegCM5-0_v1-r1_1hr_200704100100-200704110000.nc
clm_CSAM-3_ERA5_evaluation_r1i1p1f1_ICTP_RegCM5-0_v1-r1_1hr_200704110100-200704120000.nc
clm_CSAM-3_ERA5_evaluation_r1i1p1f1_ICTP_RegCM5-0_v1-r1_1hr_200704120100-200704130000.nc
clm_CSAM-3_ERA5_evaluation_r1i1p1f1_ICTP_RegCM5-0_v1-r1_1hr_200704130100-200704140000.nc
clm_CSAM-3_ERA5_evaluation_r1i1p1f1_ICTP_RegCM5-0_v1-r1_1hr_200704140100-200704150000.nc
clm_CSAM-3_ERA5_evaluation_r1i1p1f1_ICTP_RegCM5-0_v1-r1_1hr_200704150100-200704160000.nc
clm_CSAM-3_ERA5_evaluation_r1i1p1f1_ICTP_RegCM5-0_v1-r1_1hr_200704160100-200704170000.nc
clm_CSAM-3_ERA5_evaluation_r1i1p1f1_ICTP_RegCM5-0_v1-r1_1hr_200704170100-200704180000.nc
clm_CSAM-3_ERA5_evaluation_r1i1p1f1_ICTP_RegCM5-0_v1-r1_1hr_200704180100-200704190000.nc
clm_CSAM-3_ERA5_evaluation_r1i1p1f1_ICTP_RegCM5-0_v1-r1_1hr_200704190100-200704200000.nc
clm_CSAM-3_ERA5_evaluation_r1i1p1f1_ICTP_RegCM5-0_v1-r1_1hr_200704200100-200704210000.nc
clm_CSAM-3_ERA5_evaluation_r1i1p1f1_ICTP_RegCM5-0_v1-r1_1hr_200704210100-200704220000.nc
clm_CSAM-3_ERA5_evaluation_r1i1p1f1_ICTP_RegCM5-0_v1-r1_1hr_200704220100-200704230000.nc
clm_CSAM-3_ERA5_evaluation_r1i1p1f1_ICTP_RegCM5-0_v1-r1_1hr_200704230100-200704240000.nc
clm_CSAM-3_ERA5_evaluation_r1i1p1f1_ICTP_RegCM5-0_v1-r1_1hr_200704240100-200704250000.nc
clm_CSAM-3_ERA5_evaluation_r1i1p1f1_ICTP_RegCM5-0_v1-r1_1hr_200704250100-200704260000.nc
clm_CSAM-3_ERA5_evaluation_r1i1p1f1_ICTP_RegCM5-0_v1-r1_1hr_200704260100-200704270000.nc
clm_CSAM-3_ERA5_evaluation_r1i1p1f1_ICTP_RegCM5-0_v1-r1_1hr_200704270100-200704280000.nc
clm_CSAM-3_ERA5_evaluation_r1i1p1f1_ICTP_RegCM5-0_v1-r1_1hr_200704280100-200704290000.nc
clm_CSAM-3_ERA5_evaluation_r1i1p1f1_ICTP_RegCM5-0_v1-r1_1hr_200704290100-200704300000.nc
clm_CSAM-3_ERA5_evaluation_r1i1p1f1_ICTP_RegCM5-0_v1-r1_1hr_200704300100-200705010000.nc
clm_CSAM-3_ERA5_evaluation_r1i1p1f1_ICTP_RegCM5-0_v1-r1_1hr_200705010100-200705020000.nc
clm_CSAM-3_ERA5_evaluation_r1i1p1f1_ICTP_RegCM5-0_v1-r1_1hr_200705020100-200705030000.nc
clm_CSAM-3_ERA5_evaluation_r1i1p1f1_ICTP_RegCM5-0_v1-r1_1hr_200705030100-200705040000.nc
clm_CSAM-3_ERA5_evaluation_r1i1p1f1_ICTP_RegCM5-0_v1-r1_1hr_200705040100-200705050000.nc
clm_CSAM-3_ERA5_evaluation_r1i1p1f1_ICTP_RegCM5-0_v1-r1_1hr_200705050100-200705060000.nc
clm_CSAM-3_ERA5_evaluation_r1i1p1f1_ICTP_RegCM5-0_v1-r1_1hr_200705060100-200705070000.nc
clm_CSAM-3_ERA5_evaluation_r1i1p1f1_ICTP_RegCM5-0_v1-r1_1hr_200705070100-200705080000.nc
clm_CSAM-3_ERA5_evaluation_r1i1p1f1_ICTP_RegCM5-0_v1-r1_1hr_200705080100-200705090000.nc
clm_CSAM-3_ERA5_evaluation_r1i1p1f1_ICTP_RegCM5-0_v1-r1_1hr_200705090100-200705100000.nc
clm_CSAM-3_ERA5_evaluation_r1i1p1f1_ICTP_RegCM5-0_v1-r1_1hr_200705100100-200705110000.nc
clm_CSAM-3_ERA5_evaluation_r1i1p1f1_ICTP_RegCM5-0_v1-r1_1hr_200705110100-200705120000.nc
clm_CSAM-3_ERA5_evaluation_r1i1p1f1_ICTP_RegCM5-0_v1-r1_1hr_200705120100-200705130000.nc
clm_CSAM-3_ERA5_evaluation_r1i1p1f1_ICTP_RegCM5-0_v1-r1_1hr_200705130100-200705140000.nc
clm_CSAM-3_ERA5_evaluation_r1i1p1f1_ICTP_RegCM5-0_v1-r1_1hr_200705140100-200705150000.nc
clm_CSAM-3_ERA5_evaluation_r1i1p1f1_ICTP_RegCM5-0_v1-r1_1hr_200705150100-200705160000.nc
clm_CSAM-3_ERA5_evaluation_r1i1p1f1_ICTP_RegCM5-0_v1-r1_1hr_200705160100-200705170000.nc
clm_CSAM-3_ERA5_evaluation_r1i1p1f1_ICTP_RegCM5-0_v1-r1_1hr_200705170100-200705180000.nc
clm_CSAM-3_ERA5_evaluation_r1i1p1f1_ICTP_RegCM5-0_v1-r1_1hr_200705180100-200705190000.nc
clm_CSAM-3_ERA5_evaluation_r1i1p1f1_ICTP_RegCM5-0_v1-r1_1hr_200705190100-200705200000.nc
clm_CSAM-3_ERA5_evaluation_r1i1p1f1_ICTP_RegCM5-0_v1-r1_1hr_200705200100-200705210000.nc
clm_CSAM-3_ERA5_evaluation_r1i1p1f1_ICTP_RegCM5-0_v1-r1_1hr_200705210100-200705220000.nc
clm_CSAM-3_ERA5_evaluation_r1i1p1f1_ICTP_RegCM5-0_v1-r1_1hr_200705220100-200705230000.nc
clm_CSAM-3_ERA5_evaluation_r1i1p1f1_ICTP_RegCM5-0_v1-r1_1hr_200705230100-200705240000.nc
clm_CSAM-3_ERA5_evaluation_r1i1p1f1_ICTP_RegCM5-0_v1-r1_1hr_200705240100-200705250000.nc
clm_CSAM-3_ERA5_evaluation_r1i1p1f1_ICTP_RegCM5-0_v1-r1_1hr_200705250100-200705260000.nc
clm_CSAM-3_ERA5_evaluation_r1i1p1f1_ICTP_RegCM5-0_v1-r1_1hr_200705260100-200705270000.nc
clm_CSAM-3_ERA5_evaluation_r1i1p1f1_ICTP_RegCM5-0_v1-r1_1hr_200705270100-200705280000.nc
clm_CSAM-3_ERA5_evaluation_r1i1p1f1_ICTP_RegCM5-0_v1-r1_1hr_200705280100-200705290000.nc
clm_CSAM-3_ERA5_evaluation_r1i1p1f1_ICTP_RegCM5-0_v1-r1_1hr_200705290100-200705300000.nc
clm_CSAM-3_ERA5_evaluation_r1i1p1f1_ICTP_RegCM5-0_v1-r1_1hr_200705300100-200705310000.nc
clm_CSAM-3_ERA5_evaluation_r1i1p1f1_ICTP_RegCM5-0_v1-r1_1hr_200705310100-200706010000.nc
clm_CSAM-3_ERA5_evaluation_r1i1p1f1_ICTP_RegCM5-0_v1-r1_1hr_200706010100-200706020000.nc
clm_CSAM-3_ERA5_evaluation_r1i1p1f1_ICTP_RegCM5-0_v1-r1_1hr_200706020100-200706030000.nc
clm_CSAM-3_ERA5_evaluation_r1i1p1f1_ICTP_RegCM5-0_v1-r1_1hr_200706030100-200706040000.nc
clm_CSAM-3_ERA5_evaluation_r1i1p1f1_ICTP_RegCM5-0_v1-r1_1hr_200706040100-200706050000.nc
clm_CSAM-3_ERA5_evaluation_r1i1p1f1_ICTP_RegCM5-0_v1-r1_1hr_200706050100-200706060000.nc
clm_CSAM-3_ERA5_evaluation_r1i1p1f1_ICTP_RegCM5-0_v1-r1_1hr_200706060100-200706070000.nc
clm_CSAM-3_ERA5_evaluation_r1i1p1f1_ICTP_RegCM5-0_v1-r1_1hr_200706070100-200706080000.nc
clm_CSAM-3_ERA5_evaluation_r1i1p1f1_ICTP_RegCM5-0_v1-r1_1hr_200706080100-200706090000.nc
clm_CSAM-3_ERA5_evaluation_r1i1p1f1_ICTP_RegCM5-0_v1-r1_1hr_200706090100-200706100000.nc
clm_CSAM-3_ERA5_evaluation_r1i1p1f1_ICTP_RegCM5-0_v1-r1_1hr_200706100100-200706110000.nc
clm_CSAM-3_ERA5_evaluation_r1i1p1f1_ICTP_RegCM5-0_v1-r1_1hr_200706110100-200706120000.nc
clm_CSAM-3_ERA5_evaluation_r1i1p1f1_ICTP_RegCM5-0_v1-r1_1hr_200706120100-200706130000.nc
clm_CSAM-3_ERA5_evaluation_r1i1p1f1_ICTP_RegCM5-0_v1-r1_1hr_200706130100-200706140000.nc
clm_CSAM-3_ERA5_evaluation_r1i1p1f1_ICTP_RegCM5-0_v1-r1_1hr_200706140100-200706150000.nc
clm_CSAM-3_ERA5_evaluation_r1i1p1f1_ICTP_RegCM5-0_v1-r1_1hr_200706150100-200706160000.nc
clm_CSAM-3_ERA5_evaluation_r1i1p1f1_ICTP_RegCM5-0_v1-r1_1hr_200706160100-200706170000.nc
clm_CSAM-3_ERA5_evaluation_r1i1p1f1_ICTP_RegCM5-0_v1-r1_1hr_200706170100-200706180000.nc
clm_CSAM-3_ERA5_evaluation_r1i1p1f1_ICTP_RegCM5-0_v1-r1_1hr_200706180100-200706190000.nc
clm_CSAM-3_ERA5_evaluation_r1i1p1f1_ICTP_RegCM5-0_v1-r1_1hr_200706190100-200706200000.nc
clm_CSAM-3_ERA5_evaluation_r1i1p1f1_ICTP_RegCM5-0_v1-r1_1hr_200706200100-200706210000.nc
clm_CSAM-3_ERA5_evaluation_r1i1p1f1_ICTP_RegCM5-0_v1-r1_1hr_200706210100-200706220000.nc
clm_CSAM-3_ERA5_evaluation_r1i1p1f1_ICTP_RegCM5-0_v1-r1_1hr_200706220100-200706230000.nc
clm_CSAM-3_ERA5_evaluation_r1i1p1f1_ICTP_RegCM5-0_v1-r1_1hr_200706230100-200706240000.nc
clm_CSAM-3_ERA5_evaluation_r1i1p1f1_ICTP_RegCM5-0_v1-r1_1hr_200706240100-200706250000.nc
clm_CSAM-3_ERA5_evaluation_r1i1p1f1_ICTP_RegCM5-0_v1-r1_1hr_200706250100-200706260000.nc
clm_CSAM-3_ERA5_evaluation_r1i1p1f1_ICTP_RegCM5-0_v1-r1_1hr_200706260100-200706270000.nc
clm_CSAM-3_ERA5_evaluation_r1i1p1f1_ICTP_RegCM5-0_v1-r1_1hr_200706270100-200706280000.nc
clm_CSAM-3_ERA5_evaluation_r1i1p1f1_ICTP_RegCM5-0_v1-r1_1hr_200706280100-200706290000.nc
clm_CSAM-3_ERA5_evaluation_r1i1p1f1_ICTP_RegCM5-0_v1-r1_1hr_200706290100-200706300000.nc
clm_CSAM-3_ERA5_evaluation_r1i1p1f1_ICTP_RegCM5-0_v1-r1_1hr_200706300100-200707010000.nc
clm_CSAM-3_ERA5_evaluation_r1i1p1f1_ICTP_RegCM5-0_v1-r1_1hr_200707010100-200707020000.nc
clm_CSAM-3_ERA5_evaluation_r1i1p1f1_ICTP_RegCM5-0_v1-r1_1hr_200707020100-200707030000.nc
clm_CSAM-3_ERA5_evaluation_r1i1p1f1_ICTP_RegCM5-0_v1-r1_1hr_200707030100-200707040000.nc
clm_CSAM-3_ERA5_evaluation_r1i1p1f1_ICTP_RegCM5-0_v1-r1_1hr_200707040100-200707050000.nc
clm_CSAM-3_ERA5_evaluation_r1i1p1f1_ICTP_RegCM5-0_v1-r1_1hr_200707050100-200707060000.nc
clm_CSAM-3_ERA5_evaluation_r1i1p1f1_ICTP_RegCM5-0_v1-r1_1hr_200707060100-200707070000.nc
clm_CSAM-3_ERA5_evaluation_r1i1p1f1_ICTP_RegCM5-0_v1-r1_1hr_200707070100-200707080000.nc
clm_CSAM-3_ERA5_evaluation_r1i1p1f1_ICTP_RegCM5-0_v1-r1_1hr_200707080100-200707090000.nc
clm_CSAM-3_ERA5_evaluation_r1i1p1f1_ICTP_RegCM5-0_v1-r1_1hr_200707090100-200707100000.nc
clm_CSAM-3_ERA5_evaluation_r1i1p1f1_ICTP_RegCM5-0_v1-r1_1hr_200707100100-200707110000.nc
clm_CSAM-3_ERA5_evaluation_r1i1p1f1_ICTP_RegCM5-0_v1-r1_1hr_200707110100-200707120000.nc
clm_CSAM-3_ERA5_evaluation_r1i1p1f1_ICTP_RegCM5-0_v1-r1_1hr_200707120100-200707130000.nc
clm_CSAM-3_ERA5_evaluation_r1i1p1f1_ICTP_RegCM5-0_v1-r1_1hr_200707130100-200707140000.nc
clm_CSAM-3_ERA5_evaluation_r1i1p1f1_ICTP_RegCM5-0_v1-r1_1hr_200707140100-200707150000.nc
clm_CSAM-3_ERA5_evaluation_r1i1p1f1_ICTP_RegCM5-0_v1-r1_1hr_200707150100-200707160000.nc
clm_CSAM-3_ERA5_evaluation_r1i1p1f1_ICTP_RegCM5-0_v1-r1_1hr_200707160100-200707170000.nc
clm_CSAM-3_ERA5_evaluation_r1i1p1f1_ICTP_RegCM5-0_v1-r1_1hr_200707170100-200707180000.nc
clm_CSAM-3_ERA5_evaluation_r1i1p1f1_ICTP_RegCM5-0_v1-r1_1hr_200707180100-200707190000.nc
clm_CSAM-3_ERA5_evaluation_r1i1p1f1_ICTP_RegCM5-0_v1-r1_1hr_200707190100-200707200000.nc
clm_CSAM-3_ERA5_evaluation_r1i1p1f1_ICTP_RegCM5-0_v1-r1_1hr_200707200100-200707210000.nc
clm_CSAM-3_ERA5_evaluation_r1i1p1f1_ICTP_RegCM5-0_v1-r1_1hr_200707210100-200707220000.nc
clm_CSAM-3_ERA5_evaluation_r1i1p1f1_ICTP_RegCM5-0_v1-r1_1hr_200707220100-200707230000.nc
clm_CSAM-3_ERA5_evaluation_r1i1p1f1_ICTP_RegCM5-0_v1-r1_1hr_200707230100-200707240000.nc
clm_CSAM-3_ERA5_evaluation_r1i1p1f1_ICTP_RegCM5-0_v1-r1_1hr_200707240100-200707250000.nc
clm_CSAM-3_ERA5_evaluation_r1i1p1f1_ICTP_RegCM5-0_v1-r1_1hr_200707250100-200707260000.nc
clm_CSAM-3_ERA5_evaluation_r1i1p1f1_ICTP_RegCM5-0_v1-r1_1hr_200707260100-200707270000.nc
clm_CSAM-3_ERA5_evaluation_r1i1p1f1_ICTP_RegCM5-0_v1-r1_1hr_200707270100-200707280000.nc
clm_CSAM-3_ERA5_evaluation_r1i1p1f1_ICTP_RegCM5-0_v1-r1_1hr_200707280100-200707290000.nc
clm_CSAM-3_ERA5_evaluation_r1i1p1f1_ICTP_RegCM5-0_v1-r1_1hr_200707290100-200707300000.nc
clm_CSAM-3_ERA5_evaluation_r1i1p1f1_ICTP_RegCM5-0_v1-r1_1hr_200707300100-200707310000.nc
clm_CSAM-3_ERA5_evaluation_r1i1p1f1_ICTP_RegCM5-0_v1-r1_1hr_200707310100-200708010000.nc
clm_CSAM-3_ERA5_evaluation_r1i1p1f1_ICTP_RegCM5-0_v1-r1_1hr_200708010100-200708020000.nc
clm_CSAM-3_ERA5_evaluation_r1i1p1f1_ICTP_RegCM5-0_v1-r1_1hr_200708020100-200708030000.nc
clm_CSAM-3_ERA5_evaluation_r1i1p1f1_ICTP_RegCM5-0_v1-r1_1hr_200708030100-200708040000.nc
clm_CSAM-3_ERA5_evaluation_r1i1p1f1_ICTP_RegCM5-0_v1-r1_1hr_200708040100-200708050000.nc
clm_CSAM-3_ERA5_evaluation_r1i1p1f1_ICTP_RegCM5-0_v1-r1_1hr_200708050100-200708060000.nc
clm_CSAM-3_ERA5_evaluation_r1i1p1f1_ICTP_RegCM5-0_v1-r1_1hr_200708060100-200708070000.nc
clm_CSAM-3_ERA5_evaluation_r1i1p1f1_ICTP_RegCM5-0_v1-r1_1hr_200708070100-200708080000.nc
clm_CSAM-3_ERA5_evaluation_r1i1p1f1_ICTP_RegCM5-0_v1-r1_1hr_200708080100-200708090000.nc
clm_CSAM-3_ERA5_evaluation_r1i1p1f1_ICTP_RegCM5-0_v1-r1_1hr_200708090100-200708100000.nc
clm_CSAM-3_ERA5_evaluation_r1i1p1f1_ICTP_RegCM5-0_v1-r1_1hr_200708100100-200708110000.nc
clm_CSAM-3_ERA5_evaluation_r1i1p1f1_ICTP_RegCM5-0_v1-r1_1hr_200708110100-200708120000.nc
clm_CSAM-3_ERA5_evaluation_r1i1p1f1_ICTP_RegCM5-0_v1-r1_1hr_200708120100-200708130000.nc
clm_CSAM-3_ERA5_evaluation_r1i1p1f1_ICTP_RegCM5-0_v1-r1_1hr_200708130100-200708140000.nc
clm_CSAM-3_ERA5_evaluation_r1i1p1f1_ICTP_RegCM5-0_v1-r1_1hr_200708140100-200708150000.nc
clm_CSAM-3_ERA5_evaluation_r1i1p1f1_ICTP_RegCM5-0_v1-r1_1hr_200708150100-200708160000.nc
clm_CSAM-3_ERA5_evaluation_r1i1p1f1_ICTP_RegCM5-0_v1-r1_1hr_200708160100-200708170000.nc
clm_CSAM-3_ERA5_evaluation_r1i1p1f1_ICTP_RegCM5-0_v1-r1_1hr_200708170100-200708180000.nc
clm_CSAM-3_ERA5_evaluation_r1i1p1f1_ICTP_RegCM5-0_v1-r1_1hr_200708180100-200708190000.nc
clm_CSAM-3_ERA5_evaluation_r1i1p1f1_ICTP_RegCM5-0_v1-r1_1hr_200708190100-200708200000.nc
clm_CSAM-3_ERA5_evaluation_r1i1p1f1_ICTP_RegCM5-0_v1-r1_1hr_200708200100-200708210000.nc
clm_CSAM-3_ERA5_evaluation_r1i1p1f1_ICTP_RegCM5-0_v1-r1_1hr_200708210100-200708220000.nc
clm_CSAM-3_ERA5_evaluation_r1i1p1f1_ICTP_RegCM5-0_v1-r1_1hr_200708220100-200708230000.nc
clm_CSAM-3_ERA5_evaluation_r1i1p1f1_ICTP_RegCM5-0_v1-r1_1hr_200708230100-200708240000.nc
clm_CSAM-3_ERA5_evaluation_r1i1p1f1_ICTP_RegCM5-0_v1-r1_1hr_200708240100-200708250000.nc
clm_CSAM-3_ERA5_evaluation_r1i1p1f1_ICTP_RegCM5-0_v1-r1_1hr_200708250100-200708260000.nc
clm_CSAM-3_ERA5_evaluation_r1i1p1f1_ICTP_RegCM5-0_v1-r1_1hr_200708260100-200708270000.nc
clm_CSAM-3_ERA5_evaluation_r1i1p1f1_ICTP_RegCM5-0_v1-r1_1hr_200708270100-200708280000.nc
clm_CSAM-3_ERA5_evaluation_r1i1p1f1_ICTP_RegCM5-0_v1-r1_1hr_200708280100-200708290000.nc
clm_CSAM-3_ERA5_evaluation_r1i1p1f1_ICTP_RegCM5-0_v1-r1_1hr_200708290100-200708300000.nc
clm_CSAM-3_ERA5_evaluation_r1i1p1f1_ICTP_RegCM5-0_v1-r1_1hr_200708300100-200708310000.nc
clm_CSAM-3_ERA5_evaluation_r1i1p1f1_ICTP_RegCM5-0_v1-r1_1hr_200708310100-200709010000.nc
clm_CSAM-3_ERA5_evaluation_r1i1p1f1_ICTP_RegCM5-0_v1-r1_1hr_200709010100-200709020000.nc
clm_CSAM-3_ERA5_evaluation_r1i1p1f1_ICTP_RegCM5-0_v1-r1_1hr_200709020100-200709030000.nc
clm_CSAM-3_ERA5_evaluation_r1i1p1f1_ICTP_RegCM5-0_v1-r1_1hr_200709030100-200709040000.nc
clm_CSAM-3_ERA5_evaluation_r1i1p1f1_ICTP_RegCM5-0_v1-r1_1hr_200709040100-200709050000.nc
clm_CSAM-3_ERA5_evaluation_r1i1p1f1_ICTP_RegCM5-0_v1-r1_1hr_200709050100-200709060000.nc
clm_CSAM-3_ERA5_evaluation_r1i1p1f1_ICTP_RegCM5-0_v1-r1_1hr_200709060100-200709070000.nc
clm_CSAM-3_ERA5_evaluation_r1i1p1f1_ICTP_RegCM5-0_v1-r1_1hr_200709070100-200709080000.nc
clm_CSAM-3_ERA5_evaluation_r1i1p1f1_ICTP_RegCM5-0_v1-r1_1hr_200709080100-200709090000.nc
clm_CSAM-3_ERA5_evaluation_r1i1p1f1_ICTP_RegCM5-0_v1-r1_1hr_200709090100-200709100000.nc
clm_CSAM-3_ERA5_evaluation_r1i1p1f1_ICTP_RegCM5-0_v1-r1_1hr_200709100100-200709110000.nc
clm_CSAM-3_ERA5_evaluation_r1i1p1f1_ICTP_RegCM5-0_v1-r1_1hr_200709110100-200709120000.nc
clm_CSAM-3_ERA5_evaluation_r1i1p1f1_ICTP_RegCM5-0_v1-r1_1hr_200709120100-200709130000.nc
clm_CSAM-3_ERA5_evaluation_r1i1p1f1_ICTP_RegCM5-0_v1-r1_1hr_200709130100-200709140000.nc
clm_CSAM-3_ERA5_evaluation_r1i1p1f1_ICTP_RegCM5-0_v1-r1_1hr_200709140100-200709150000.nc
clm_CSAM-3_ERA5_evaluation_r1i1p1f1_ICTP_RegCM5-0_v1-r1_1hr_200709150100-200709160000.nc
clm_CSAM-3_ERA5_evaluation_r1i1p1f1_ICTP_RegCM5-0_v1-r1_1hr_200709160100-200709170000.nc
clm_CSAM-3_ERA5_evaluation_r1i1p1f1_ICTP_RegCM5-0_v1-r1_1hr_200709170100-200709180000.nc
clm_CSAM-3_ERA5_evaluation_r1i1p1f1_ICTP_RegCM5-0_v1-r1_1hr_200709180100-200709190000.nc
clm_CSAM-3_ERA5_evaluation_r1i1p1f1_ICTP_RegCM5-0_v1-r1_1hr_200709190100-200709200000.nc
clm_CSAM-3_ERA5_evaluation_r1i1p1f1_ICTP_RegCM5-0_v1-r1_1hr_200709200100-200709210000.nc
clm_CSAM-3_ERA5_evaluation_r1i1p1f1_ICTP_RegCM5-0_v1-r1_1hr_200709210100-200709220000.nc
clm_CSAM-3_ERA5_evaluation_r1i1p1f1_ICTP_RegCM5-0_v1-r1_1hr_200709220100-200709230000.nc
clm_CSAM-3_ERA5_evaluation_r1i1p1f1_ICTP_RegCM5-0_v1-r1_1hr_200709230100-200709240000.nc
clm_CSAM-3_ERA5_evaluation_r1i1p1f1_ICTP_RegCM5-0_v1-r1_1hr_200709240100-200709250000.nc
clm_CSAM-3_ERA5_evaluation_r1i1p1f1_ICTP_RegCM5-0_v1-r1_1hr_200709250100-200709260000.nc
clm_CSAM-3_ERA5_evaluation_r1i1p1f1_ICTP_RegCM5-0_v1-r1_1hr_200709260100-200709270000.nc
clm_CSAM-3_ERA5_evaluation_r1i1p1f1_ICTP_RegCM5-0_v1-r1_1hr_200709270100-200709280000.nc
clm_CSAM-3_ERA5_evaluation_r1i1p1f1_ICTP_RegCM5-0_v1-r1_1hr_200709280100-200709290000.nc
clm_CSAM-3_ERA5_evaluation_r1i1p1f1_ICTP_RegCM5-0_v1-r1_1hr_200709290100-200709300000.nc
clm_CSAM-3_ERA5_evaluation_r1i1p1f1_ICTP_RegCM5-0_v1-r1_1hr_200709300100-200710010000.nc
clm_CSAM-3_ERA5_evaluation_r1i1p1f1_ICTP_RegCM5-0_v1-r1_1hr_200710010100-200710020000.nc
clm_CSAM-3_ERA5_evaluation_r1i1p1f1_ICTP_RegCM5-0_v1-r1_1hr_200710020100-200710030000.nc
clm_CSAM-3_ERA5_evaluation_r1i1p1f1_ICTP_RegCM5-0_v1-r1_1hr_200710030100-200710040000.nc
clm_CSAM-3_ERA5_evaluation_r1i1p1f1_ICTP_RegCM5-0_v1-r1_1hr_200710040100-200710050000.nc
clm_CSAM-3_ERA5_evaluation_r1i1p1f1_ICTP_RegCM5-0_v1-r1_1hr_200710050100-200710060000.nc
clm_CSAM-3_ERA5_evaluation_r1i1p1f1_ICTP_RegCM5-0_v1-r1_1hr_200710060100-200710070000.nc
clm_CSAM-3_ERA5_evaluation_r1i1p1f1_ICTP_RegCM5-0_v1-r1_1hr_200710070100-200710080000.nc
clm_CSAM-3_ERA5_evaluation_r1i1p1f1_ICTP_RegCM5-0_v1-r1_1hr_200710080100-200710090000.nc
clm_CSAM-3_ERA5_evaluation_r1i1p1f1_ICTP_RegCM5-0_v1-r1_1hr_200710090100-200710100000.nc
clm_CSAM-3_ERA5_evaluation_r1i1p1f1_ICTP_RegCM5-0_v1-r1_1hr_200710100100-200710110000.nc
clm_CSAM-3_ERA5_evaluation_r1i1p1f1_ICTP_RegCM5-0_v1-r1_1hr_200710110100-200710120000.nc
clm_CSAM-3_ERA5_evaluation_r1i1p1f1_ICTP_RegCM5-0_v1-r1_1hr_200710120100-200710130000.nc
clm_CSAM-3_ERA5_evaluation_r1i1p1f1_ICTP_RegCM5-0_v1-r1_1hr_200710130100-200710140000.nc
clm_CSAM-3_ERA5_evaluation_r1i1p1f1_ICTP_RegCM5-0_v1-r1_1hr_200710140100-200710150000.nc
clm_CSAM-3_ERA5_evaluation_r1i1p1f1_ICTP_RegCM5-0_v1-r1_1hr_200710150100-200710160000.nc
clm_CSAM-3_ERA5_evaluation_r1i1p1f1_ICTP_RegCM5-0_v1-r1_1hr_200710160100-200710170000.nc
clm_CSAM-3_ERA5_evaluation_r1i1p1f1_ICTP_RegCM5-0_v1-r1_1hr_200710170100-200710180000.nc
clm_CSAM-3_ERA5_evaluation_r1i1p1f1_ICTP_RegCM5-0_v1-r1_1hr_200710180100-200710190000.nc
clm_CSAM-3_ERA5_evaluation_r1i1p1f1_ICTP_RegCM5-0_v1-r1_1hr_200710190100-200710200000.nc
clm_CSAM-3_ERA5_evaluation_r1i1p1f1_ICTP_RegCM5-0_v1-r1_1hr_200710200100-200710210000.nc
clm_CSAM-3_ERA5_evaluation_r1i1p1f1_ICTP_RegCM5-0_v1-r1_1hr_200710210100-200710220000.nc
clm_CSAM-3_ERA5_evaluation_r1i1p1f1_ICTP_RegCM5-0_v1-r1_1hr_200710220100-200710230000.nc
clm_CSAM-3_ERA5_evaluation_r1i1p1f1_ICTP_RegCM5-0_v1-r1_1hr_200710230100-200710240000.nc
clm_CSAM-3_ERA5_evaluation_r1i1p1f1_ICTP_RegCM5-0_v1-r1_1hr_200710240100-200710250000.nc
clm_CSAM-3_ERA5_evaluation_r1i1p1f1_ICTP_RegCM5-0_v1-r1_1hr_200710250100-200710260000.nc
clm_CSAM-3_ERA5_evaluation_r1i1p1f1_ICTP_RegCM5-0_v1-r1_1hr_200710260100-200710270000.nc
clm_CSAM-3_ERA5_evaluation_r1i1p1f1_ICTP_RegCM5-0_v1-r1_1hr_200710270100-200710280000.nc
clm_CSAM-3_ERA5_evaluation_r1i1p1f1_ICTP_RegCM5-0_v1-r1_1hr_200710280100-200710290000.nc
clm_CSAM-3_ERA5_evaluation_r1i1p1f1_ICTP_RegCM5-0_v1-r1_1hr_200710290100-200710300000.nc
clm_CSAM-3_ERA5_evaluation_r1i1p1f1_ICTP_RegCM5-0_v1-r1_1hr_200710300100-200710310000.nc
clm_CSAM-3_ERA5_evaluation_r1i1p1f1_ICTP_RegCM5-0_v1-r1_1hr_200710310100-200711010000.nc
clm_CSAM-3_ERA5_evaluation_r1i1p1f1_ICTP_RegCM5-0_v1-r1_1hr_200711010100-200711020000.nc
clm_CSAM-3_ERA5_evaluation_r1i1p1f1_ICTP_RegCM5-0_v1-r1_1hr_200711020100-200711030000.nc
clm_CSAM-3_ERA5_evaluation_r1i1p1f1_ICTP_RegCM5-0_v1-r1_1hr_200711030100-200711040000.nc
clm_CSAM-3_ERA5_evaluation_r1i1p1f1_ICTP_RegCM5-0_v1-r1_1hr_200711040100-200711050000.nc
clm_CSAM-3_ERA5_evaluation_r1i1p1f1_ICTP_RegCM5-0_v1-r1_1hr_200711050100-200711060000.nc
clm_CSAM-3_ERA5_evaluation_r1i1p1f1_ICTP_RegCM5-0_v1-r1_1hr_200711060100-200711070000.nc
clm_CSAM-3_ERA5_evaluation_r1i1p1f1_ICTP_RegCM5-0_v1-r1_1hr_200711070100-200711080000.nc
clm_CSAM-3_ERA5_evaluation_r1i1p1f1_ICTP_RegCM5-0_v1-r1_1hr_200711080100-200711090000.nc
clm_CSAM-3_ERA5_evaluation_r1i1p1f1_ICTP_RegCM5-0_v1-r1_1hr_200711090100-200711100000.nc
clm_CSAM-3_ERA5_evaluation_r1i1p1f1_ICTP_RegCM5-0_v1-r1_1hr_200711100100-200711110000.nc
clm_CSAM-3_ERA5_evaluation_r1i1p1f1_ICTP_RegCM5-0_v1-r1_1hr_200711110100-200711120000.nc
clm_CSAM-3_ERA5_evaluation_r1i1p1f1_ICTP_RegCM5-0_v1-r1_1hr_200711120100-200711130000.nc
clm_CSAM-3_ERA5_evaluation_r1i1p1f1_ICTP_RegCM5-0_v1-r1_1hr_200711130100-200711140000.nc
clm_CSAM-3_ERA5_evaluation_r1i1p1f1_ICTP_RegCM5-0_v1-r1_1hr_200711140100-200711150000.nc
clm_CSAM-3_ERA5_evaluation_r1i1p1f1_ICTP_RegCM5-0_v1-r1_1hr_200711150100-200711160000.nc
clm_CSAM-3_ERA5_evaluation_r1i1p1f1_ICTP_RegCM5-0_v1-r1_1hr_200711160100-200711170000.nc
clm_CSAM-3_ERA5_evaluation_r1i1p1f1_ICTP_RegCM5-0_v1-r1_1hr_200711170100-200711180000.nc
clm_CSAM-3_ERA5_evaluation_r1i1p1f1_ICTP_RegCM5-0_v1-r1_1hr_200711180100-200711190000.nc
clm_CSAM-3_ERA5_evaluation_r1i1p1f1_ICTP_RegCM5-0_v1-r1_1hr_200711190100-200711200000.nc
clm_CSAM-3_ERA5_evaluation_r1i1p1f1_ICTP_RegCM5-0_v1-r1_1hr_200711200100-200711210000.nc
clm_CSAM-3_ERA5_evaluation_r1i1p1f1_ICTP_RegCM5-0_v1-r1_1hr_200711210100-200711220000.nc
clm_CSAM-3_ERA5_evaluation_r1i1p1f1_ICTP_RegCM5-0_v1-r1_1hr_200711220100-200711230000.nc
clm_CSAM-3_ERA5_evaluation_r1i1p1f1_ICTP_RegCM5-0_v1-r1_1hr_200711230100-200711240000.nc
clm_CSAM-3_ERA5_evaluation_r1i1p1f1_ICTP_RegCM5-0_v1-r1_1hr_200711240100-200711250000.nc
clm_CSAM-3_ERA5_evaluation_r1i1p1f1_ICTP_RegCM5-0_v1-r1_1hr_200711250100-200711260000.nc
clm_CSAM-3_ERA5_evaluation_r1i1p1f1_ICTP_RegCM5-0_v1-r1_1hr_200711260100-200711270000.nc
clm_CSAM-3_ERA5_evaluation_r1i1p1f1_ICTP_RegCM5-0_v1-r1_1hr_200711270100-200711280000.nc
clm_CSAM-3_ERA5_evaluation_r1i1p1f1_ICTP_RegCM5-0_v1-r1_1hr_200711280100-200711290000.nc
clm_CSAM-3_ERA5_evaluation_r1i1p1f1_ICTP_RegCM5-0_v1-r1_1hr_200711290100-200711300000.nc
clm_CSAM-3_ERA5_evaluation_r1i1p1f1_ICTP_RegCM5-0_v1-r1_1hr_200711300100-200712010000.nc
clm_CSAM-3_ERA5_evaluation_r1i1p1f1_ICTP_RegCM5-0_v1-r1_1hr_200712010100-200712020000.nc
clm_CSAM-3_ERA5_evaluation_r1i1p1f1_ICTP_RegCM5-0_v1-r1_1hr_200712020100-200712030000.nc
clm_CSAM-3_ERA5_evaluation_r1i1p1f1_ICTP_RegCM5-0_v1-r1_1hr_200712030100-200712040000.nc
clm_CSAM-3_ERA5_evaluation_r1i1p1f1_ICTP_RegCM5-0_v1-r1_1hr_200712040100-200712050000.nc
clm_CSAM-3_ERA5_evaluation_r1i1p1f1_ICTP_RegCM5-0_v1-r1_1hr_200712050100-200712060000.nc
clm_CSAM-3_ERA5_evaluation_r1i1p1f1_ICTP_RegCM5-0_v1-r1_1hr_200712060100-200712070000.nc
clm_CSAM-3_ERA5_evaluation_r1i1p1f1_ICTP_RegCM5-0_v1-r1_1hr_200712070100-200712080000.nc
clm_CSAM-3_ERA5_evaluation_r1i1p1f1_ICTP_RegCM5-0_v1-r1_1hr_200712080100-200712090000.nc
clm_CSAM-3_ERA5_evaluation_r1i1p1f1_ICTP_RegCM5-0_v1-r1_1hr_200712090100-200712100000.nc
clm_CSAM-3_ERA5_evaluation_r1i1p1f1_ICTP_RegCM5-0_v1-r1_1hr_200712100100-200712110000.nc
clm_CSAM-3_ERA5_evaluation_r1i1p1f1_ICTP_RegCM5-0_v1-r1_1hr_200712110100-200712120000.nc
clm_CSAM-3_ERA5_evaluation_r1i1p1f1_ICTP_RegCM5-0_v1-r1_1hr_200712120100-200712130000.nc
clm_CSAM-3_ERA5_evaluation_r1i1p1f1_ICTP_RegCM5-0_v1-r1_1hr_200712130100-200712140000.nc
clm_CSAM-3_ERA5_evaluation_r1i1p1f1_ICTP_RegCM5-0_v1-r1_1hr_200712140100-200712150000.nc
clm_CSAM-3_ERA5_evaluation_r1i1p1f1_ICTP_RegCM5-0_v1-r1_1hr_200712150100-200712160000.nc
clm_CSAM-3_ERA5_evaluation_r1i1p1f1_ICTP_RegCM5-0_v1-r1_1hr_200712160100-200712170000.nc
clm_CSAM-3_ERA5_evaluation_r1i1p1f1_ICTP_RegCM5-0_v1-r1_1hr_200712170100-200712180000.nc
clm_CSAM-3_ERA5_evaluation_r1i1p1f1_ICTP_RegCM5-0_v1-r1_1hr_200712180100-200712190000.nc
clm_CSAM-3_ERA5_evaluation_r1i1p1f1_ICTP_RegCM5-0_v1-r1_1hr_200712190100-200712200000.nc
clm_CSAM-3_ERA5_evaluation_r1i1p1f1_ICTP_RegCM5-0_v1-r1_1hr_200712200100-200712210000.nc
clm_CSAM-3_ERA5_evaluation_r1i1p1f1_ICTP_RegCM5-0_v1-r1_1hr_200712210100-200712220000.nc
clm_CSAM-3_ERA5_evaluation_r1i1p1f1_ICTP_RegCM5-0_v1-r1_1hr_200712220100-200712230000.nc
clm_CSAM-3_ERA5_evaluation_r1i1p1f1_ICTP_RegCM5-0_v1-r1_1hr_200712230100-200712240000.nc
clm_CSAM-3_ERA5_evaluation_r1i1p1f1_ICTP_RegCM5-0_v1-r1_1hr_200712240100-200712250000.nc
clm_CSAM-3_ERA5_evaluation_r1i1p1f1_ICTP_RegCM5-0_v1-r1_1hr_200712250100-200712260000.nc
clm_CSAM-3_ERA5_evaluation_r1i1p1f1_ICTP_RegCM5-0_v1-r1_1hr_200712260100-200712270000.nc
clm_CSAM-3_ERA5_evaluation_r1i1p1f1_ICTP_RegCM5-0_v1-r1_1hr_200712270100-200712280000.nc
clm_CSAM-3_ERA5_evaluation_r1i1p1f1_ICTP_RegCM5-0_v1-r1_1hr_200712280100-200712290000.nc
clm_CSAM-3_ERA5_evaluation_r1i1p1f1_ICTP_RegCM5-0_v1-r1_1hr_200712290100-200712300000.nc
clm_CSAM-3_ERA5_evaluation_r1i1p1f1_ICTP_RegCM5-0_v1-r1_1hr_200712300100-200712310000.nc
clm_CSAM-3_ERA5_evaluation_r1i1p1f1_ICTP_RegCM5-0_v1-r1_1hr_200712310100-200801010000.nc
Files: clt_CSAM-3_ERA5_evaluation_r1i1p1f1_ICTP_RegCM5-0_v1-r1_1hr_200701010100-200701020000.nc
clt_CSAM-3_ERA5_evaluation_r1i1p1f1_ICTP_RegCM5-0_v1-r1_1hr_200701020100-200701030000.nc
clt_CSAM-3_ERA5_evaluation_r1i1p1f1_ICTP_RegCM5-0_v1-r1_1hr_200701030100-200701040000.nc
clt_CSAM-3_ERA5_evaluation_r1i1p1f1_ICTP_RegCM5-0_v1-r1_1hr_200701040100-200701050000.nc
clt_CSAM-3_ERA5_evaluation_r1i1p1f1_ICTP_RegCM5-0_v1-r1_1hr_200701050100-200701060000.nc
clt_CSAM-3_ERA5_evaluation_r1i1p1f1_ICTP_RegCM5-0_v1-r1_1hr_200701060100-200701070000.nc
clt_CSAM-3_ERA5_evaluation_r1i1p1f1_ICTP_RegCM5-0_v1-r1_1hr_200701070100-200701080000.nc
clt_CSAM-3_ERA5_evaluation_r1i1p1f1_ICTP_RegCM5-0_v1-r1_1hr_200701080100-200701090000.nc
clt_CSAM-3_ERA5_evaluation_r1i1p1f1_ICTP_RegCM5-0_v1-r1_1hr_200701090100-200701100000.nc
clt_CSAM-3_ERA5_evaluation_r1i1p1f1_ICTP_RegCM5-0_v1-r1_1hr_200701100100-200701110000.nc
clt_CSAM-3_ERA5_evaluation_r1i1p1f1_ICTP_RegCM5-0_v1-r1_1hr_200701110100-200701120000.nc
clt_CSAM-3_ERA5_evaluation_r1i1p1f1_ICTP_RegCM5-0_v1-r1_1hr_200701120100-200701130000.nc
clt_CSAM-3_ERA5_evaluation_r1i1p1f1_ICTP_RegCM5-0_v1-r1_1hr_200701130100-200701140000.nc
clt_CSAM-3_ERA5_evaluation_r1i1p1f1_ICTP_RegCM5-0_v1-r1_1hr_200701140100-200701150000.nc
clt_CSAM-3_ERA5_evaluation_r1i1p1f1_ICTP_RegCM5-0_v1-r1_1hr_200701150100-200701160000.nc
clt_CSAM-3_ERA5_evaluation_r1i1p1f1_ICTP_RegCM5-0_v1-r1_1hr_200701160100-200701170000.nc
clt_CSAM-3_ERA5_evaluation_r1i1p1f1_ICTP_RegCM5-0_v1-r1_1hr_200701170100-200701180000.nc
clt_CSAM-3_ERA5_evaluation_r1i1p1f1_ICTP_RegCM5-0_v1-r1_1hr_200701180100-200701190000.nc
clt_CSAM-3_ERA5_evaluation_r1i1p1f1_ICTP_RegCM5-0_v1-r1_1hr_200701190100-200701200000.nc
clt_CSAM-3_ERA5_evaluation_r1i1p1f1_ICTP_RegCM5-0_v1-r1_1hr_200701200100-200701210000.nc
clt_CSAM-3_ERA5_evaluation_r1i1p1f1_ICTP_RegCM5-0_v1-r1_1hr_200701210100-200701220000.nc
clt_CSAM-3_ERA5_evaluation_r1i1p1f1_ICTP_RegCM5-0_v1-r1_1hr_200701220100-200701230000.nc
clt_CSAM-3_ERA5_evaluation_r1i1p1f1_ICTP_RegCM5-0_v1-r1_1hr_200701230100-200701240000.nc
clt_CSAM-3_ERA5_evaluation_r1i1p1f1_ICTP_RegCM5-0_v1-r1_1hr_200701240100-200701250000.nc
clt_CSAM-3_ERA5_evaluation_r1i1p1f1_ICTP_RegCM5-0_v1-r1_1hr_200701250100-200701260000.nc
clt_CSAM-3_ERA5_evaluation_r1i1p1f1_ICTP_RegCM5-0_v1-r1_1hr_200701260100-200701270000.nc
clt_CSAM-3_ERA5_evaluation_r1i1p1f1_ICTP_RegCM5-0_v1-r1_1hr_200701270100-200701280000.nc
clt_CSAM-3_ERA5_evaluation_r1i1p1f1_ICTP_RegCM5-0_v1-r1_1hr_200701280100-200701290000.nc
clt_CSAM-3_ERA5_evaluation_r1i1p1f1_ICTP_RegCM5-0_v1-r1_1hr_200701290100-200701300000.nc
clt_CSAM-3_ERA5_evaluation_r1i1p1f1_ICTP_RegCM5-0_v1-r1_1hr_200701300100-200701310000.nc
clt_CSAM-3_ERA5_evaluation_r1i1p1f1_ICTP_RegCM5-0_v1-r1_1hr_200701310100-200702010000.nc
clt_CSAM-3_ERA5_evaluation_r1i1p1f1_ICTP_RegCM5-0_v1-r1_1hr_200702010100-200702020000.nc
clt_CSAM-3_ERA5_evaluation_r1i1p1f1_ICTP_RegCM5-0_v1-r1_1hr_200702020100-200702030000.nc
clt_CSAM-3_ERA5_evaluation_r1i1p1f1_ICTP_RegCM5-0_v1-r1_1hr_200702030100-200702040000.nc
clt_CSAM-3_ERA5_evaluation_r1i1p1f1_ICTP_RegCM5-0_v1-r1_1hr_200702040100-200702050000.nc
clt_CSAM-3_ERA5_evaluation_r1i1p1f1_ICTP_RegCM5-0_v1-r1_1hr_200702050100-200702060000.nc
clt_CSAM-3_ERA5_evaluation_r1i1p1f1_ICTP_RegCM5-0_v1-r1_1hr_200702060100-200702070000.nc
clt_CSAM-3_ERA5_evaluation_r1i1p1f1_ICTP_RegCM5-0_v1-r1_1hr_200702070100-200702080000.nc
clt_CSAM-3_ERA5_evaluation_r1i1p1f1_ICTP_RegCM5-0_v1-r1_1hr_200702080100-200702090000.nc
clt_CSAM-3_ERA5_evaluation_r1i1p1f1_ICTP_RegCM5-0_v1-r1_1hr_200702090100-200702100000.nc
clt_CSAM-3_ERA5_evaluation_r1i1p1f1_ICTP_RegCM5-0_v1-r1_1hr_200702100100-200702110000.nc
clt_CSAM-3_ERA5_evaluation_r1i1p1f1_ICTP_RegCM5-0_v1-r1_1hr_200702110100-200702120000.nc
clt_CSAM-3_ERA5_evaluation_r1i1p1f1_ICTP_RegCM5-0_v1-r1_1hr_200702120100-200702130000.nc
clt_CSAM-3_ERA5_evaluation_r1i1p1f1_ICTP_RegCM5-0_v1-r1_1hr_200702130100-200702140000.nc
clt_CSAM-3_ERA5_evaluation_r1i1p1f1_ICTP_RegCM5-0_v1-r1_1hr_200702140100-200702150000.nc
clt_CSAM-3_ERA5_evaluation_r1i1p1f1_ICTP_RegCM5-0_v1-r1_1hr_200702150100-200702160000.nc
clt_CSAM-3_ERA5_evaluation_r1i1p1f1_ICTP_RegCM5-0_v1-r1_1hr_200702160100-200702170000.nc
clt_CSAM-3_ERA5_evaluation_r1i1p1f1_ICTP_RegCM5-0_v1-r1_1hr_200702170100-200702180000.nc
clt_CSAM-3_ERA5_evaluation_r1i1p1f1_ICTP_RegCM5-0_v1-r1_1hr_200702180100-200702190000.nc
clt_CSAM-3_ERA5_evaluation_r1i1p1f1_ICTP_RegCM5-0_v1-r1_1hr_200702190100-200702200000.nc
clt_CSAM-3_ERA5_evaluation_r1i1p1f1_ICTP_RegCM5-0_v1-r1_1hr_200702200100-200702210000.nc
clt_CSAM-3_ERA5_evaluation_r1i1p1f1_ICTP_RegCM5-0_v1-r1_1hr_200702210100-200702220000.nc
clt_CSAM-3_ERA5_evaluation_r1i1p1f1_ICTP_RegCM5-0_v1-r1_1hr_200702220100-200702230000.nc
clt_CSAM-3_ERA5_evaluation_r1i1p1f1_ICTP_RegCM5-0_v1-r1_1hr_200702230100-200702240000.nc
clt_CSAM-3_ERA5_evaluation_r1i1p1f1_ICTP_RegCM5-0_v1-r1_1hr_200702240100-200702250000.nc
clt_CSAM-3_ERA5_evaluation_r1i1p1f1_ICTP_RegCM5-0_v1-r1_1hr_200702250100-200702260000.nc
clt_CSAM-3_ERA5_evaluation_r1i1p1f1_ICTP_RegCM5-0_v1-r1_1hr_200702260100-200702270000.nc
clt_CSAM-3_ERA5_evaluation_r1i1p1f1_ICTP_RegCM5-0_v1-r1_1hr_200702270100-200702280000.nc
clt_CSAM-3_ERA5_evaluation_r1i1p1f1_ICTP_RegCM5-0_v1-r1_1hr_200702280100-200703010000.nc
clt_CSAM-3_ERA5_evaluation_r1i1p1f1_ICTP_RegCM5-0_v1-r1_1hr_200703010100-200703020000.nc
clt_CSAM-3_ERA5_evaluation_r1i1p1f1_ICTP_RegCM5-0_v1-r1_1hr_200703020100-200703030000.nc
clt_CSAM-3_ERA5_evaluation_r1i1p1f1_ICTP_RegCM5-0_v1-r1_1hr_200703030100-200703040000.nc
clt_CSAM-3_ERA5_evaluation_r1i1p1f1_ICTP_RegCM5-0_v1-r1_1hr_200703040100-200703050000.nc
clt_CSAM-3_ERA5_evaluation_r1i1p1f1_ICTP_RegCM5-0_v1-r1_1hr_200703050100-200703060000.nc
clt_CSAM-3_ERA5_evaluation_r1i1p1f1_ICTP_RegCM5-0_v1-r1_1hr_200703060100-200703070000.nc
clt_CSAM-3_ERA5_evaluation_r1i1p1f1_ICTP_RegCM5-0_v1-r1_1hr_200703070100-200703080000.nc
clt_CSAM-3_ERA5_evaluation_r1i1p1f1_ICTP_RegCM5-0_v1-r1_1hr_200703080100-200703090000.nc
clt_CSAM-3_ERA5_evaluation_r1i1p1f1_ICTP_RegCM5-0_v1-r1_1hr_200703090100-200703100000.nc
clt_CSAM-3_ERA5_evaluation_r1i1p1f1_ICTP_RegCM5-0_v1-r1_1hr_200703100100-200703110000.nc
clt_CSAM-3_ERA5_evaluation_r1i1p1f1_ICTP_RegCM5-0_v1-r1_1hr_200703110100-200703120000.nc
clt_CSAM-3_ERA5_evaluation_r1i1p1f1_ICTP_RegCM5-0_v1-r1_1hr_200703120100-200703130000.nc
clt_CSAM-3_ERA5_evaluation_r1i1p1f1_ICTP_RegCM5-0_v1-r1_1hr_200703130100-200703140000.nc
clt_CSAM-3_ERA5_evaluation_r1i1p1f1_ICTP_RegCM5-0_v1-r1_1hr_200703140100-200703150000.nc
clt_CSAM-3_ERA5_evaluation_r1i1p1f1_ICTP_RegCM5-0_v1-r1_1hr_200703150100-200703160000.nc
clt_CSAM-3_ERA5_evaluation_r1i1p1f1_ICTP_RegCM5-0_v1-r1_1hr_200703160100-200703170000.nc
clt_CSAM-3_ERA5_evaluation_r1i1p1f1_ICTP_RegCM5-0_v1-r1_1hr_200703170100-200703180000.nc
clt_CSAM-3_ERA5_evaluation_r1i1p1f1_ICTP_RegCM5-0_v1-r1_1hr_200703180100-200703190000.nc
clt_CSAM-3_ERA5_evaluation_r1i1p1f1_ICTP_RegCM5-0_v1-r1_1hr_200703190100-200703200000.nc
clt_CSAM-3_ERA5_evaluation_r1i1p1f1_ICTP_RegCM5-0_v1-r1_1hr_200703200100-200703210000.nc
clt_CSAM-3_ERA5_evaluation_r1i1p1f1_ICTP_RegCM5-0_v1-r1_1hr_200703210100-200703220000.nc
clt_CSAM-3_ERA5_evaluation_r1i1p1f1_ICTP_RegCM5-0_v1-r1_1hr_200703220100-200703230000.nc
clt_CSAM-3_ERA5_evaluation_r1i1p1f1_ICTP_RegCM5-0_v1-r1_1hr_200703230100-200703240000.nc
clt_CSAM-3_ERA5_evaluation_r1i1p1f1_ICTP_RegCM5-0_v1-r1_1hr_200703240100-200703250000.nc
clt_CSAM-3_ERA5_evaluation_r1i1p1f1_ICTP_RegCM5-0_v1-r1_1hr_200703250100-200703260000.nc
clt_CSAM-3_ERA5_evaluation_r1i1p1f1_ICTP_RegCM5-0_v1-r1_1hr_200703260100-200703270000.nc
clt_CSAM-3_ERA5_evaluation_r1i1p1f1_ICTP_RegCM5-0_v1-r1_1hr_200703270100-200703280000.nc
clt_CSAM-3_ERA5_evaluation_r1i1p1f1_ICTP_RegCM5-0_v1-r1_1hr_200703280100-200703290000.nc
clt_CSAM-3_ERA5_evaluation_r1i1p1f1_ICTP_RegCM5-0_v1-r1_1hr_200703290100-200703300000.nc
clt_CSAM-3_ERA5_evaluation_r1i1p1f1_ICTP_RegCM5-0_v1-r1_1hr_200703300100-200703310000.nc
clt_CSAM-3_ERA5_evaluation_r1i1p1f1_ICTP_RegCM5-0_v1-r1_1hr_200703310100-200704010000.nc
clt_CSAM-3_ERA5_evaluation_r1i1p1f1_ICTP_RegCM5-0_v1-r1_1hr_200704010100-200704020000.nc
clt_CSAM-3_ERA5_evaluation_r1i1p1f1_ICTP_RegCM5-0_v1-r1_1hr_200704020100-200704030000.nc
clt_CSAM-3_ERA5_evaluation_r1i1p1f1_ICTP_RegCM5-0_v1-r1_1hr_200704030100-200704040000.nc
clt_CSAM-3_ERA5_evaluation_r1i1p1f1_ICTP_RegCM5-0_v1-r1_1hr_200704040100-200704050000.nc
clt_CSAM-3_ERA5_evaluation_r1i1p1f1_ICTP_RegCM5-0_v1-r1_1hr_200704050100-200704060000.nc
clt_CSAM-3_ERA5_evaluation_r1i1p1f1_ICTP_RegCM5-0_v1-r1_1hr_200704060100-200704070000.nc
clt_CSAM-3_ERA5_evaluation_r1i1p1f1_ICTP_RegCM5-0_v1-r1_1hr_200704070100-200704080000.nc
clt_CSAM-3_ERA5_evaluation_r1i1p1f1_ICTP_RegCM5-0_v1-r1_1hr_200704080100-200704090000.nc
clt_CSAM-3_ERA5_evaluation_r1i1p1f1_ICTP_RegCM5-0_v1-r1_1hr_200704090100-200704100000.nc
clt_CSAM-3_ERA5_evaluation_r1i1p1f1_ICTP_RegCM5-0_v1-r1_1hr_200704100100-200704110000.nc
clt_CSAM-3_ERA5_evaluation_r1i1p1f1_ICTP_RegCM5-0_v1-r1_1hr_200704110100-200704120000.nc
clt_CSAM-3_ERA5_evaluation_r1i1p1f1_ICTP_RegCM5-0_v1-r1_1hr_200704120100-200704130000.nc
clt_CSAM-3_ERA5_evaluation_r1i1p1f1_ICTP_RegCM5-0_v1-r1_1hr_200704130100-200704140000.nc
clt_CSAM-3_ERA5_evaluation_r1i1p1f1_ICTP_RegCM5-0_v1-r1_1hr_200704140100-200704150000.nc
clt_CSAM-3_ERA5_evaluation_r1i1p1f1_ICTP_RegCM5-0_v1-r1_1hr_200704150100-200704160000.nc
clt_CSAM-3_ERA5_evaluation_r1i1p1f1_ICTP_RegCM5-0_v1-r1_1hr_200704160100-200704170000.nc
clt_CSAM-3_ERA5_evaluation_r1i1p1f1_ICTP_RegCM5-0_v1-r1_1hr_200704170100-200704180000.nc
clt_CSAM-3_ERA5_evaluation_r1i1p1f1_ICTP_RegCM5-0_v1-r1_1hr_200704180100-200704190000.nc
clt_CSAM-3_ERA5_evaluation_r1i1p1f1_ICTP_RegCM5-0_v1-r1_1hr_200704190100-200704200000.nc
clt_CSAM-3_ERA5_evaluation_r1i1p1f1_ICTP_RegCM5-0_v1-r1_1hr_200704200100-200704210000.nc
clt_CSAM-3_ERA5_evaluation_r1i1p1f1_ICTP_RegCM5-0_v1-r1_1hr_200704210100-200704220000.nc
clt_CSAM-3_ERA5_evaluation_r1i1p1f1_ICTP_RegCM5-0_v1-r1_1hr_200704220100-200704230000.nc
clt_CSAM-3_ERA5_evaluation_r1i1p1f1_ICTP_RegCM5-0_v1-r1_1hr_200704230100-200704240000.nc
clt_CSAM-3_ERA5_evaluation_r1i1p1f1_ICTP_RegCM5-0_v1-r1_1hr_200704240100-200704250000.nc
clt_CSAM-3_ERA5_evaluation_r1i1p1f1_ICTP_RegCM5-0_v1-r1_1hr_200704250100-200704260000.nc
clt_CSAM-3_ERA5_evaluation_r1i1p1f1_ICTP_RegCM5-0_v1-r1_1hr_200704260100-200704270000.nc
clt_CSAM-3_ERA5_evaluation_r1i1p1f1_ICTP_RegCM5-0_v1-r1_1hr_200704270100-200704280000.nc
clt_CSAM-3_ERA5_evaluation_r1i1p1f1_ICTP_RegCM5-0_v1-r1_1hr_200704280100-200704290000.nc
clt_CSAM-3_ERA5_evaluation_r1i1p1f1_ICTP_RegCM5-0_v1-r1_1hr_200704290100-200704300000.nc
clt_CSAM-3_ERA5_evaluation_r1i1p1f1_ICTP_RegCM5-0_v1-r1_1hr_200704300100-200705010000.nc
clt_CSAM-3_ERA5_evaluation_r1i1p1f1_ICTP_RegCM5-0_v1-r1_1hr_200705010100-200705020000.nc
clt_CSAM-3_ERA5_evaluation_r1i1p1f1_ICTP_RegCM5-0_v1-r1_1hr_200705020100-200705030000.nc
clt_CSAM-3_ERA5_evaluation_r1i1p1f1_ICTP_RegCM5-0_v1-r1_1hr_200705030100-200705040000.nc
clt_CSAM-3_ERA5_evaluation_r1i1p1f1_ICTP_RegCM5-0_v1-r1_1hr_200705040100-200705050000.nc
clt_CSAM-3_ERA5_evaluation_r1i1p1f1_ICTP_RegCM5-0_v1-r1_1hr_200705050100-200705060000.nc
clt_CSAM-3_ERA5_evaluation_r1i1p1f1_ICTP_RegCM5-0_v1-r1_1hr_200705060100-200705070000.nc
clt_CSAM-3_ERA5_evaluation_r1i1p1f1_ICTP_RegCM5-0_v1-r1_1hr_200705070100-200705080000.nc
clt_CSAM-3_ERA5_evaluation_r1i1p1f1_ICTP_RegCM5-0_v1-r1_1hr_200705080100-200705090000.nc
clt_CSAM-3_ERA5_evaluation_r1i1p1f1_ICTP_RegCM5-0_v1-r1_1hr_200705090100-200705100000.nc
clt_CSAM-3_ERA5_evaluation_r1i1p1f1_ICTP_RegCM5-0_v1-r1_1hr_200705100100-200705110000.nc
clt_CSAM-3_ERA5_evaluation_r1i1p1f1_ICTP_RegCM5-0_v1-r1_1hr_200705110100-200705120000.nc
clt_CSAM-3_ERA5_evaluation_r1i1p1f1_ICTP_RegCM5-0_v1-r1_1hr_200705120100-200705130000.nc
clt_CSAM-3_ERA5_evaluation_r1i1p1f1_ICTP_RegCM5-0_v1-r1_1hr_200705130100-200705140000.nc
clt_CSAM-3_ERA5_evaluation_r1i1p1f1_ICTP_RegCM5-0_v1-r1_1hr_200705140100-200705150000.nc
clt_CSAM-3_ERA5_evaluation_r1i1p1f1_ICTP_RegCM5-0_v1-r1_1hr_200705150100-200705160000.nc
clt_CSAM-3_ERA5_evaluation_r1i1p1f1_ICTP_RegCM5-0_v1-r1_1hr_200705160100-200705170000.nc
clt_CSAM-3_ERA5_evaluation_r1i1p1f1_ICTP_RegCM5-0_v1-r1_1hr_200705170100-200705180000.nc
clt_CSAM-3_ERA5_evaluation_r1i1p1f1_ICTP_RegCM5-0_v1-r1_1hr_200705180100-200705190000.nc
clt_CSAM-3_ERA5_evaluation_r1i1p1f1_ICTP_RegCM5-0_v1-r1_1hr_200705190100-200705200000.nc
clt_CSAM-3_ERA5_evaluation_r1i1p1f1_ICTP_RegCM5-0_v1-r1_1hr_200705200100-200705210000.nc
clt_CSAM-3_ERA5_evaluation_r1i1p1f1_ICTP_RegCM5-0_v1-r1_1hr_200705210100-200705220000.nc
clt_CSAM-3_ERA5_evaluation_r1i1p1f1_ICTP_RegCM5-0_v1-r1_1hr_200705220100-200705230000.nc
clt_CSAM-3_ERA5_evaluation_r1i1p1f1_ICTP_RegCM5-0_v1-r1_1hr_200705230100-200705240000.nc
clt_CSAM-3_ERA5_evaluation_r1i1p1f1_ICTP_RegCM5-0_v1-r1_1hr_200705240100-200705250000.nc
clt_CSAM-3_ERA5_evaluation_r1i1p1f1_ICTP_RegCM5-0_v1-r1_1hr_200705250100-200705260000.nc
clt_CSAM-3_ERA5_evaluation_r1i1p1f1_ICTP_RegCM5-0_v1-r1_1hr_200705260100-200705270000.nc
clt_CSAM-3_ERA5_evaluation_r1i1p1f1_ICTP_RegCM5-0_v1-r1_1hr_200705270100-200705280000.nc
clt_CSAM-3_ERA5_evaluation_r1i1p1f1_ICTP_RegCM5-0_v1-r1_1hr_200705280100-200705290000.nc
clt_CSAM-3_ERA5_evaluation_r1i1p1f1_ICTP_RegCM5-0_v1-r1_1hr_200705290100-200705300000.nc
clt_CSAM-3_ERA5_evaluation_r1i1p1f1_ICTP_RegCM5-0_v1-r1_1hr_200705300100-200705310000.nc
clt_CSAM-3_ERA5_evaluation_r1i1p1f1_ICTP_RegCM5-0_v1-r1_1hr_200705310100-200706010000.nc
clt_CSAM-3_ERA5_evaluation_r1i1p1f1_ICTP_RegCM5-0_v1-r1_1hr_200706010100-200706020000.nc
clt_CSAM-3_ERA5_evaluation_r1i1p1f1_ICTP_RegCM5-0_v1-r1_1hr_200706020100-200706030000.nc
clt_CSAM-3_ERA5_evaluation_r1i1p1f1_ICTP_RegCM5-0_v1-r1_1hr_200706030100-200706040000.nc
clt_CSAM-3_ERA5_evaluation_r1i1p1f1_ICTP_RegCM5-0_v1-r1_1hr_200706040100-200706050000.nc
clt_CSAM-3_ERA5_evaluation_r1i1p1f1_ICTP_RegCM5-0_v1-r1_1hr_200706050100-200706060000.nc
clt_CSAM-3_ERA5_evaluation_r1i1p1f1_ICTP_RegCM5-0_v1-r1_1hr_200706060100-200706070000.nc
clt_CSAM-3_ERA5_evaluation_r1i1p1f1_ICTP_RegCM5-0_v1-r1_1hr_200706070100-200706080000.nc
clt_CSAM-3_ERA5_evaluation_r1i1p1f1_ICTP_RegCM5-0_v1-r1_1hr_200706080100-200706090000.nc
clt_CSAM-3_ERA5_evaluation_r1i1p1f1_ICTP_RegCM5-0_v1-r1_1hr_200706090100-200706100000.nc
clt_CSAM-3_ERA5_evaluation_r1i1p1f1_ICTP_RegCM5-0_v1-r1_1hr_200706100100-200706110000.nc
clt_CSAM-3_ERA5_evaluation_r1i1p1f1_ICTP_RegCM5-0_v1-r1_1hr_200706110100-200706120000.nc
clt_CSAM-3_ERA5_evaluation_r1i1p1f1_ICTP_RegCM5-0_v1-r1_1hr_200706120100-200706130000.nc
clt_CSAM-3_ERA5_evaluation_r1i1p1f1_ICTP_RegCM5-0_v1-r1_1hr_200706130100-200706140000.nc
clt_CSAM-3_ERA5_evaluation_r1i1p1f1_ICTP_RegCM5-0_v1-r1_1hr_200706140100-200706150000.nc
clt_CSAM-3_ERA5_evaluation_r1i1p1f1_ICTP_RegCM5-0_v1-r1_1hr_200706150100-200706160000.nc
clt_CSAM-3_ERA5_evaluation_r1i1p1f1_ICTP_RegCM5-0_v1-r1_1hr_200706160100-200706170000.nc
clt_CSAM-3_ERA5_evaluation_r1i1p1f1_ICTP_RegCM5-0_v1-r1_1hr_200706170100-200706180000.nc
clt_CSAM-3_ERA5_evaluation_r1i1p1f1_ICTP_RegCM5-0_v1-r1_1hr_200706180100-200706190000.nc
clt_CSAM-3_ERA5_evaluation_r1i1p1f1_ICTP_RegCM5-0_v1-r1_1hr_200706190100-200706200000.nc
clt_CSAM-3_ERA5_evaluation_r1i1p1f1_ICTP_RegCM5-0_v1-r1_1hr_200706200100-200706210000.nc
clt_CSAM-3_ERA5_evaluation_r1i1p1f1_ICTP_RegCM5-0_v1-r1_1hr_200706210100-200706220000.nc
clt_CSAM-3_ERA5_evaluation_r1i1p1f1_ICTP_RegCM5-0_v1-r1_1hr_200706220100-200706230000.nc
clt_CSAM-3_ERA5_evaluation_r1i1p1f1_ICTP_RegCM5-0_v1-r1_1hr_200706230100-200706240000.nc
clt_CSAM-3_ERA5_evaluation_r1i1p1f1_ICTP_RegCM5-0_v1-r1_1hr_200706240100-200706250000.nc
clt_CSAM-3_ERA5_evaluation_r1i1p1f1_ICTP_RegCM5-0_v1-r1_1hr_200706250100-200706260000.nc
clt_CSAM-3_ERA5_evaluation_r1i1p1f1_ICTP_RegCM5-0_v1-r1_1hr_200706260100-200706270000.nc
clt_CSAM-3_ERA5_evaluation_r1i1p1f1_ICTP_RegCM5-0_v1-r1_1hr_200706270100-200706280000.nc
clt_CSAM-3_ERA5_evaluation_r1i1p1f1_ICTP_RegCM5-0_v1-r1_1hr_200706280100-200706290000.nc
clt_CSAM-3_ERA5_evaluation_r1i1p1f1_ICTP_RegCM5-0_v1-r1_1hr_200706290100-200706300000.nc
clt_CSAM-3_ERA5_evaluation_r1i1p1f1_ICTP_RegCM5-0_v1-r1_1hr_200706300100-200707010000.nc
clt_CSAM-3_ERA5_evaluation_r1i1p1f1_ICTP_RegCM5-0_v1-r1_1hr_200707010100-200707020000.nc
clt_CSAM-3_ERA5_evaluation_r1i1p1f1_ICTP_RegCM5-0_v1-r1_1hr_200707020100-200707030000.nc
clt_CSAM-3_ERA5_evaluation_r1i1p1f1_ICTP_RegCM5-0_v1-r1_1hr_200707030100-200707040000.nc
clt_CSAM-3_ERA5_evaluation_r1i1p1f1_ICTP_RegCM5-0_v1-r1_1hr_200707040100-200707050000.nc
clt_CSAM-3_ERA5_evaluation_r1i1p1f1_ICTP_RegCM5-0_v1-r1_1hr_200707050100-200707060000.nc
clt_CSAM-3_ERA5_evaluation_r1i1p1f1_ICTP_RegCM5-0_v1-r1_1hr_200707060100-200707070000.nc
clt_CSAM-3_ERA5_evaluation_r1i1p1f1_ICTP_RegCM5-0_v1-r1_1hr_200707070100-200707080000.nc
clt_CSAM-3_ERA5_evaluation_r1i1p1f1_ICTP_RegCM5-0_v1-r1_1hr_200707080100-200707090000.nc
clt_CSAM-3_ERA5_evaluation_r1i1p1f1_ICTP_RegCM5-0_v1-r1_1hr_200707090100-200707100000.nc
clt_CSAM-3_ERA5_evaluation_r1i1p1f1_ICTP_RegCM5-0_v1-r1_1hr_200707100100-200707110000.nc
clt_CSAM-3_ERA5_evaluation_r1i1p1f1_ICTP_RegCM5-0_v1-r1_1hr_200707110100-200707120000.nc
clt_CSAM-3_ERA5_evaluation_r1i1p1f1_ICTP_RegCM5-0_v1-r1_1hr_200707120100-200707130000.nc
clt_CSAM-3_ERA5_evaluation_r1i1p1f1_ICTP_RegCM5-0_v1-r1_1hr_200707130100-200707140000.nc
clt_CSAM-3_ERA5_evaluation_r1i1p1f1_ICTP_RegCM5-0_v1-r1_1hr_200707140100-200707150000.nc
clt_CSAM-3_ERA5_evaluation_r1i1p1f1_ICTP_RegCM5-0_v1-r1_1hr_200707150100-200707160000.nc
clt_CSAM-3_ERA5_evaluation_r1i1p1f1_ICTP_RegCM5-0_v1-r1_1hr_200707160100-200707170000.nc
clt_CSAM-3_ERA5_evaluation_r1i1p1f1_ICTP_RegCM5-0_v1-r1_1hr_200707170100-200707180000.nc
clt_CSAM-3_ERA5_evaluation_r1i1p1f1_ICTP_RegCM5-0_v1-r1_1hr_200707180100-200707190000.nc
clt_CSAM-3_ERA5_evaluation_r1i1p1f1_ICTP_RegCM5-0_v1-r1_1hr_200707190100-200707200000.nc
clt_CSAM-3_ERA5_evaluation_r1i1p1f1_ICTP_RegCM5-0_v1-r1_1hr_200707200100-200707210000.nc
clt_CSAM-3_ERA5_evaluation_r1i1p1f1_ICTP_RegCM5-0_v1-r1_1hr_200707210100-200707220000.nc
clt_CSAM-3_ERA5_evaluation_r1i1p1f1_ICTP_RegCM5-0_v1-r1_1hr_200707220100-200707230000.nc
clt_CSAM-3_ERA5_evaluation_r1i1p1f1_ICTP_RegCM5-0_v1-r1_1hr_200707230100-200707240000.nc
clt_CSAM-3_ERA5_evaluation_r1i1p1f1_ICTP_RegCM5-0_v1-r1_1hr_200707240100-200707250000.nc
clt_CSAM-3_ERA5_evaluation_r1i1p1f1_ICTP_RegCM5-0_v1-r1_1hr_200707250100-200707260000.nc
clt_CSAM-3_ERA5_evaluation_r1i1p1f1_ICTP_RegCM5-0_v1-r1_1hr_200707260100-200707270000.nc
clt_CSAM-3_ERA5_evaluation_r1i1p1f1_ICTP_RegCM5-0_v1-r1_1hr_200707270100-200707280000.nc
clt_CSAM-3_ERA5_evaluation_r1i1p1f1_ICTP_RegCM5-0_v1-r1_1hr_200707280100-200707290000.nc
clt_CSAM-3_ERA5_evaluation_r1i1p1f1_ICTP_RegCM5-0_v1-r1_1hr_200707290100-200707300000.nc
clt_CSAM-3_ERA5_evaluation_r1i1p1f1_ICTP_RegCM5-0_v1-r1_1hr_200707300100-200707310000.nc
clt_CSAM-3_ERA5_evaluation_r1i1p1f1_ICTP_RegCM5-0_v1-r1_1hr_200707310100-200708010000.nc
clt_CSAM-3_ERA5_evaluation_r1i1p1f1_ICTP_RegCM5-0_v1-r1_1hr_200708010100-200708020000.nc
clt_CSAM-3_ERA5_evaluation_r1i1p1f1_ICTP_RegCM5-0_v1-r1_1hr_200708020100-200708030000.nc
clt_CSAM-3_ERA5_evaluation_r1i1p1f1_ICTP_RegCM5-0_v1-r1_1hr_200708030100-200708040000.nc
clt_CSAM-3_ERA5_evaluation_r1i1p1f1_ICTP_RegCM5-0_v1-r1_1hr_200708040100-200708050000.nc
clt_CSAM-3_ERA5_evaluation_r1i1p1f1_ICTP_RegCM5-0_v1-r1_1hr_200708050100-200708060000.nc
clt_CSAM-3_ERA5_evaluation_r1i1p1f1_ICTP_RegCM5-0_v1-r1_1hr_200708060100-200708070000.nc
clt_CSAM-3_ERA5_evaluation_r1i1p1f1_ICTP_RegCM5-0_v1-r1_1hr_200708070100-200708080000.nc
clt_CSAM-3_ERA5_evaluation_r1i1p1f1_ICTP_RegCM5-0_v1-r1_1hr_200708080100-200708090000.nc
clt_CSAM-3_ERA5_evaluation_r1i1p1f1_ICTP_RegCM5-0_v1-r1_1hr_200708090100-200708100000.nc
clt_CSAM-3_ERA5_evaluation_r1i1p1f1_ICTP_RegCM5-0_v1-r1_1hr_200708100100-200708110000.nc
clt_CSAM-3_ERA5_evaluation_r1i1p1f1_ICTP_RegCM5-0_v1-r1_1hr_200708110100-200708120000.nc
clt_CSAM-3_ERA5_evaluation_r1i1p1f1_ICTP_RegCM5-0_v1-r1_1hr_200708120100-200708130000.nc
clt_CSAM-3_ERA5_evaluation_r1i1p1f1_ICTP_RegCM5-0_v1-r1_1hr_200708130100-200708140000.nc
clt_CSAM-3_ERA5_evaluation_r1i1p1f1_ICTP_RegCM5-0_v1-r1_1hr_200708140100-200708150000.nc
clt_CSAM-3_ERA5_evaluation_r1i1p1f1_ICTP_RegCM5-0_v1-r1_1hr_200708150100-200708160000.nc
clt_CSAM-3_ERA5_evaluation_r1i1p1f1_ICTP_RegCM5-0_v1-r1_1hr_200708160100-200708170000.nc
clt_CSAM-3_ERA5_evaluation_r1i1p1f1_ICTP_RegCM5-0_v1-r1_1hr_200708170100-200708180000.nc
clt_CSAM-3_ERA5_evaluation_r1i1p1f1_ICTP_RegCM5-0_v1-r1_1hr_200708180100-200708190000.nc
clt_CSAM-3_ERA5_evaluation_r1i1p1f1_ICTP_RegCM5-0_v1-r1_1hr_200708190100-200708200000.nc
clt_CSAM-3_ERA5_evaluation_r1i1p1f1_ICTP_RegCM5-0_v1-r1_1hr_200708200100-200708210000.nc
clt_CSAM-3_ERA5_evaluation_r1i1p1f1_ICTP_RegCM5-0_v1-r1_1hr_200708210100-200708220000.nc
clt_CSAM-3_ERA5_evaluation_r1i1p1f1_ICTP_RegCM5-0_v1-r1_1hr_200708220100-200708230000.nc
clt_CSAM-3_ERA5_evaluation_r1i1p1f1_ICTP_RegCM5-0_v1-r1_1hr_200708230100-200708240000.nc
clt_CSAM-3_ERA5_evaluation_r1i1p1f1_ICTP_RegCM5-0_v1-r1_1hr_200708240100-200708250000.nc
clt_CSAM-3_ERA5_evaluation_r1i1p1f1_ICTP_RegCM5-0_v1-r1_1hr_200708250100-200708260000.nc
clt_CSAM-3_ERA5_evaluation_r1i1p1f1_ICTP_RegCM5-0_v1-r1_1hr_200708260100-200708270000.nc
clt_CSAM-3_ERA5_evaluation_r1i1p1f1_ICTP_RegCM5-0_v1-r1_1hr_200708270100-200708280000.nc
clt_CSAM-3_ERA5_evaluation_r1i1p1f1_ICTP_RegCM5-0_v1-r1_1hr_200708280100-200708290000.nc
clt_CSAM-3_ERA5_evaluation_r1i1p1f1_ICTP_RegCM5-0_v1-r1_1hr_200708290100-200708300000.nc
clt_CSAM-3_ERA5_evaluation_r1i1p1f1_ICTP_RegCM5-0_v1-r1_1hr_200708300100-200708310000.nc
clt_CSAM-3_ERA5_evaluation_r1i1p1f1_ICTP_RegCM5-0_v1-r1_1hr_200708310100-200709010000.nc
clt_CSAM-3_ERA5_evaluation_r1i1p1f1_ICTP_RegCM5-0_v1-r1_1hr_200709010100-200709020000.nc
clt_CSAM-3_ERA5_evaluation_r1i1p1f1_ICTP_RegCM5-0_v1-r1_1hr_200709020100-200709030000.nc
clt_CSAM-3_ERA5_evaluation_r1i1p1f1_ICTP_RegCM5-0_v1-r1_1hr_200709030100-200709040000.nc
clt_CSAM-3_ERA5_evaluation_r1i1p1f1_ICTP_RegCM5-0_v1-r1_1hr_200709040100-200709050000.nc
clt_CSAM-3_ERA5_evaluation_r1i1p1f1_ICTP_RegCM5-0_v1-r1_1hr_200709050100-200709060000.nc
clt_CSAM-3_ERA5_evaluation_r1i1p1f1_ICTP_RegCM5-0_v1-r1_1hr_200709060100-200709070000.nc
clt_CSAM-3_ERA5_evaluation_r1i1p1f1_ICTP_RegCM5-0_v1-r1_1hr_200709070100-200709080000.nc
clt_CSAM-3_ERA5_evaluation_r1i1p1f1_ICTP_RegCM5-0_v1-r1_1hr_200709080100-200709090000.nc
clt_CSAM-3_ERA5_evaluation_r1i1p1f1_ICTP_RegCM5-0_v1-r1_1hr_200709090100-200709100000.nc
clt_CSAM-3_ERA5_evaluation_r1i1p1f1_ICTP_RegCM5-0_v1-r1_1hr_200709100100-200709110000.nc
clt_CSAM-3_ERA5_evaluation_r1i1p1f1_ICTP_RegCM5-0_v1-r1_1hr_200709110100-200709120000.nc
clt_CSAM-3_ERA5_evaluation_r1i1p1f1_ICTP_RegCM5-0_v1-r1_1hr_200709120100-200709130000.nc
clt_CSAM-3_ERA5_evaluation_r1i1p1f1_ICTP_RegCM5-0_v1-r1_1hr_200709130100-200709140000.nc
clt_CSAM-3_ERA5_evaluation_r1i1p1f1_ICTP_RegCM5-0_v1-r1_1hr_200709140100-200709150000.nc
clt_CSAM-3_ERA5_evaluation_r1i1p1f1_ICTP_RegCM5-0_v1-r1_1hr_200709150100-200709160000.nc
clt_CSAM-3_ERA5_evaluation_r1i1p1f1_ICTP_RegCM5-0_v1-r1_1hr_200709160100-200709170000.nc
clt_CSAM-3_ERA5_evaluation_r1i1p1f1_ICTP_RegCM5-0_v1-r1_1hr_200709170100-200709180000.nc
clt_CSAM-3_ERA5_evaluation_r1i1p1f1_ICTP_RegCM5-0_v1-r1_1hr_200709180100-200709190000.nc
clt_CSAM-3_ERA5_evaluation_r1i1p1f1_ICTP_RegCM5-0_v1-r1_1hr_200709190100-200709200000.nc
clt_CSAM-3_ERA5_evaluation_r1i1p1f1_ICTP_RegCM5-0_v1-r1_1hr_200709200100-200709210000.nc
clt_CSAM-3_ERA5_evaluation_r1i1p1f1_ICTP_RegCM5-0_v1-r1_1hr_200709210100-200709220000.nc
clt_CSAM-3_ERA5_evaluation_r1i1p1f1_ICTP_RegCM5-0_v1-r1_1hr_200709220100-200709230000.nc
clt_CSAM-3_ERA5_evaluation_r1i1p1f1_ICTP_RegCM5-0_v1-r1_1hr_200709230100-200709240000.nc
clt_CSAM-3_ERA5_evaluation_r1i1p1f1_ICTP_RegCM5-0_v1-r1_1hr_200709240100-200709250000.nc
clt_CSAM-3_ERA5_evaluation_r1i1p1f1_ICTP_RegCM5-0_v1-r1_1hr_200709250100-200709260000.nc
clt_CSAM-3_ERA5_evaluation_r1i1p1f1_ICTP_RegCM5-0_v1-r1_1hr_200709260100-200709270000.nc
clt_CSAM-3_ERA5_evaluation_r1i1p1f1_ICTP_RegCM5-0_v1-r1_1hr_200709270100-200709280000.nc
clt_CSAM-3_ERA5_evaluation_r1i1p1f1_ICTP_RegCM5-0_v1-r1_1hr_200709280100-200709290000.nc
clt_CSAM-3_ERA5_evaluation_r1i1p1f1_ICTP_RegCM5-0_v1-r1_1hr_200709290100-200709300000.nc
clt_CSAM-3_ERA5_evaluation_r1i1p1f1_ICTP_RegCM5-0_v1-r1_1hr_200709300100-200710010000.nc
clt_CSAM-3_ERA5_evaluation_r1i1p1f1_ICTP_RegCM5-0_v1-r1_1hr_200710010100-200710020000.nc
clt_CSAM-3_ERA5_evaluation_r1i1p1f1_ICTP_RegCM5-0_v1-r1_1hr_200710020100-200710030000.nc
clt_CSAM-3_ERA5_evaluation_r1i1p1f1_ICTP_RegCM5-0_v1-r1_1hr_200710030100-200710040000.nc
clt_CSAM-3_ERA5_evaluation_r1i1p1f1_ICTP_RegCM5-0_v1-r1_1hr_200710040100-200710050000.nc
clt_CSAM-3_ERA5_evaluation_r1i1p1f1_ICTP_RegCM5-0_v1-r1_1hr_200710050100-200710060000.nc
clt_CSAM-3_ERA5_evaluation_r1i1p1f1_ICTP_RegCM5-0_v1-r1_1hr_200710060100-200710070000.nc
clt_CSAM-3_ERA5_evaluation_r1i1p1f1_ICTP_RegCM5-0_v1-r1_1hr_200710070100-200710080000.nc
clt_CSAM-3_ERA5_evaluation_r1i1p1f1_ICTP_RegCM5-0_v1-r1_1hr_200710080100-200710090000.nc
clt_CSAM-3_ERA5_evaluation_r1i1p1f1_ICTP_RegCM5-0_v1-r1_1hr_200710090100-200710100000.nc
clt_CSAM-3_ERA5_evaluation_r1i1p1f1_ICTP_RegCM5-0_v1-r1_1hr_200710100100-200710110000.nc
clt_CSAM-3_ERA5_evaluation_r1i1p1f1_ICTP_RegCM5-0_v1-r1_1hr_200710110100-200710120000.nc
clt_CSAM-3_ERA5_evaluation_r1i1p1f1_ICTP_RegCM5-0_v1-r1_1hr_200710120100-200710130000.nc
clt_CSAM-3_ERA5_evaluation_r1i1p1f1_ICTP_RegCM5-0_v1-r1_1hr_200710130100-200710140000.nc
clt_CSAM-3_ERA5_evaluation_r1i1p1f1_ICTP_RegCM5-0_v1-r1_1hr_200710140100-200710150000.nc
clt_CSAM-3_ERA5_evaluation_r1i1p1f1_ICTP_RegCM5-0_v1-r1_1hr_200710150100-200710160000.nc
clt_CSAM-3_ERA5_evaluation_r1i1p1f1_ICTP_RegCM5-0_v1-r1_1hr_200710160100-200710170000.nc
clt_CSAM-3_ERA5_evaluation_r1i1p1f1_ICTP_RegCM5-0_v1-r1_1hr_200710170100-200710180000.nc
clt_CSAM-3_ERA5_evaluation_r1i1p1f1_ICTP_RegCM5-0_v1-r1_1hr_200710180100-200710190000.nc
clt_CSAM-3_ERA5_evaluation_r1i1p1f1_ICTP_RegCM5-0_v1-r1_1hr_200710190100-200710200000.nc
clt_CSAM-3_ERA5_evaluation_r1i1p1f1_ICTP_RegCM5-0_v1-r1_1hr_200710200100-200710210000.nc
clt_CSAM-3_ERA5_evaluation_r1i1p1f1_ICTP_RegCM5-0_v1-r1_1hr_200710210100-200710220000.nc
clt_CSAM-3_ERA5_evaluation_r1i1p1f1_ICTP_RegCM5-0_v1-r1_1hr_200710220100-200710230000.nc
clt_CSAM-3_ERA5_evaluation_r1i1p1f1_ICTP_RegCM5-0_v1-r1_1hr_200710230100-200710240000.nc
clt_CSAM-3_ERA5_evaluation_r1i1p1f1_ICTP_RegCM5-0_v1-r1_1hr_200710240100-200710250000.nc
clt_CSAM-3_ERA5_evaluation_r1i1p1f1_ICTP_RegCM5-0_v1-r1_1hr_200710250100-200710260000.nc
clt_CSAM-3_ERA5_evaluation_r1i1p1f1_ICTP_RegCM5-0_v1-r1_1hr_200710260100-200710270000.nc
clt_CSAM-3_ERA5_evaluation_r1i1p1f1_ICTP_RegCM5-0_v1-r1_1hr_200710270100-200710280000.nc
clt_CSAM-3_ERA5_evaluation_r1i1p1f1_ICTP_RegCM5-0_v1-r1_1hr_200710280100-200710290000.nc
clt_CSAM-3_ERA5_evaluation_r1i1p1f1_ICTP_RegCM5-0_v1-r1_1hr_200710290100-200710300000.nc
clt_CSAM-3_ERA5_evaluation_r1i1p1f1_ICTP_RegCM5-0_v1-r1_1hr_200710300100-200710310000.nc
clt_CSAM-3_ERA5_evaluation_r1i1p1f1_ICTP_RegCM5-0_v1-r1_1hr_200710310100-200711010000.nc
clt_CSAM-3_ERA5_evaluation_r1i1p1f1_ICTP_RegCM5-0_v1-r1_1hr_200711010100-200711020000.nc
clt_CSAM-3_ERA5_evaluation_r1i1p1f1_ICTP_RegCM5-0_v1-r1_1hr_200711020100-200711030000.nc
clt_CSAM-3_ERA5_evaluation_r1i1p1f1_ICTP_RegCM5-0_v1-r1_1hr_200711030100-200711040000.nc
clt_CSAM-3_ERA5_evaluation_r1i1p1f1_ICTP_RegCM5-0_v1-r1_1hr_200711040100-200711050000.nc
clt_CSAM-3_ERA5_evaluation_r1i1p1f1_ICTP_RegCM5-0_v1-r1_1hr_200711050100-200711060000.nc
clt_CSAM-3_ERA5_evaluation_r1i1p1f1_ICTP_RegCM5-0_v1-r1_1hr_200711060100-200711070000.nc
clt_CSAM-3_ERA5_evaluation_r1i1p1f1_ICTP_RegCM5-0_v1-r1_1hr_200711070100-200711080000.nc
clt_CSAM-3_ERA5_evaluation_r1i1p1f1_ICTP_RegCM5-0_v1-r1_1hr_200711080100-200711090000.nc
clt_CSAM-3_ERA5_evaluation_r1i1p1f1_ICTP_RegCM5-0_v1-r1_1hr_200711090100-200711100000.nc
clt_CSAM-3_ERA5_evaluation_r1i1p1f1_ICTP_RegCM5-0_v1-r1_1hr_200711100100-200711110000.nc
clt_CSAM-3_ERA5_evaluation_r1i1p1f1_ICTP_RegCM5-0_v1-r1_1hr_200711110100-200711120000.nc
clt_CSAM-3_ERA5_evaluation_r1i1p1f1_ICTP_RegCM5-0_v1-r1_1hr_200711120100-200711130000.nc
clt_CSAM-3_ERA5_evaluation_r1i1p1f1_ICTP_RegCM5-0_v1-r1_1hr_200711130100-200711140000.nc
clt_CSAM-3_ERA5_evaluation_r1i1p1f1_ICTP_RegCM5-0_v1-r1_1hr_200711140100-200711150000.nc
clt_CSAM-3_ERA5_evaluation_r1i1p1f1_ICTP_RegCM5-0_v1-r1_1hr_200711150100-200711160000.nc
clt_CSAM-3_ERA5_evaluation_r1i1p1f1_ICTP_RegCM5-0_v1-r1_1hr_200711160100-200711170000.nc
clt_CSAM-3_ERA5_evaluation_r1i1p1f1_ICTP_RegCM5-0_v1-r1_1hr_200711170100-200711180000.nc
clt_CSAM-3_ERA5_evaluation_r1i1p1f1_ICTP_RegCM5-0_v1-r1_1hr_200711180100-200711190000.nc
clt_CSAM-3_ERA5_evaluation_r1i1p1f1_ICTP_RegCM5-0_v1-r1_1hr_200711190100-200711200000.nc
clt_CSAM-3_ERA5_evaluation_r1i1p1f1_ICTP_RegCM5-0_v1-r1_1hr_200711200100-200711210000.nc
clt_CSAM-3_ERA5_evaluation_r1i1p1f1_ICTP_RegCM5-0_v1-r1_1hr_200711210100-200711220000.nc
clt_CSAM-3_ERA5_evaluation_r1i1p1f1_ICTP_RegCM5-0_v1-r1_1hr_200711220100-200711230000.nc
clt_CSAM-3_ERA5_evaluation_r1i1p1f1_ICTP_RegCM5-0_v1-r1_1hr_200711230100-200711240000.nc
clt_CSAM-3_ERA5_evaluation_r1i1p1f1_ICTP_RegCM5-0_v1-r1_1hr_200711240100-200711250000.nc
clt_CSAM-3_ERA5_evaluation_r1i1p1f1_ICTP_RegCM5-0_v1-r1_1hr_200711250100-200711260000.nc
clt_CSAM-3_ERA5_evaluation_r1i1p1f1_ICTP_RegCM5-0_v1-r1_1hr_200711260100-200711270000.nc
clt_CSAM-3_ERA5_evaluation_r1i1p1f1_ICTP_RegCM5-0_v1-r1_1hr_200711270100-200711280000.nc
clt_CSAM-3_ERA5_evaluation_r1i1p1f1_ICTP_RegCM5-0_v1-r1_1hr_200711280100-200711290000.nc
clt_CSAM-3_ERA5_evaluation_r1i1p1f1_ICTP_RegCM5-0_v1-r1_1hr_200711290100-200711300000.nc
clt_CSAM-3_ERA5_evaluation_r1i1p1f1_ICTP_RegCM5-0_v1-r1_1hr_200711300100-200712010000.nc
clt_CSAM-3_ERA5_evaluation_r1i1p1f1_ICTP_RegCM5-0_v1-r1_1hr_200712010100-200712020000.nc
clt_CSAM-3_ERA5_evaluation_r1i1p1f1_ICTP_RegCM5-0_v1-r1_1hr_200712020100-200712030000.nc
clt_CSAM-3_ERA5_evaluation_r1i1p1f1_ICTP_RegCM5-0_v1-r1_1hr_200712030100-200712040000.nc
clt_CSAM-3_ERA5_evaluation_r1i1p1f1_ICTP_RegCM5-0_v1-r1_1hr_200712040100-200712050000.nc
clt_CSAM-3_ERA5_evaluation_r1i1p1f1_ICTP_RegCM5-0_v1-r1_1hr_200712050100-200712060000.nc
clt_CSAM-3_ERA5_evaluation_r1i1p1f1_ICTP_RegCM5-0_v1-r1_1hr_200712060100-200712070000.nc
clt_CSAM-3_ERA5_evaluation_r1i1p1f1_ICTP_RegCM5-0_v1-r1_1hr_200712070100-200712080000.nc
clt_CSAM-3_ERA5_evaluation_r1i1p1f1_ICTP_RegCM5-0_v1-r1_1hr_200712080100-200712090000.nc
clt_CSAM-3_ERA5_evaluation_r1i1p1f1_ICTP_RegCM5-0_v1-r1_1hr_200712090100-200712100000.nc
clt_CSAM-3_ERA5_evaluation_r1i1p1f1_ICTP_RegCM5-0_v1-r1_1hr_200712100100-200712110000.nc
clt_CSAM-3_ERA5_evaluation_r1i1p1f1_ICTP_RegCM5-0_v1-r1_1hr_200712110100-200712120000.nc
clt_CSAM-3_ERA5_evaluation_r1i1p1f1_ICTP_RegCM5-0_v1-r1_1hr_200712120100-200712130000.nc
clt_CSAM-3_ERA5_evaluation_r1i1p1f1_ICTP_RegCM5-0_v1-r1_1hr_200712130100-200712140000.nc
clt_CSAM-3_ERA5_evaluation_r1i1p1f1_ICTP_RegCM5-0_v1-r1_1hr_200712140100-200712150000.nc
clt_CSAM-3_ERA5_evaluation_r1i1p1f1_ICTP_RegCM5-0_v1-r1_1hr_200712150100-200712160000.nc
clt_CSAM-3_ERA5_evaluation_r1i1p1f1_ICTP_RegCM5-0_v1-r1_1hr_200712160100-200712170000.nc
clt_CSAM-3_ERA5_evaluation_r1i1p1f1_ICTP_RegCM5-0_v1-r1_1hr_200712170100-200712180000.nc
clt_CSAM-3_ERA5_evaluation_r1i1p1f1_ICTP_RegCM5-0_v1-r1_1hr_200712180100-200712190000.nc
clt_CSAM-3_ERA5_evaluation_r1i1p1f1_ICTP_RegCM5-0_v1-r1_1hr_200712190100-200712200000.nc
clt_CSAM-3_ERA5_evaluation_r1i1p1f1_ICTP_RegCM5-0_v1-r1_1hr_200712200100-200712210000.nc
clt_CSAM-3_ERA5_evaluation_r1i1p1f1_ICTP_RegCM5-0_v1-r1_1hr_200712210100-200712220000.nc
clt_CSAM-3_ERA5_evaluation_r1i1p1f1_ICTP_RegCM5-0_v1-r1_1hr_200712220100-200712230000.nc
clt_CSAM-3_ERA5_evaluation_r1i1p1f1_ICTP_RegCM5-0_v1-r1_1hr_200712230100-200712240000.nc
clt_CSAM-3_ERA5_evaluation_r1i1p1f1_ICTP_RegCM5-0_v1-r1_1hr_200712240100-200712250000.nc
clt_CSAM-3_ERA5_evaluation_r1i1p1f1_ICTP_RegCM5-0_v1-r1_1hr_200712250100-200712260000.nc
clt_CSAM-3_ERA5_evaluation_r1i1p1f1_ICTP_RegCM5-0_v1-r1_1hr_200712260100-200712270000.nc
clt_CSAM-3_ERA5_evaluation_r1i1p1f1_ICTP_RegCM5-0_v1-r1_1hr_200712270100-200712280000.nc
clt_CSAM-3_ERA5_evaluation_r1i1p1f1_ICTP_RegCM5-0_v1-r1_1hr_200712280100-200712290000.nc
clt_CSAM-3_ERA5_evaluation_r1i1p1f1_ICTP_RegCM5-0_v1-r1_1hr_200712290100-200712300000.nc
clt_CSAM-3_ERA5_evaluation_r1i1p1f1_ICTP_RegCM5-0_v1-r1_1hr_200712300100-200712310000.nc
clt_CSAM-3_ERA5_evaluation_r1i1p1f1_ICTP_RegCM5-0_v1-r1_1hr_200712310100-200801010000.nc
Files: clwvi_CSAM-3_ERA5_evaluation_r1i1p1f1_ICTP_RegCM5-0_v1-r1_1hr_200701010100-200701020000.nc
clwvi_CSAM-3_ERA5_evaluation_r1i1p1f1_ICTP_RegCM5-0_v1-r1_1hr_200701020100-200701030000.nc
clwvi_CSAM-3_ERA5_evaluation_r1i1p1f1_ICTP_RegCM5-0_v1-r1_1hr_200701030100-200701040000.nc
clwvi_CSAM-3_ERA5_evaluation_r1i1p1f1_ICTP_RegCM5-0_v1-r1_1hr_200701040100-200701050000.nc
clwvi_CSAM-3_ERA5_evaluation_r1i1p1f1_ICTP_RegCM5-0_v1-r1_1hr_200701050100-200701060000.nc
clwvi_CSAM-3_ERA5_evaluation_r1i1p1f1_ICTP_RegCM5-0_v1-r1_1hr_200701060100-200701070000.nc
clwvi_CSAM-3_ERA5_evaluation_r1i1p1f1_ICTP_RegCM5-0_v1-r1_1hr_200701070100-200701080000.nc
clwvi_CSAM-3_ERA5_evaluation_r1i1p1f1_ICTP_RegCM5-0_v1-r1_1hr_200701080100-200701090000.nc
clwvi_CSAM-3_ERA5_evaluation_r1i1p1f1_ICTP_RegCM5-0_v1-r1_1hr_200701090100-200701100000.nc
clwvi_CSAM-3_ERA5_evaluation_r1i1p1f1_ICTP_RegCM5-0_v1-r1_1hr_200701100100-200701110000.nc
clwvi_CSAM-3_ERA5_evaluation_r1i1p1f1_ICTP_RegCM5-0_v1-r1_1hr_200701110100-200701120000.nc
clwvi_CSAM-3_ERA5_evaluation_r1i1p1f1_ICTP_RegCM5-0_v1-r1_1hr_200701120100-200701130000.nc
clwvi_CSAM-3_ERA5_evaluation_r1i1p1f1_ICTP_RegCM5-0_v1-r1_1hr_200701130100-200701140000.nc
clwvi_CSAM-3_ERA5_evaluation_r1i1p1f1_ICTP_RegCM5-0_v1-r1_1hr_200701140100-200701150000.nc
clwvi_CSAM-3_ERA5_evaluation_r1i1p1f1_ICTP_RegCM5-0_v1-r1_1hr_200701150100-200701160000.nc
clwvi_CSAM-3_ERA5_evaluation_r1i1p1f1_ICTP_RegCM5-0_v1-r1_1hr_200701160100-200701170000.nc
clwvi_CSAM-3_ERA5_evaluation_r1i1p1f1_ICTP_RegCM5-0_v1-r1_1hr_200701170100-200701180000.nc
clwvi_CSAM-3_ERA5_evaluation_r1i1p1f1_ICTP_RegCM5-0_v1-r1_1hr_200701180100-200701190000.nc
clwvi_CSAM-3_ERA5_evaluation_r1i1p1f1_ICTP_RegCM5-0_v1-r1_1hr_200701190100-200701200000.nc
clwvi_CSAM-3_ERA5_evaluation_r1i1p1f1_ICTP_RegCM5-0_v1-r1_1hr_200701200100-200701210000.nc
clwvi_CSAM-3_ERA5_evaluation_r1i1p1f1_ICTP_RegCM5-0_v1-r1_1hr_200701210100-200701220000.nc
clwvi_CSAM-3_ERA5_evaluation_r1i1p1f1_ICTP_RegCM5-0_v1-r1_1hr_200701220100-200701230000.nc
clwvi_CSAM-3_ERA5_evaluation_r1i1p1f1_ICTP_RegCM5-0_v1-r1_1hr_200701230100-200701240000.nc
clwvi_CSAM-3_ERA5_evaluation_r1i1p1f1_ICTP_RegCM5-0_v1-r1_1hr_200701240100-200701250000.nc
clwvi_CSAM-3_ERA5_evaluation_r1i1p1f1_ICTP_RegCM5-0_v1-r1_1hr_200701250100-200701260000.nc
clwvi_CSAM-3_ERA5_evaluation_r1i1p1f1_ICTP_RegCM5-0_v1-r1_1hr_200701260100-200701270000.nc
clwvi_CSAM-3_ERA5_evaluation_r1i1p1f1_ICTP_RegCM5-0_v1-r1_1hr_200701270100-200701280000.nc
clwvi_CSAM-3_ERA5_evaluation_r1i1p1f1_ICTP_RegCM5-0_v1-r1_1hr_200701280100-200701290000.nc
clwvi_CSAM-3_ERA5_evaluation_r1i1p1f1_ICTP_RegCM5-0_v1-r1_1hr_200701290100-200701300000.nc
clwvi_CSAM-3_ERA5_evaluation_r1i1p1f1_ICTP_RegCM5-0_v1-r1_1hr_200701300100-200701310000.nc
clwvi_CSAM-3_ERA5_evaluation_r1i1p1f1_ICTP_RegCM5-0_v1-r1_1hr_200701310100-200702010000.nc
clwvi_CSAM-3_ERA5_evaluation_r1i1p1f1_ICTP_RegCM5-0_v1-r1_1hr_200702010100-200702020000.nc
clwvi_CSAM-3_ERA5_evaluation_r1i1p1f1_ICTP_RegCM5-0_v1-r1_1hr_200702020100-200702030000.nc
clwvi_CSAM-3_ERA5_evaluation_r1i1p1f1_ICTP_RegCM5-0_v1-r1_1hr_200702030100-200702040000.nc
clwvi_CSAM-3_ERA5_evaluation_r1i1p1f1_ICTP_RegCM5-0_v1-r1_1hr_200702040100-200702050000.nc
clwvi_CSAM-3_ERA5_evaluation_r1i1p1f1_ICTP_RegCM5-0_v1-r1_1hr_200702050100-200702060000.nc
clwvi_CSAM-3_ERA5_evaluation_r1i1p1f1_ICTP_RegCM5-0_v1-r1_1hr_200702060100-200702070000.nc
clwvi_CSAM-3_ERA5_evaluation_r1i1p1f1_ICTP_RegCM5-0_v1-r1_1hr_200702070100-200702080000.nc
clwvi_CSAM-3_ERA5_evaluation_r1i1p1f1_ICTP_RegCM5-0_v1-r1_1hr_200702080100-200702090000.nc
clwvi_CSAM-3_ERA5_evaluation_r1i1p1f1_ICTP_RegCM5-0_v1-r1_1hr_200702090100-200702100000.nc
clwvi_CSAM-3_ERA5_evaluation_r1i1p1f1_ICTP_RegCM5-0_v1-r1_1hr_200702100100-200702110000.nc
clwvi_CSAM-3_ERA5_evaluation_r1i1p1f1_ICTP_RegCM5-0_v1-r1_1hr_200702110100-200702120000.nc
clwvi_CSAM-3_ERA5_evaluation_r1i1p1f1_ICTP_RegCM5-0_v1-r1_1hr_200702120100-200702130000.nc
clwvi_CSAM-3_ERA5_evaluation_r1i1p1f1_ICTP_RegCM5-0_v1-r1_1hr_200702130100-200702140000.nc
clwvi_CSAM-3_ERA5_evaluation_r1i1p1f1_ICTP_RegCM5-0_v1-r1_1hr_200702140100-200702150000.nc
clwvi_CSAM-3_ERA5_evaluation_r1i1p1f1_ICTP_RegCM5-0_v1-r1_1hr_200702150100-200702160000.nc
clwvi_CSAM-3_ERA5_evaluation_r1i1p1f1_ICTP_RegCM5-0_v1-r1_1hr_200702160100-200702170000.nc
clwvi_CSAM-3_ERA5_evaluation_r1i1p1f1_ICTP_RegCM5-0_v1-r1_1hr_200702170100-200702180000.nc
clwvi_CSAM-3_ERA5_evaluation_r1i1p1f1_ICTP_RegCM5-0_v1-r1_1hr_200702180100-200702190000.nc
clwvi_CSAM-3_ERA5_evaluation_r1i1p1f1_ICTP_RegCM5-0_v1-r1_1hr_200702190100-200702200000.nc
clwvi_CSAM-3_ERA5_evaluation_r1i1p1f1_ICTP_RegCM5-0_v1-r1_1hr_200702200100-200702210000.nc
clwvi_CSAM-3_ERA5_evaluation_r1i1p1f1_ICTP_RegCM5-0_v1-r1_1hr_200702210100-200702220000.nc
clwvi_CSAM-3_ERA5_evaluation_r1i1p1f1_ICTP_RegCM5-0_v1-r1_1hr_200702220100-200702230000.nc
clwvi_CSAM-3_ERA5_evaluation_r1i1p1f1_ICTP_RegCM5-0_v1-r1_1hr_200702230100-200702240000.nc
clwvi_CSAM-3_ERA5_evaluation_r1i1p1f1_ICTP_RegCM5-0_v1-r1_1hr_200702240100-200702250000.nc
clwvi_CSAM-3_ERA5_evaluation_r1i1p1f1_ICTP_RegCM5-0_v1-r1_1hr_200702250100-200702260000.nc
clwvi_CSAM-3_ERA5_evaluation_r1i1p1f1_ICTP_RegCM5-0_v1-r1_1hr_200702260100-200702270000.nc
clwvi_CSAM-3_ERA5_evaluation_r1i1p1f1_ICTP_RegCM5-0_v1-r1_1hr_200702270100-200702280000.nc
clwvi_CSAM-3_ERA5_evaluation_r1i1p1f1_ICTP_RegCM5-0_v1-r1_1hr_200702280100-200703010000.nc
clwvi_CSAM-3_ERA5_evaluation_r1i1p1f1_ICTP_RegCM5-0_v1-r1_1hr_200703010100-200703020000.nc
clwvi_CSAM-3_ERA5_evaluation_r1i1p1f1_ICTP_RegCM5-0_v1-r1_1hr_200703020100-200703030000.nc
clwvi_CSAM-3_ERA5_evaluation_r1i1p1f1_ICTP_RegCM5-0_v1-r1_1hr_200703030100-200703040000.nc
clwvi_CSAM-3_ERA5_evaluation_r1i1p1f1_ICTP_RegCM5-0_v1-r1_1hr_200703040100-200703050000.nc
clwvi_CSAM-3_ERA5_evaluation_r1i1p1f1_ICTP_RegCM5-0_v1-r1_1hr_200703050100-200703060000.nc
clwvi_CSAM-3_ERA5_evaluation_r1i1p1f1_ICTP_RegCM5-0_v1-r1_1hr_200703060100-200703070000.nc
clwvi_CSAM-3_ERA5_evaluation_r1i1p1f1_ICTP_RegCM5-0_v1-r1_1hr_200703070100-200703080000.nc
clwvi_CSAM-3_ERA5_evaluation_r1i1p1f1_ICTP_RegCM5-0_v1-r1_1hr_200703080100-200703090000.nc
clwvi_CSAM-3_ERA5_evaluation_r1i1p1f1_ICTP_RegCM5-0_v1-r1_1hr_200703090100-200703100000.nc
clwvi_CSAM-3_ERA5_evaluation_r1i1p1f1_ICTP_RegCM5-0_v1-r1_1hr_200703100100-200703110000.nc
clwvi_CSAM-3_ERA5_evaluation_r1i1p1f1_ICTP_RegCM5-0_v1-r1_1hr_200703110100-200703120000.nc
clwvi_CSAM-3_ERA5_evaluation_r1i1p1f1_ICTP_RegCM5-0_v1-r1_1hr_200703120100-200703130000.nc
clwvi_CSAM-3_ERA5_evaluation_r1i1p1f1_ICTP_RegCM5-0_v1-r1_1hr_200703130100-200703140000.nc
clwvi_CSAM-3_ERA5_evaluation_r1i1p1f1_ICTP_RegCM5-0_v1-r1_1hr_200703140100-200703150000.nc
clwvi_CSAM-3_ERA5_evaluation_r1i1p1f1_ICTP_RegCM5-0_v1-r1_1hr_200703150100-200703160000.nc
clwvi_CSAM-3_ERA5_evaluation_r1i1p1f1_ICTP_RegCM5-0_v1-r1_1hr_200703160100-200703170000.nc
clwvi_CSAM-3_ERA5_evaluation_r1i1p1f1_ICTP_RegCM5-0_v1-r1_1hr_200703170100-200703180000.nc
clwvi_CSAM-3_ERA5_evaluation_r1i1p1f1_ICTP_RegCM5-0_v1-r1_1hr_200703180100-200703190000.nc
clwvi_CSAM-3_ERA5_evaluation_r1i1p1f1_ICTP_RegCM5-0_v1-r1_1hr_200703190100-200703200000.nc
clwvi_CSAM-3_ERA5_evaluation_r1i1p1f1_ICTP_RegCM5-0_v1-r1_1hr_200703200100-200703210000.nc
clwvi_CSAM-3_ERA5_evaluation_r1i1p1f1_ICTP_RegCM5-0_v1-r1_1hr_200703210100-200703220000.nc
clwvi_CSAM-3_ERA5_evaluation_r1i1p1f1_ICTP_RegCM5-0_v1-r1_1hr_200703220100-200703230000.nc
clwvi_CSAM-3_ERA5_evaluation_r1i1p1f1_ICTP_RegCM5-0_v1-r1_1hr_200703230100-200703240000.nc
clwvi_CSAM-3_ERA5_evaluation_r1i1p1f1_ICTP_RegCM5-0_v1-r1_1hr_200703240100-200703250000.nc
clwvi_CSAM-3_ERA5_evaluation_r1i1p1f1_ICTP_RegCM5-0_v1-r1_1hr_200703250100-200703260000.nc
clwvi_CSAM-3_ERA5_evaluation_r1i1p1f1_ICTP_RegCM5-0_v1-r1_1hr_200703260100-200703270000.nc
clwvi_CSAM-3_ERA5_evaluation_r1i1p1f1_ICTP_RegCM5-0_v1-r1_1hr_200703270100-200703280000.nc
clwvi_CSAM-3_ERA5_evaluation_r1i1p1f1_ICTP_RegCM5-0_v1-r1_1hr_200703280100-200703290000.nc
clwvi_CSAM-3_ERA5_evaluation_r1i1p1f1_ICTP_RegCM5-0_v1-r1_1hr_200703290100-200703300000.nc
clwvi_CSAM-3_ERA5_evaluation_r1i1p1f1_ICTP_RegCM5-0_v1-r1_1hr_200703300100-200703310000.nc
clwvi_CSAM-3_ERA5_evaluation_r1i1p1f1_ICTP_RegCM5-0_v1-r1_1hr_200703310100-200704010000.nc
clwvi_CSAM-3_ERA5_evaluation_r1i1p1f1_ICTP_RegCM5-0_v1-r1_1hr_200704010100-200704020000.nc
clwvi_CSAM-3_ERA5_evaluation_r1i1p1f1_ICTP_RegCM5-0_v1-r1_1hr_200704020100-200704030000.nc
clwvi_CSAM-3_ERA5_evaluation_r1i1p1f1_ICTP_RegCM5-0_v1-r1_1hr_200704030100-200704040000.nc
clwvi_CSAM-3_ERA5_evaluation_r1i1p1f1_ICTP_RegCM5-0_v1-r1_1hr_200704040100-200704050000.nc
clwvi_CSAM-3_ERA5_evaluation_r1i1p1f1_ICTP_RegCM5-0_v1-r1_1hr_200704050100-200704060000.nc
clwvi_CSAM-3_ERA5_evaluation_r1i1p1f1_ICTP_RegCM5-0_v1-r1_1hr_200704060100-200704070000.nc
clwvi_CSAM-3_ERA5_evaluation_r1i1p1f1_ICTP_RegCM5-0_v1-r1_1hr_200704070100-200704080000.nc
clwvi_CSAM-3_ERA5_evaluation_r1i1p1f1_ICTP_RegCM5-0_v1-r1_1hr_200704080100-200704090000.nc
clwvi_CSAM-3_ERA5_evaluation_r1i1p1f1_ICTP_RegCM5-0_v1-r1_1hr_200704090100-200704100000.nc
clwvi_CSAM-3_ERA5_evaluation_r1i1p1f1_ICTP_RegCM5-0_v1-r1_1hr_200704100100-200704110000.nc
clwvi_CSAM-3_ERA5_evaluation_r1i1p1f1_ICTP_RegCM5-0_v1-r1_1hr_200704110100-200704120000.nc
clwvi_CSAM-3_ERA5_evaluation_r1i1p1f1_ICTP_RegCM5-0_v1-r1_1hr_200704120100-200704130000.nc
clwvi_CSAM-3_ERA5_evaluation_r1i1p1f1_ICTP_RegCM5-0_v1-r1_1hr_200704130100-200704140000.nc
clwvi_CSAM-3_ERA5_evaluation_r1i1p1f1_ICTP_RegCM5-0_v1-r1_1hr_200704140100-200704150000.nc
clwvi_CSAM-3_ERA5_evaluation_r1i1p1f1_ICTP_RegCM5-0_v1-r1_1hr_200704150100-200704160000.nc
clwvi_CSAM-3_ERA5_evaluation_r1i1p1f1_ICTP_RegCM5-0_v1-r1_1hr_200704160100-200704170000.nc
clwvi_CSAM-3_ERA5_evaluation_r1i1p1f1_ICTP_RegCM5-0_v1-r1_1hr_200704170100-200704180000.nc
clwvi_CSAM-3_ERA5_evaluation_r1i1p1f1_ICTP_RegCM5-0_v1-r1_1hr_200704180100-200704190000.nc
clwvi_CSAM-3_ERA5_evaluation_r1i1p1f1_ICTP_RegCM5-0_v1-r1_1hr_200704190100-200704200000.nc
clwvi_CSAM-3_ERA5_evaluation_r1i1p1f1_ICTP_RegCM5-0_v1-r1_1hr_200704200100-200704210000.nc
clwvi_CSAM-3_ERA5_evaluation_r1i1p1f1_ICTP_RegCM5-0_v1-r1_1hr_200704210100-200704220000.nc
clwvi_CSAM-3_ERA5_evaluation_r1i1p1f1_ICTP_RegCM5-0_v1-r1_1hr_200704220100-200704230000.nc
clwvi_CSAM-3_ERA5_evaluation_r1i1p1f1_ICTP_RegCM5-0_v1-r1_1hr_200704230100-200704240000.nc
clwvi_CSAM-3_ERA5_evaluation_r1i1p1f1_ICTP_RegCM5-0_v1-r1_1hr_200704240100-200704250000.nc
clwvi_CSAM-3_ERA5_evaluation_r1i1p1f1_ICTP_RegCM5-0_v1-r1_1hr_200704250100-200704260000.nc
clwvi_CSAM-3_ERA5_evaluation_r1i1p1f1_ICTP_RegCM5-0_v1-r1_1hr_200704260100-200704270000.nc
clwvi_CSAM-3_ERA5_evaluation_r1i1p1f1_ICTP_RegCM5-0_v1-r1_1hr_200704270100-200704280000.nc
clwvi_CSAM-3_ERA5_evaluation_r1i1p1f1_ICTP_RegCM5-0_v1-r1_1hr_200704280100-200704290000.nc
clwvi_CSAM-3_ERA5_evaluation_r1i1p1f1_ICTP_RegCM5-0_v1-r1_1hr_200704290100-200704300000.nc
clwvi_CSAM-3_ERA5_evaluation_r1i1p1f1_ICTP_RegCM5-0_v1-r1_1hr_200704300100-200705010000.nc
clwvi_CSAM-3_ERA5_evaluation_r1i1p1f1_ICTP_RegCM5-0_v1-r1_1hr_200705010100-200705020000.nc
clwvi_CSAM-3_ERA5_evaluation_r1i1p1f1_ICTP_RegCM5-0_v1-r1_1hr_200705020100-200705030000.nc
clwvi_CSAM-3_ERA5_evaluation_r1i1p1f1_ICTP_RegCM5-0_v1-r1_1hr_200705030100-200705040000.nc
clwvi_CSAM-3_ERA5_evaluation_r1i1p1f1_ICTP_RegCM5-0_v1-r1_1hr_200705040100-200705050000.nc
clwvi_CSAM-3_ERA5_evaluation_r1i1p1f1_ICTP_RegCM5-0_v1-r1_1hr_200705050100-200705060000.nc
clwvi_CSAM-3_ERA5_evaluation_r1i1p1f1_ICTP_RegCM5-0_v1-r1_1hr_200705060100-200705070000.nc
clwvi_CSAM-3_ERA5_evaluation_r1i1p1f1_ICTP_RegCM5-0_v1-r1_1hr_200705070100-200705080000.nc
clwvi_CSAM-3_ERA5_evaluation_r1i1p1f1_ICTP_RegCM5-0_v1-r1_1hr_200705080100-200705090000.nc
clwvi_CSAM-3_ERA5_evaluation_r1i1p1f1_ICTP_RegCM5-0_v1-r1_1hr_200705090100-200705100000.nc
clwvi_CSAM-3_ERA5_evaluation_r1i1p1f1_ICTP_RegCM5-0_v1-r1_1hr_200705100100-200705110000.nc
clwvi_CSAM-3_ERA5_evaluation_r1i1p1f1_ICTP_RegCM5-0_v1-r1_1hr_200705110100-200705120000.nc
clwvi_CSAM-3_ERA5_evaluation_r1i1p1f1_ICTP_RegCM5-0_v1-r1_1hr_200705120100-200705130000.nc
clwvi_CSAM-3_ERA5_evaluation_r1i1p1f1_ICTP_RegCM5-0_v1-r1_1hr_200705130100-200705140000.nc
clwvi_CSAM-3_ERA5_evaluation_r1i1p1f1_ICTP_RegCM5-0_v1-r1_1hr_200705140100-200705150000.nc
clwvi_CSAM-3_ERA5_evaluation_r1i1p1f1_ICTP_RegCM5-0_v1-r1_1hr_200705150100-200705160000.nc
clwvi_CSAM-3_ERA5_evaluation_r1i1p1f1_ICTP_RegCM5-0_v1-r1_1hr_200705160100-200705170000.nc
clwvi_CSAM-3_ERA5_evaluation_r1i1p1f1_ICTP_RegCM5-0_v1-r1_1hr_200705170100-200705180000.nc
clwvi_CSAM-3_ERA5_evaluation_r1i1p1f1_ICTP_RegCM5-0_v1-r1_1hr_200705180100-200705190000.nc
clwvi_CSAM-3_ERA5_evaluation_r1i1p1f1_ICTP_RegCM5-0_v1-r1_1hr_200705190100-200705200000.nc
clwvi_CSAM-3_ERA5_evaluation_r1i1p1f1_ICTP_RegCM5-0_v1-r1_1hr_200705200100-200705210000.nc
clwvi_CSAM-3_ERA5_evaluation_r1i1p1f1_ICTP_RegCM5-0_v1-r1_1hr_200705210100-200705220000.nc
clwvi_CSAM-3_ERA5_evaluation_r1i1p1f1_ICTP_RegCM5-0_v1-r1_1hr_200705220100-200705230000.nc
clwvi_CSAM-3_ERA5_evaluation_r1i1p1f1_ICTP_RegCM5-0_v1-r1_1hr_200705230100-200705240000.nc
clwvi_CSAM-3_ERA5_evaluation_r1i1p1f1_ICTP_RegCM5-0_v1-r1_1hr_200705240100-200705250000.nc
clwvi_CSAM-3_ERA5_evaluation_r1i1p1f1_ICTP_RegCM5-0_v1-r1_1hr_200705250100-200705260000.nc
clwvi_CSAM-3_ERA5_evaluation_r1i1p1f1_ICTP_RegCM5-0_v1-r1_1hr_200705260100-200705270000.nc
clwvi_CSAM-3_ERA5_evaluation_r1i1p1f1_ICTP_RegCM5-0_v1-r1_1hr_200705270100-200705280000.nc
clwvi_CSAM-3_ERA5_evaluation_r1i1p1f1_ICTP_RegCM5-0_v1-r1_1hr_200705280100-200705290000.nc
clwvi_CSAM-3_ERA5_evaluation_r1i1p1f1_ICTP_RegCM5-0_v1-r1_1hr_200705290100-200705300000.nc
clwvi_CSAM-3_ERA5_evaluation_r1i1p1f1_ICTP_RegCM5-0_v1-r1_1hr_200705300100-200705310000.nc
clwvi_CSAM-3_ERA5_evaluation_r1i1p1f1_ICTP_RegCM5-0_v1-r1_1hr_200705310100-200706010000.nc
clwvi_CSAM-3_ERA5_evaluation_r1i1p1f1_ICTP_RegCM5-0_v1-r1_1hr_200706010100-200706020000.nc
clwvi_CSAM-3_ERA5_evaluation_r1i1p1f1_ICTP_RegCM5-0_v1-r1_1hr_200706020100-200706030000.nc
clwvi_CSAM-3_ERA5_evaluation_r1i1p1f1_ICTP_RegCM5-0_v1-r1_1hr_200706030100-200706040000.nc
clwvi_CSAM-3_ERA5_evaluation_r1i1p1f1_ICTP_RegCM5-0_v1-r1_1hr_200706040100-200706050000.nc
clwvi_CSAM-3_ERA5_evaluation_r1i1p1f1_ICTP_RegCM5-0_v1-r1_1hr_200706050100-200706060000.nc
clwvi_CSAM-3_ERA5_evaluation_r1i1p1f1_ICTP_RegCM5-0_v1-r1_1hr_200706060100-200706070000.nc
clwvi_CSAM-3_ERA5_evaluation_r1i1p1f1_ICTP_RegCM5-0_v1-r1_1hr_200706070100-200706080000.nc
clwvi_CSAM-3_ERA5_evaluation_r1i1p1f1_ICTP_RegCM5-0_v1-r1_1hr_200706080100-200706090000.nc
clwvi_CSAM-3_ERA5_evaluation_r1i1p1f1_ICTP_RegCM5-0_v1-r1_1hr_200706090100-200706100000.nc
clwvi_CSAM-3_ERA5_evaluation_r1i1p1f1_ICTP_RegCM5-0_v1-r1_1hr_200706100100-200706110000.nc
clwvi_CSAM-3_ERA5_evaluation_r1i1p1f1_ICTP_RegCM5-0_v1-r1_1hr_200706110100-200706120000.nc
clwvi_CSAM-3_ERA5_evaluation_r1i1p1f1_ICTP_RegCM5-0_v1-r1_1hr_200706120100-200706130000.nc
clwvi_CSAM-3_ERA5_evaluation_r1i1p1f1_ICTP_RegCM5-0_v1-r1_1hr_200706130100-200706140000.nc
clwvi_CSAM-3_ERA5_evaluation_r1i1p1f1_ICTP_RegCM5-0_v1-r1_1hr_200706140100-200706150000.nc
clwvi_CSAM-3_ERA5_evaluation_r1i1p1f1_ICTP_RegCM5-0_v1-r1_1hr_200706150100-200706160000.nc
clwvi_CSAM-3_ERA5_evaluation_r1i1p1f1_ICTP_RegCM5-0_v1-r1_1hr_200706160100-200706170000.nc
clwvi_CSAM-3_ERA5_evaluation_r1i1p1f1_ICTP_RegCM5-0_v1-r1_1hr_200706170100-200706180000.nc
clwvi_CSAM-3_ERA5_evaluation_r1i1p1f1_ICTP_RegCM5-0_v1-r1_1hr_200706180100-200706190000.nc
clwvi_CSAM-3_ERA5_evaluation_r1i1p1f1_ICTP_RegCM5-0_v1-r1_1hr_200706190100-200706200000.nc
clwvi_CSAM-3_ERA5_evaluation_r1i1p1f1_ICTP_RegCM5-0_v1-r1_1hr_200706200100-200706210000.nc
clwvi_CSAM-3_ERA5_evaluation_r1i1p1f1_ICTP_RegCM5-0_v1-r1_1hr_200706210100-200706220000.nc
clwvi_CSAM-3_ERA5_evaluation_r1i1p1f1_ICTP_RegCM5-0_v1-r1_1hr_200706220100-200706230000.nc
clwvi_CSAM-3_ERA5_evaluation_r1i1p1f1_ICTP_RegCM5-0_v1-r1_1hr_200706230100-200706240000.nc
clwvi_CSAM-3_ERA5_evaluation_r1i1p1f1_ICTP_RegCM5-0_v1-r1_1hr_200706240100-200706250000.nc
clwvi_CSAM-3_ERA5_evaluation_r1i1p1f1_ICTP_RegCM5-0_v1-r1_1hr_200706250100-200706260000.nc
clwvi_CSAM-3_ERA5_evaluation_r1i1p1f1_ICTP_RegCM5-0_v1-r1_1hr_200706260100-200706270000.nc
clwvi_CSAM-3_ERA5_evaluation_r1i1p1f1_ICTP_RegCM5-0_v1-r1_1hr_200706270100-200706280000.nc
clwvi_CSAM-3_ERA5_evaluation_r1i1p1f1_ICTP_RegCM5-0_v1-r1_1hr_200706280100-200706290000.nc
clwvi_CSAM-3_ERA5_evaluation_r1i1p1f1_ICTP_RegCM5-0_v1-r1_1hr_200706290100-200706300000.nc
clwvi_CSAM-3_ERA5_evaluation_r1i1p1f1_ICTP_RegCM5-0_v1-r1_1hr_200706300100-200707010000.nc
clwvi_CSAM-3_ERA5_evaluation_r1i1p1f1_ICTP_RegCM5-0_v1-r1_1hr_200707010100-200707020000.nc
clwvi_CSAM-3_ERA5_evaluation_r1i1p1f1_ICTP_RegCM5-0_v1-r1_1hr_200707020100-200707030000.nc
clwvi_CSAM-3_ERA5_evaluation_r1i1p1f1_ICTP_RegCM5-0_v1-r1_1hr_200707030100-200707040000.nc
clwvi_CSAM-3_ERA5_evaluation_r1i1p1f1_ICTP_RegCM5-0_v1-r1_1hr_200707040100-200707050000.nc
clwvi_CSAM-3_ERA5_evaluation_r1i1p1f1_ICTP_RegCM5-0_v1-r1_1hr_200707050100-200707060000.nc
clwvi_CSAM-3_ERA5_evaluation_r1i1p1f1_ICTP_RegCM5-0_v1-r1_1hr_200707060100-200707070000.nc
clwvi_CSAM-3_ERA5_evaluation_r1i1p1f1_ICTP_RegCM5-0_v1-r1_1hr_200707070100-200707080000.nc
clwvi_CSAM-3_ERA5_evaluation_r1i1p1f1_ICTP_RegCM5-0_v1-r1_1hr_200707080100-200707090000.nc
clwvi_CSAM-3_ERA5_evaluation_r1i1p1f1_ICTP_RegCM5-0_v1-r1_1hr_200707090100-200707100000.nc
clwvi_CSAM-3_ERA5_evaluation_r1i1p1f1_ICTP_RegCM5-0_v1-r1_1hr_200707100100-200707110000.nc
clwvi_CSAM-3_ERA5_evaluation_r1i1p1f1_ICTP_RegCM5-0_v1-r1_1hr_200707110100-200707120000.nc
clwvi_CSAM-3_ERA5_evaluation_r1i1p1f1_ICTP_RegCM5-0_v1-r1_1hr_200707120100-200707130000.nc
clwvi_CSAM-3_ERA5_evaluation_r1i1p1f1_ICTP_RegCM5-0_v1-r1_1hr_200707130100-200707140000.nc
clwvi_CSAM-3_ERA5_evaluation_r1i1p1f1_ICTP_RegCM5-0_v1-r1_1hr_200707140100-200707150000.nc
clwvi_CSAM-3_ERA5_evaluation_r1i1p1f1_ICTP_RegCM5-0_v1-r1_1hr_200707150100-200707160000.nc
clwvi_CSAM-3_ERA5_evaluation_r1i1p1f1_ICTP_RegCM5-0_v1-r1_1hr_200707160100-200707170000.nc
clwvi_CSAM-3_ERA5_evaluation_r1i1p1f1_ICTP_RegCM5-0_v1-r1_1hr_200707170100-200707180000.nc
clwvi_CSAM-3_ERA5_evaluation_r1i1p1f1_ICTP_RegCM5-0_v1-r1_1hr_200707180100-200707190000.nc
clwvi_CSAM-3_ERA5_evaluation_r1i1p1f1_ICTP_RegCM5-0_v1-r1_1hr_200707190100-200707200000.nc
clwvi_CSAM-3_ERA5_evaluation_r1i1p1f1_ICTP_RegCM5-0_v1-r1_1hr_200707200100-200707210000.nc
clwvi_CSAM-3_ERA5_evaluation_r1i1p1f1_ICTP_RegCM5-0_v1-r1_1hr_200707210100-200707220000.nc
clwvi_CSAM-3_ERA5_evaluation_r1i1p1f1_ICTP_RegCM5-0_v1-r1_1hr_200707220100-200707230000.nc
clwvi_CSAM-3_ERA5_evaluation_r1i1p1f1_ICTP_RegCM5-0_v1-r1_1hr_200707230100-200707240000.nc
clwvi_CSAM-3_ERA5_evaluation_r1i1p1f1_ICTP_RegCM5-0_v1-r1_1hr_200707240100-200707250000.nc
clwvi_CSAM-3_ERA5_evaluation_r1i1p1f1_ICTP_RegCM5-0_v1-r1_1hr_200707250100-200707260000.nc
clwvi_CSAM-3_ERA5_evaluation_r1i1p1f1_ICTP_RegCM5-0_v1-r1_1hr_200707260100-200707270000.nc
clwvi_CSAM-3_ERA5_evaluation_r1i1p1f1_ICTP_RegCM5-0_v1-r1_1hr_200707270100-200707280000.nc
clwvi_CSAM-3_ERA5_evaluation_r1i1p1f1_ICTP_RegCM5-0_v1-r1_1hr_200707280100-200707290000.nc
clwvi_CSAM-3_ERA5_evaluation_r1i1p1f1_ICTP_RegCM5-0_v1-r1_1hr_200707290100-200707300000.nc
clwvi_CSAM-3_ERA5_evaluation_r1i1p1f1_ICTP_RegCM5-0_v1-r1_1hr_200707300100-200707310000.nc
clwvi_CSAM-3_ERA5_evaluation_r1i1p1f1_ICTP_RegCM5-0_v1-r1_1hr_200707310100-200708010000.nc
clwvi_CSAM-3_ERA5_evaluation_r1i1p1f1_ICTP_RegCM5-0_v1-r1_1hr_200708010100-200708020000.nc
clwvi_CSAM-3_ERA5_evaluation_r1i1p1f1_ICTP_RegCM5-0_v1-r1_1hr_200708020100-200708030000.nc
clwvi_CSAM-3_ERA5_evaluation_r1i1p1f1_ICTP_RegCM5-0_v1-r1_1hr_200708030100-200708040000.nc
clwvi_CSAM-3_ERA5_evaluation_r1i1p1f1_ICTP_RegCM5-0_v1-r1_1hr_200708040100-200708050000.nc
clwvi_CSAM-3_ERA5_evaluation_r1i1p1f1_ICTP_RegCM5-0_v1-r1_1hr_200708050100-200708060000.nc
clwvi_CSAM-3_ERA5_evaluation_r1i1p1f1_ICTP_RegCM5-0_v1-r1_1hr_200708060100-200708070000.nc
clwvi_CSAM-3_ERA5_evaluation_r1i1p1f1_ICTP_RegCM5-0_v1-r1_1hr_200708070100-200708080000.nc
clwvi_CSAM-3_ERA5_evaluation_r1i1p1f1_ICTP_RegCM5-0_v1-r1_1hr_200708080100-200708090000.nc
clwvi_CSAM-3_ERA5_evaluation_r1i1p1f1_ICTP_RegCM5-0_v1-r1_1hr_200708090100-200708100000.nc
clwvi_CSAM-3_ERA5_evaluation_r1i1p1f1_ICTP_RegCM5-0_v1-r1_1hr_200708100100-200708110000.nc
clwvi_CSAM-3_ERA5_evaluation_r1i1p1f1_ICTP_RegCM5-0_v1-r1_1hr_200708110100-200708120000.nc
clwvi_CSAM-3_ERA5_evaluation_r1i1p1f1_ICTP_RegCM5-0_v1-r1_1hr_200708120100-200708130000.nc
clwvi_CSAM-3_ERA5_evaluation_r1i1p1f1_ICTP_RegCM5-0_v1-r1_1hr_200708130100-200708140000.nc
clwvi_CSAM-3_ERA5_evaluation_r1i1p1f1_ICTP_RegCM5-0_v1-r1_1hr_200708140100-200708150000.nc
clwvi_CSAM-3_ERA5_evaluation_r1i1p1f1_ICTP_RegCM5-0_v1-r1_1hr_200708150100-200708160000.nc
clwvi_CSAM-3_ERA5_evaluation_r1i1p1f1_ICTP_RegCM5-0_v1-r1_1hr_200708160100-200708170000.nc
clwvi_CSAM-3_ERA5_evaluation_r1i1p1f1_ICTP_RegCM5-0_v1-r1_1hr_200708170100-200708180000.nc
clwvi_CSAM-3_ERA5_evaluation_r1i1p1f1_ICTP_RegCM5-0_v1-r1_1hr_200708180100-200708190000.nc
clwvi_CSAM-3_ERA5_evaluation_r1i1p1f1_ICTP_RegCM5-0_v1-r1_1hr_200708190100-200708200000.nc
clwvi_CSAM-3_ERA5_evaluation_r1i1p1f1_ICTP_RegCM5-0_v1-r1_1hr_200708200100-200708210000.nc
clwvi_CSAM-3_ERA5_evaluation_r1i1p1f1_ICTP_RegCM5-0_v1-r1_1hr_200708210100-200708220000.nc
clwvi_CSAM-3_ERA5_evaluation_r1i1p1f1_ICTP_RegCM5-0_v1-r1_1hr_200708220100-200708230000.nc
clwvi_CSAM-3_ERA5_evaluation_r1i1p1f1_ICTP_RegCM5-0_v1-r1_1hr_200708230100-200708240000.nc
clwvi_CSAM-3_ERA5_evaluation_r1i1p1f1_ICTP_RegCM5-0_v1-r1_1hr_200708240100-200708250000.nc
clwvi_CSAM-3_ERA5_evaluation_r1i1p1f1_ICTP_RegCM5-0_v1-r1_1hr_200708250100-200708260000.nc
clwvi_CSAM-3_ERA5_evaluation_r1i1p1f1_ICTP_RegCM5-0_v1-r1_1hr_200708260100-200708270000.nc
clwvi_CSAM-3_ERA5_evaluation_r1i1p1f1_ICTP_RegCM5-0_v1-r1_1hr_200708270100-200708280000.nc
clwvi_CSAM-3_ERA5_evaluation_r1i1p1f1_ICTP_RegCM5-0_v1-r1_1hr_200708280100-200708290000.nc
clwvi_CSAM-3_ERA5_evaluation_r1i1p1f1_ICTP_RegCM5-0_v1-r1_1hr_200708290100-200708300000.nc
clwvi_CSAM-3_ERA5_evaluation_r1i1p1f1_ICTP_RegCM5-0_v1-r1_1hr_200708300100-200708310000.nc
clwvi_CSAM-3_ERA5_evaluation_r1i1p1f1_ICTP_RegCM5-0_v1-r1_1hr_200708310100-200709010000.nc
clwvi_CSAM-3_ERA5_evaluation_r1i1p1f1_ICTP_RegCM5-0_v1-r1_1hr_200709010100-200709020000.nc
clwvi_CSAM-3_ERA5_evaluation_r1i1p1f1_ICTP_RegCM5-0_v1-r1_1hr_200709020100-200709030000.nc
clwvi_CSAM-3_ERA5_evaluation_r1i1p1f1_ICTP_RegCM5-0_v1-r1_1hr_200709030100-200709040000.nc
clwvi_CSAM-3_ERA5_evaluation_r1i1p1f1_ICTP_RegCM5-0_v1-r1_1hr_200709040100-200709050000.nc
clwvi_CSAM-3_ERA5_evaluation_r1i1p1f1_ICTP_RegCM5-0_v1-r1_1hr_200709050100-200709060000.nc
clwvi_CSAM-3_ERA5_evaluation_r1i1p1f1_ICTP_RegCM5-0_v1-r1_1hr_200709060100-200709070000.nc
clwvi_CSAM-3_ERA5_evaluation_r1i1p1f1_ICTP_RegCM5-0_v1-r1_1hr_200709070100-200709080000.nc
clwvi_CSAM-3_ERA5_evaluation_r1i1p1f1_ICTP_RegCM5-0_v1-r1_1hr_200709080100-200709090000.nc
clwvi_CSAM-3_ERA5_evaluation_r1i1p1f1_ICTP_RegCM5-0_v1-r1_1hr_200709090100-200709100000.nc
clwvi_CSAM-3_ERA5_evaluation_r1i1p1f1_ICTP_RegCM5-0_v1-r1_1hr_200709100100-200709110000.nc
clwvi_CSAM-3_ERA5_evaluation_r1i1p1f1_ICTP_RegCM5-0_v1-r1_1hr_200709110100-200709120000.nc
clwvi_CSAM-3_ERA5_evaluation_r1i1p1f1_ICTP_RegCM5-0_v1-r1_1hr_200709120100-200709130000.nc
clwvi_CSAM-3_ERA5_evaluation_r1i1p1f1_ICTP_RegCM5-0_v1-r1_1hr_200709130100-200709140000.nc
clwvi_CSAM-3_ERA5_evaluation_r1i1p1f1_ICTP_RegCM5-0_v1-r1_1hr_200709140100-200709150000.nc
clwvi_CSAM-3_ERA5_evaluation_r1i1p1f1_ICTP_RegCM5-0_v1-r1_1hr_200709150100-200709160000.nc
clwvi_CSAM-3_ERA5_evaluation_r1i1p1f1_ICTP_RegCM5-0_v1-r1_1hr_200709160100-200709170000.nc
clwvi_CSAM-3_ERA5_evaluation_r1i1p1f1_ICTP_RegCM5-0_v1-r1_1hr_200709170100-200709180000.nc
clwvi_CSAM-3_ERA5_evaluation_r1i1p1f1_ICTP_RegCM5-0_v1-r1_1hr_200709180100-200709190000.nc
clwvi_CSAM-3_ERA5_evaluation_r1i1p1f1_ICTP_RegCM5-0_v1-r1_1hr_200709190100-200709200000.nc
clwvi_CSAM-3_ERA5_evaluation_r1i1p1f1_ICTP_RegCM5-0_v1-r1_1hr_200709200100-200709210000.nc
clwvi_CSAM-3_ERA5_evaluation_r1i1p1f1_ICTP_RegCM5-0_v1-r1_1hr_200709210100-200709220000.nc
clwvi_CSAM-3_ERA5_evaluation_r1i1p1f1_ICTP_RegCM5-0_v1-r1_1hr_200709220100-200709230000.nc
clwvi_CSAM-3_ERA5_evaluation_r1i1p1f1_ICTP_RegCM5-0_v1-r1_1hr_200709230100-200709240000.nc
clwvi_CSAM-3_ERA5_evaluation_r1i1p1f1_ICTP_RegCM5-0_v1-r1_1hr_200709240100-200709250000.nc
clwvi_CSAM-3_ERA5_evaluation_r1i1p1f1_ICTP_RegCM5-0_v1-r1_1hr_200709250100-200709260000.nc
clwvi_CSAM-3_ERA5_evaluation_r1i1p1f1_ICTP_RegCM5-0_v1-r1_1hr_200709260100-200709270000.nc
clwvi_CSAM-3_ERA5_evaluation_r1i1p1f1_ICTP_RegCM5-0_v1-r1_1hr_200709270100-200709280000.nc
clwvi_CSAM-3_ERA5_evaluation_r1i1p1f1_ICTP_RegCM5-0_v1-r1_1hr_200709280100-200709290000.nc
clwvi_CSAM-3_ERA5_evaluation_r1i1p1f1_ICTP_RegCM5-0_v1-r1_1hr_200709290100-200709300000.nc
clwvi_CSAM-3_ERA5_evaluation_r1i1p1f1_ICTP_RegCM5-0_v1-r1_1hr_200709300100-200710010000.nc
clwvi_CSAM-3_ERA5_evaluation_r1i1p1f1_ICTP_RegCM5-0_v1-r1_1hr_200710010100-200710020000.nc
clwvi_CSAM-3_ERA5_evaluation_r1i1p1f1_ICTP_RegCM5-0_v1-r1_1hr_200710020100-200710030000.nc
clwvi_CSAM-3_ERA5_evaluation_r1i1p1f1_ICTP_RegCM5-0_v1-r1_1hr_200710030100-200710040000.nc
clwvi_CSAM-3_ERA5_evaluation_r1i1p1f1_ICTP_RegCM5-0_v1-r1_1hr_200710040100-200710050000.nc
clwvi_CSAM-3_ERA5_evaluation_r1i1p1f1_ICTP_RegCM5-0_v1-r1_1hr_200710050100-200710060000.nc
clwvi_CSAM-3_ERA5_evaluation_r1i1p1f1_ICTP_RegCM5-0_v1-r1_1hr_200710060100-200710070000.nc
clwvi_CSAM-3_ERA5_evaluation_r1i1p1f1_ICTP_RegCM5-0_v1-r1_1hr_200710070100-200710080000.nc
clwvi_CSAM-3_ERA5_evaluation_r1i1p1f1_ICTP_RegCM5-0_v1-r1_1hr_200710080100-200710090000.nc
clwvi_CSAM-3_ERA5_evaluation_r1i1p1f1_ICTP_RegCM5-0_v1-r1_1hr_200710090100-200710100000.nc
clwvi_CSAM-3_ERA5_evaluation_r1i1p1f1_ICTP_RegCM5-0_v1-r1_1hr_200710100100-200710110000.nc
clwvi_CSAM-3_ERA5_evaluation_r1i1p1f1_ICTP_RegCM5-0_v1-r1_1hr_200710110100-200710120000.nc
clwvi_CSAM-3_ERA5_evaluation_r1i1p1f1_ICTP_RegCM5-0_v1-r1_1hr_200710120100-200710130000.nc
clwvi_CSAM-3_ERA5_evaluation_r1i1p1f1_ICTP_RegCM5-0_v1-r1_1hr_200710130100-200710140000.nc
clwvi_CSAM-3_ERA5_evaluation_r1i1p1f1_ICTP_RegCM5-0_v1-r1_1hr_200710140100-200710150000.nc
clwvi_CSAM-3_ERA5_evaluation_r1i1p1f1_ICTP_RegCM5-0_v1-r1_1hr_200710150100-200710160000.nc
clwvi_CSAM-3_ERA5_evaluation_r1i1p1f1_ICTP_RegCM5-0_v1-r1_1hr_200710160100-200710170000.nc
clwvi_CSAM-3_ERA5_evaluation_r1i1p1f1_ICTP_RegCM5-0_v1-r1_1hr_200710170100-200710180000.nc
clwvi_CSAM-3_ERA5_evaluation_r1i1p1f1_ICTP_RegCM5-0_v1-r1_1hr_200710180100-200710190000.nc
clwvi_CSAM-3_ERA5_evaluation_r1i1p1f1_ICTP_RegCM5-0_v1-r1_1hr_200710190100-200710200000.nc
clwvi_CSAM-3_ERA5_evaluation_r1i1p1f1_ICTP_RegCM5-0_v1-r1_1hr_200710200100-200710210000.nc
clwvi_CSAM-3_ERA5_evaluation_r1i1p1f1_ICTP_RegCM5-0_v1-r1_1hr_200710210100-200710220000.nc
clwvi_CSAM-3_ERA5_evaluation_r1i1p1f1_ICTP_RegCM5-0_v1-r1_1hr_200710220100-200710230000.nc
clwvi_CSAM-3_ERA5_evaluation_r1i1p1f1_ICTP_RegCM5-0_v1-r1_1hr_200710230100-200710240000.nc
clwvi_CSAM-3_ERA5_evaluation_r1i1p1f1_ICTP_RegCM5-0_v1-r1_1hr_200710240100-200710250000.nc
clwvi_CSAM-3_ERA5_evaluation_r1i1p1f1_ICTP_RegCM5-0_v1-r1_1hr_200710250100-200710260000.nc
clwvi_CSAM-3_ERA5_evaluation_r1i1p1f1_ICTP_RegCM5-0_v1-r1_1hr_200710260100-200710270000.nc
clwvi_CSAM-3_ERA5_evaluation_r1i1p1f1_ICTP_RegCM5-0_v1-r1_1hr_200710270100-200710280000.nc
clwvi_CSAM-3_ERA5_evaluation_r1i1p1f1_ICTP_RegCM5-0_v1-r1_1hr_200710280100-200710290000.nc
clwvi_CSAM-3_ERA5_evaluation_r1i1p1f1_ICTP_RegCM5-0_v1-r1_1hr_200710290100-200710300000.nc
clwvi_CSAM-3_ERA5_evaluation_r1i1p1f1_ICTP_RegCM5-0_v1-r1_1hr_200710300100-200710310000.nc
clwvi_CSAM-3_ERA5_evaluation_r1i1p1f1_ICTP_RegCM5-0_v1-r1_1hr_200710310100-200711010000.nc
clwvi_CSAM-3_ERA5_evaluation_r1i1p1f1_ICTP_RegCM5-0_v1-r1_1hr_200711010100-200711020000.nc
clwvi_CSAM-3_ERA5_evaluation_r1i1p1f1_ICTP_RegCM5-0_v1-r1_1hr_200711020100-200711030000.nc
clwvi_CSAM-3_ERA5_evaluation_r1i1p1f1_ICTP_RegCM5-0_v1-r1_1hr_200711030100-200711040000.nc
clwvi_CSAM-3_ERA5_evaluation_r1i1p1f1_ICTP_RegCM5-0_v1-r1_1hr_200711040100-200711050000.nc
clwvi_CSAM-3_ERA5_evaluation_r1i1p1f1_ICTP_RegCM5-0_v1-r1_1hr_200711050100-200711060000.nc
clwvi_CSAM-3_ERA5_evaluation_r1i1p1f1_ICTP_RegCM5-0_v1-r1_1hr_200711060100-200711070000.nc
clwvi_CSAM-3_ERA5_evaluation_r1i1p1f1_ICTP_RegCM5-0_v1-r1_1hr_200711070100-200711080000.nc
clwvi_CSAM-3_ERA5_evaluation_r1i1p1f1_ICTP_RegCM5-0_v1-r1_1hr_200711080100-200711090000.nc
clwvi_CSAM-3_ERA5_evaluation_r1i1p1f1_ICTP_RegCM5-0_v1-r1_1hr_200711090100-200711100000.nc
clwvi_CSAM-3_ERA5_evaluation_r1i1p1f1_ICTP_RegCM5-0_v1-r1_1hr_200711100100-200711110000.nc
clwvi_CSAM-3_ERA5_evaluation_r1i1p1f1_ICTP_RegCM5-0_v1-r1_1hr_200711110100-200711120000.nc
clwvi_CSAM-3_ERA5_evaluation_r1i1p1f1_ICTP_RegCM5-0_v1-r1_1hr_200711120100-200711130000.nc
clwvi_CSAM-3_ERA5_evaluation_r1i1p1f1_ICTP_RegCM5-0_v1-r1_1hr_200711130100-200711140000.nc
clwvi_CSAM-3_ERA5_evaluation_r1i1p1f1_ICTP_RegCM5-0_v1-r1_1hr_200711140100-200711150000.nc
clwvi_CSAM-3_ERA5_evaluation_r1i1p1f1_ICTP_RegCM5-0_v1-r1_1hr_200711150100-200711160000.nc
clwvi_CSAM-3_ERA5_evaluation_r1i1p1f1_ICTP_RegCM5-0_v1-r1_1hr_200711160100-200711170000.nc
clwvi_CSAM-3_ERA5_evaluation_r1i1p1f1_ICTP_RegCM5-0_v1-r1_1hr_200711170100-200711180000.nc
clwvi_CSAM-3_ERA5_evaluation_r1i1p1f1_ICTP_RegCM5-0_v1-r1_1hr_200711180100-200711190000.nc
clwvi_CSAM-3_ERA5_evaluation_r1i1p1f1_ICTP_RegCM5-0_v1-r1_1hr_200711190100-200711200000.nc
clwvi_CSAM-3_ERA5_evaluation_r1i1p1f1_ICTP_RegCM5-0_v1-r1_1hr_200711200100-200711210000.nc
clwvi_CSAM-3_ERA5_evaluation_r1i1p1f1_ICTP_RegCM5-0_v1-r1_1hr_200711210100-200711220000.nc
clwvi_CSAM-3_ERA5_evaluation_r1i1p1f1_ICTP_RegCM5-0_v1-r1_1hr_200711220100-200711230000.nc
clwvi_CSAM-3_ERA5_evaluation_r1i1p1f1_ICTP_RegCM5-0_v1-r1_1hr_200711230100-200711240000.nc
clwvi_CSAM-3_ERA5_evaluation_r1i1p1f1_ICTP_RegCM5-0_v1-r1_1hr_200711240100-200711250000.nc
clwvi_CSAM-3_ERA5_evaluation_r1i1p1f1_ICTP_RegCM5-0_v1-r1_1hr_200711250100-200711260000.nc
clwvi_CSAM-3_ERA5_evaluation_r1i1p1f1_ICTP_RegCM5-0_v1-r1_1hr_200711260100-200711270000.nc
clwvi_CSAM-3_ERA5_evaluation_r1i1p1f1_ICTP_RegCM5-0_v1-r1_1hr_200711270100-200711280000.nc
clwvi_CSAM-3_ERA5_evaluation_r1i1p1f1_ICTP_RegCM5-0_v1-r1_1hr_200711280100-200711290000.nc
clwvi_CSAM-3_ERA5_evaluation_r1i1p1f1_ICTP_RegCM5-0_v1-r1_1hr_200711290100-200711300000.nc
clwvi_CSAM-3_ERA5_evaluation_r1i1p1f1_ICTP_RegCM5-0_v1-r1_1hr_200711300100-200712010000.nc
clwvi_CSAM-3_ERA5_evaluation_r1i1p1f1_ICTP_RegCM5-0_v1-r1_1hr_200712010100-200712020000.nc
clwvi_CSAM-3_ERA5_evaluation_r1i1p1f1_ICTP_RegCM5-0_v1-r1_1hr_200712020100-200712030000.nc
clwvi_CSAM-3_ERA5_evaluation_r1i1p1f1_ICTP_RegCM5-0_v1-r1_1hr_200712030100-200712040000.nc
clwvi_CSAM-3_ERA5_evaluation_r1i1p1f1_ICTP_RegCM5-0_v1-r1_1hr_200712040100-200712050000.nc
clwvi_CSAM-3_ERA5_evaluation_r1i1p1f1_ICTP_RegCM5-0_v1-r1_1hr_200712050100-200712060000.nc
clwvi_CSAM-3_ERA5_evaluation_r1i1p1f1_ICTP_RegCM5-0_v1-r1_1hr_200712060100-200712070000.nc
clwvi_CSAM-3_ERA5_evaluation_r1i1p1f1_ICTP_RegCM5-0_v1-r1_1hr_200712070100-200712080000.nc
clwvi_CSAM-3_ERA5_evaluation_r1i1p1f1_ICTP_RegCM5-0_v1-r1_1hr_200712080100-200712090000.nc
clwvi_CSAM-3_ERA5_evaluation_r1i1p1f1_ICTP_RegCM5-0_v1-r1_1hr_200712090100-200712100000.nc
clwvi_CSAM-3_ERA5_evaluation_r1i1p1f1_ICTP_RegCM5-0_v1-r1_1hr_200712100100-200712110000.nc
clwvi_CSAM-3_ERA5_evaluation_r1i1p1f1_ICTP_RegCM5-0_v1-r1_1hr_200712110100-200712120000.nc
clwvi_CSAM-3_ERA5_evaluation_r1i1p1f1_ICTP_RegCM5-0_v1-r1_1hr_200712120100-200712130000.nc
clwvi_CSAM-3_ERA5_evaluation_r1i1p1f1_ICTP_RegCM5-0_v1-r1_1hr_200712130100-200712140000.nc
clwvi_CSAM-3_ERA5_evaluation_r1i1p1f1_ICTP_RegCM5-0_v1-r1_1hr_200712140100-200712150000.nc
clwvi_CSAM-3_ERA5_evaluation_r1i1p1f1_ICTP_RegCM5-0_v1-r1_1hr_200712150100-200712160000.nc
clwvi_CSAM-3_ERA5_evaluation_r1i1p1f1_ICTP_RegCM5-0_v1-r1_1hr_200712160100-200712170000.nc
clwvi_CSAM-3_ERA5_evaluation_r1i1p1f1_ICTP_RegCM5-0_v1-r1_1hr_200712170100-200712180000.nc
clwvi_CSAM-3_ERA5_evaluation_r1i1p1f1_ICTP_RegCM5-0_v1-r1_1hr_200712180100-200712190000.nc
clwvi_CSAM-3_ERA5_evaluation_r1i1p1f1_ICTP_RegCM5-0_v1-r1_1hr_200712190100-200712200000.nc
clwvi_CSAM-3_ERA5_evaluation_r1i1p1f1_ICTP_RegCM5-0_v1-r1_1hr_200712200100-200712210000.nc
clwvi_CSAM-3_ERA5_evaluation_r1i1p1f1_ICTP_RegCM5-0_v1-r1_1hr_200712210100-200712220000.nc
clwvi_CSAM-3_ERA5_evaluation_r1i1p1f1_ICTP_RegCM5-0_v1-r1_1hr_200712220100-200712230000.nc
clwvi_CSAM-3_ERA5_evaluation_r1i1p1f1_ICTP_RegCM5-0_v1-r1_1hr_200712230100-200712240000.nc
clwvi_CSAM-3_ERA5_evaluation_r1i1p1f1_ICTP_RegCM5-0_v1-r1_1hr_200712240100-200712250000.nc
clwvi_CSAM-3_ERA5_evaluation_r1i1p1f1_ICTP_RegCM5-0_v1-r1_1hr_200712250100-200712260000.nc
clwvi_CSAM-3_ERA5_evaluation_r1i1p1f1_ICTP_RegCM5-0_v1-r1_1hr_200712260100-200712270000.nc
clwvi_CSAM-3_ERA5_evaluation_r1i1p1f1_ICTP_RegCM5-0_v1-r1_1hr_200712270100-200712280000.nc
clwvi_CSAM-3_ERA5_evaluation_r1i1p1f1_ICTP_RegCM5-0_v1-r1_1hr_200712280100-200712290000.nc
clwvi_CSAM-3_ERA5_evaluation_r1i1p1f1_ICTP_RegCM5-0_v1-r1_1hr_200712290100-200712300000.nc
clwvi_CSAM-3_ERA5_evaluation_r1i1p1f1_ICTP_RegCM5-0_v1-r1_1hr_200712300100-200712310000.nc
clwvi_CSAM-3_ERA5_evaluation_r1i1p1f1_ICTP_RegCM5-0_v1-r1_1hr_200712310100-200801010000.nc
